id,user_id,category_id,type,amount,note,occurred_on,created_at,wallet_id,to_wallet_id
0012c817-15d0-4159-a972-8675b9564c09,9bead5bd-27cc-4bce-b348-dfdfe52bbcfa,,transfer,9000.00,-,2025-11-22,2025-11-22 08:50:00+00,d6c2f9dc-62aa-4d66-ae36-b8dd7f048e9c,82d51ed1-5076-450e-8ae1-4bbe92cec701
0013f68b-4797-41fc-a7ae-f672317bb3f3,9bead5bd-27cc-4bce-b348-dfdfe52bbcfa,,transfer,83000.00,kereta,2025-10-10,2025-10-10 07:58:00+00,ef945642-f8b2-43e7-8f16-1dfdf9802e69,82d51ed1-5076-450e-8ae1-4bbe92cec701
00252244-e02d-4d54-89d1-53f5edbb516a,9bead5bd-27cc-4bce-b348-dfdfe52bbcfa,9e8d127f-fba2-437a-b77c-7f1f0074cf2a,expense,15000.00,-,2025-08-27,2025-08-27 18:46:00+00,ef0c2451-f7a3-483f-b498-009cff598508,
00e4bfc4-35aa-468a-ae31-a9d811abf324,9bead5bd-27cc-4bce-b348-dfdfe52bbcfa,9e8d127f-fba2-437a-b77c-7f1f0074cf2a,expense,24100.00,-,2025-05-20,2025-05-20 11:49:00+00,d6c2f9dc-62aa-4d66-ae36-b8dd7f048e9c,
0110b432-9980-4f9f-a1a2-06bbb7f0ab15,9bead5bd-27cc-4bce-b348-dfdfe52bbcfa,,income,10000.00,Penyesuaian Saldo Awal - Saham,2025-01-01,2025-01-01 00:00:00+00,4d401094-2758-4a23-b355-6f5250d51a16,
0129236f-d2c0-46a0-831a-6a92f29e119d,9bead5bd-27cc-4bce-b348-dfdfe52bbcfa,,transfer,100000.00,-,2025-02-15,2025-02-15 16:45:00+00,ef0c2451-f7a3-483f-b498-009cff598508,1b52f4eb-1774-4bbf-9d75-2f22061418c0
01321889-d2d1-46a8-9121-040bf6a216e5,9bead5bd-27cc-4bce-b348-dfdfe52bbcfa,,transfer,757045.00,,2026-01-31,2026-01-31 07:47:00+00,8d5cd0ca-c9ea-4d7b-b428-4a0dedc8d833,5d613a77-a05e-464c-ae45-0d5540681ac7
01552cfb-9dad-4a7a-b0d4-596dfa9a392e,9bead5bd-27cc-4bce-b348-dfdfe52bbcfa,c363bb9a-e1c1-4485-a21b-d5cb69be8ac5,expense,50000.00,,2026-01-02,2026-01-02 06:56:00+00,1b52f4eb-1774-4bbf-9d75-2f22061418c0,
016c950b-16ad-4ec8-9e2d-1cc937b579e5,9bead5bd-27cc-4bce-b348-dfdfe52bbcfa,9e8d127f-fba2-437a-b77c-7f1f0074cf2a,expense,15000.00,-,2025-07-11,2025-07-11 22:31:00+00,1b52f4eb-1774-4bbf-9d75-2f22061418c0,
01749c59-f23d-4eaf-8be5-df8b1ceec935,9bead5bd-27cc-4bce-b348-dfdfe52bbcfa,c2fa641c-c10c-46ea-a69b-e2e8fab6d2ef,expense,15000.00,-,2025-07-14,2025-07-14 18:23:00+00,1db96cc4-753b-4ea9-bdf5-9cf9c71fb00b,
0189caf9-2c56-4c09-9787-bd29448b03d9,9bead5bd-27cc-4bce-b348-dfdfe52bbcfa,73a6b95b-efdb-4afd-bda5-2a6aedd82af4,expense,77530.00,,2026-02-13,2026-02-13 20:48:00+00,d6c2f9dc-62aa-4d66-ae36-b8dd7f048e9c,
019404fa-5bdd-4560-8f96-c302e9d37255,9bead5bd-27cc-4bce-b348-dfdfe52bbcfa,417ffb54-8c5d-49a6-90bd-9748bb065b43,expense,17900.00,,2026-06-15,2026-06-15 08:24:00+00,ef0c2451-f7a3-483f-b498-009cff598508,
01a6bbf0-0110-490a-ac7b-42de5ced8d60,9bead5bd-27cc-4bce-b348-dfdfe52bbcfa,9e8d127f-fba2-437a-b77c-7f1f0074cf2a,expense,13700.00,-,2025-11-10,2025-11-10 12:29:00+00,ef0c2451-f7a3-483f-b498-009cff598508,
01f67ea1-d3fd-4161-9d69-80bf09cdf69f,9bead5bd-27cc-4bce-b348-dfdfe52bbcfa,,transfer,17000.00,-,2025-07-26,2025-07-26 21:00:00+00,ef0c2451-f7a3-483f-b498-009cff598508,82d51ed1-5076-450e-8ae1-4bbe92cec701
01fd719e-0274-44f1-9031-a1d4f3647eb9,9bead5bd-27cc-4bce-b348-dfdfe52bbcfa,9e8d127f-fba2-437a-b77c-7f1f0074cf2a,expense,30000.00,-,2025-12-01,2025-12-01 12:30:00+00,5d613a77-a05e-464c-ae45-0d5540681ac7,
020a7d2d-819f-47be-9ce6-d9a7736335bb,9bead5bd-27cc-4bce-b348-dfdfe52bbcfa,ef5c334f-9678-43a1-a24d-06ddf2ae4336,income,25000.00,-,2025-08-20,2025-08-20 11:51:00+00,1b52f4eb-1774-4bbf-9d75-2f22061418c0,
0213e8dd-2f55-484b-862d-b57bfc855a00,9bead5bd-27cc-4bce-b348-dfdfe52bbcfa,,transfer,83000.00,-,2025-10-15,2025-10-15 19:05:00+00,82d51ed1-5076-450e-8ae1-4bbe92cec701,d6c2f9dc-62aa-4d66-ae36-b8dd7f048e9c
02413c64-8cf2-4e3e-9161-46aaf04c56cd,9bead5bd-27cc-4bce-b348-dfdfe52bbcfa,9e8d127f-fba2-437a-b77c-7f1f0074cf2a,expense,14000.00,-,2025-05-11,2025-05-11 16:26:00+00,1b52f4eb-1774-4bbf-9d75-2f22061418c0,
0289d120-c23a-4ac7-8607-ebc4cf8a7fa4,9bead5bd-27cc-4bce-b348-dfdfe52bbcfa,9e8d127f-fba2-437a-b77c-7f1f0074cf2a,expense,14000.00,-,2025-02-24,2025-02-24 08:08:00+00,1b52f4eb-1774-4bbf-9d75-2f22061418c0,
02950b10-bce6-4f92-850d-e8c960b516cc,9bead5bd-27cc-4bce-b348-dfdfe52bbcfa,ef5c334f-9678-43a1-a24d-06ddf2ae4336,expense,2700.00,Koreksi saldo,2026-06-13,2026-06-13 14:22:39+00,ef945642-f8b2-43e7-8f16-1dfdf9802e69,
02b681b4-1822-42eb-9267-39139540a351,9bead5bd-27cc-4bce-b348-dfdfe52bbcfa,9e8d127f-fba2-437a-b77c-7f1f0074cf2a,expense,20000.00,,2026-03-12,2026-03-12 17:47:00+00,ef0c2451-f7a3-483f-b498-009cff598508,
02d0315a-7a57-402f-a690-a52fb102af79,9bead5bd-27cc-4bce-b348-dfdfe52bbcfa,9e8d127f-fba2-437a-b77c-7f1f0074cf2a,expense,14000.00,-,2025-11-03,2025-11-03 19:09:00+00,d6c2f9dc-62aa-4d66-ae36-b8dd7f048e9c,
02e733fc-a5de-48de-8e6a-9d8e22bd22a9,9bead5bd-27cc-4bce-b348-dfdfe52bbcfa,9eb96490-908d-4d01-bf88-5590e81f2e65,income,30000.00,-,2025-02-15,2025-02-15 08:48:00+00,ef0c2451-f7a3-483f-b498-009cff598508,
02f351a4-5b88-42aa-bdfe-6920c0d2f3e6,9bead5bd-27cc-4bce-b348-dfdfe52bbcfa,,transfer,15000.00,-,2025-08-28,2025-08-28 18:32:00+00,1b52f4eb-1774-4bbf-9d75-2f22061418c0,82d51ed1-5076-450e-8ae1-4bbe92cec701
02fa43cd-dff3-418a-bcb9-b494e83b780d,9bead5bd-27cc-4bce-b348-dfdfe52bbcfa,a95286ad-558f-456c-a43e-791b6bee7426,expense,16000.00,cafe,2025-05-14,2025-05-14 20:53:00+00,ef0c2451-f7a3-483f-b498-009cff598508,
034eb496-7759-4631-af0b-7029b792271b,9bead5bd-27cc-4bce-b348-dfdfe52bbcfa,3d15abb3-b62b-4772-b093-5880019049e3,expense,11400.00,,2026-02-05,2026-02-05 18:49:00+00,ef0c2451-f7a3-483f-b498-009cff598508,
034fa720-87eb-4021-b738-a53f9c686a8f,9bead5bd-27cc-4bce-b348-dfdfe52bbcfa,04bbb778-c16c-48b3-86d6-e5bceea67e4d,expense,10458.00,,2026-04-04,2026-04-04 18:44:00+00,ef0c2451-f7a3-483f-b498-009cff598508,
03a59fb8-34a7-4d4d-b56c-b729fe756479,9bead5bd-27cc-4bce-b348-dfdfe52bbcfa,c363bb9a-e1c1-4485-a21b-d5cb69be8ac5,expense,25000.00,-,2025-11-21,2025-11-21 20:50:00+00,82d51ed1-5076-450e-8ae1-4bbe92cec701,
03af3b54-3b9b-4557-9ed1-e7fd2b5b4972,9bead5bd-27cc-4bce-b348-dfdfe52bbcfa,,transfer,96900.00,-,2025-04-08,2025-04-08 10:15:00+00,d6c2f9dc-62aa-4d66-ae36-b8dd7f048e9c,1b52f4eb-1774-4bbf-9d75-2f22061418c0
03e84a93-d25f-4aa4-ae65-01eaca93082b,9bead5bd-27cc-4bce-b348-dfdfe52bbcfa,,transfer,200000.00,-,2025-09-05,2025-09-05 20:48:00+00,ef0c2451-f7a3-483f-b498-009cff598508,1b52f4eb-1774-4bbf-9d75-2f22061418c0
0402834f-4374-4111-912f-970f4485baf0,9bead5bd-27cc-4bce-b348-dfdfe52bbcfa,a95286ad-558f-456c-a43e-791b6bee7426,expense,30000.00,surat - ijen,2026-06-28,2026-06-28 18:35:00+00,1b52f4eb-1774-4bbf-9d75-2f22061418c0,
0419a0ae-1702-4276-8492-999444c80094,9bead5bd-27cc-4bce-b348-dfdfe52bbcfa,3dfd2937-650e-4dfa-aa82-1532855306a0,expense,10000.00,-,2025-02-11,2025-02-11 17:43:00+00,1b52f4eb-1774-4bbf-9d75-2f22061418c0,
041c3689-c97a-4233-9094-463e38dd2889,9bead5bd-27cc-4bce-b348-dfdfe52bbcfa,ef5c334f-9678-43a1-a24d-06ddf2ae4336,expense,19500.00,-,2025-09-23,2025-09-23 11:44:00+00,82d51ed1-5076-450e-8ae1-4bbe92cec701,
04378f20-9a61-47a0-9a4f-512107437c3c,9bead5bd-27cc-4bce-b348-dfdfe52bbcfa,ef5c334f-9678-43a1-a24d-06ddf2ae4336,expense,10000.00,,2026-05-24,2026-05-24 18:07:00+00,1b52f4eb-1774-4bbf-9d75-2f22061418c0,
045c3149-b389-4294-a0dd-85adb8d28d3c,9bead5bd-27cc-4bce-b348-dfdfe52bbcfa,9e8d127f-fba2-437a-b77c-7f1f0074cf2a,expense,12043.00,-,2025-07-21,2025-07-21 08:39:00+00,d6c2f9dc-62aa-4d66-ae36-b8dd7f048e9c,
045f5d3c-ba2c-4937-b382-a5d74495c437,9bead5bd-27cc-4bce-b348-dfdfe52bbcfa,c2fa641c-c10c-46ea-a69b-e2e8fab6d2ef,expense,15000.00,,2026-04-28,2026-04-28 11:28:00+00,ef0c2451-f7a3-483f-b498-009cff598508,
045fa626-891c-4d0f-8f90-f15e2fd2122c,9bead5bd-27cc-4bce-b348-dfdfe52bbcfa,c363bb9a-e1c1-4485-a21b-d5cb69be8ac5,expense,50000.00,-,2025-06-25,2025-06-25 14:08:00+00,1b52f4eb-1774-4bbf-9d75-2f22061418c0,
04c0672e-ef5e-4333-a429-75dd762aae7c,9bead5bd-27cc-4bce-b348-dfdfe52bbcfa,9e8d127f-fba2-437a-b77c-7f1f0074cf2a,expense,20000.00,,2026-01-13,2026-01-13 19:34:00+00,5d613a77-a05e-464c-ae45-0d5540681ac7,
04c1b22a-3238-4333-aee5-be85b6e0e03e,9bead5bd-27cc-4bce-b348-dfdfe52bbcfa,94c7c221-c74d-4a89-a0ee-3c71a8260ac6,expense,2000.00,,2026-03-10,2026-03-10 20:34:00+00,1b52f4eb-1774-4bbf-9d75-2f22061418c0,
04dfd5c2-1d7f-47fc-a597-c21809d3324e,9bead5bd-27cc-4bce-b348-dfdfe52bbcfa,9e8d127f-fba2-437a-b77c-7f1f0074cf2a,expense,12000.00,-,2025-12-03,2025-12-03 09:48:00+00,ef0c2451-f7a3-483f-b498-009cff598508,
0510c728-380a-4858-abba-cea50a41be2f,9bead5bd-27cc-4bce-b348-dfdfe52bbcfa,c363bb9a-e1c1-4485-a21b-d5cb69be8ac5,expense,50000.00,,2026-04-11,2026-04-11 10:05:00+00,1b52f4eb-1774-4bbf-9d75-2f22061418c0,
0533c02e-548b-47be-b054-649f825f9dd5,9bead5bd-27cc-4bce-b348-dfdfe52bbcfa,9e8d127f-fba2-437a-b77c-7f1f0074cf2a,expense,15460.00,,2026-02-07,2026-02-07 17:21:00+00,d6c2f9dc-62aa-4d66-ae36-b8dd7f048e9c,
053a1f64-1caa-4c66-a271-9c017c106dbd,9bead5bd-27cc-4bce-b348-dfdfe52bbcfa,9e8d127f-fba2-437a-b77c-7f1f0074cf2a,expense,78600.00,,2026-08-06,2026-08-06 08:17:00+00,ef945642-f8b2-43e7-8f16-1dfdf9802e69,
0544b5af-cbe8-4c6c-af92-bc0061b451f3,9bead5bd-27cc-4bce-b348-dfdfe52bbcfa,3c5231bc-d29d-4b03-991b-b59211c737f2,expense,8750000.00,ip 13,2025-02-11,2025-02-11 18:09:00+00,c2b7adda-52b3-4d0f-949b-8c8f2930f6b0,
054dc701-d23c-45ae-a609-50d61ebcc5a8,9bead5bd-27cc-4bce-b348-dfdfe52bbcfa,c2fa641c-c10c-46ea-a69b-e2e8fab6d2ef,expense,17000.00,-,2025-04-03,2025-04-03 18:32:00+00,1db96cc4-753b-4ea9-bdf5-9cf9c71fb00b,
05953321-7f74-4732-89b6-c6d212580424,9bead5bd-27cc-4bce-b348-dfdfe52bbcfa,,transfer,250000.00,,2026-02-18,2026-02-18 22:12:00+00,5d613a77-a05e-464c-ae45-0d5540681ac7,ef0c2451-f7a3-483f-b498-009cff598508
059d71f9-b3be-4638-b85a-7b50848e9e0e,9bead5bd-27cc-4bce-b348-dfdfe52bbcfa,9e8d127f-fba2-437a-b77c-7f1f0074cf2a,expense,20500.00,,2026-06-09,2026-06-09 18:43:00+00,d6c2f9dc-62aa-4d66-ae36-b8dd7f048e9c,
05a29965-9174-418c-a5b4-28cfc0c7c05c,9bead5bd-27cc-4bce-b348-dfdfe52bbcfa,9e8d127f-fba2-437a-b77c-7f1f0074cf2a,expense,10500.00,,2026-01-15,2026-01-15 12:57:00+00,ef0c2451-f7a3-483f-b498-009cff598508,
05a7675a-a489-45a6-8e84-1aa78e8745dd,9bead5bd-27cc-4bce-b348-dfdfe52bbcfa,04bbb778-c16c-48b3-86d6-e5bceea67e4d,expense,18000.00,-,2025-07-11,2025-07-11 22:31:00+00,ef0c2451-f7a3-483f-b498-009cff598508,
05c32cc8-e82a-456a-8487-a589f253cf6c,9bead5bd-27cc-4bce-b348-dfdfe52bbcfa,e53b2a49-3ff8-4f1c-b16f-7e4eb7057130,expense,2000.00,,2026-08-24,2026-08-24 13:00:00+00,1b52f4eb-1774-4bbf-9d75-2f22061418c0,
05c858e0-795d-4814-a6da-a761c25a4ffe,9bead5bd-27cc-4bce-b348-dfdfe52bbcfa,9e8d127f-fba2-437a-b77c-7f1f0074cf2a,expense,24000.00,,2026-05-13,2026-05-13 18:23:00+00,ef0c2451-f7a3-483f-b498-009cff598508,
05d75281-5652-4ca7-9e8c-8206d01f315b,9bead5bd-27cc-4bce-b348-dfdfe52bbcfa,9e8d127f-fba2-437a-b77c-7f1f0074cf2a,expense,24000.00,,2026-03-16,2026-03-16 18:09:00+00,ef0c2451-f7a3-483f-b498-009cff598508,
05d8fde8-63b6-480e-a400-1f7b0fefa7b6,9bead5bd-27cc-4bce-b348-dfdfe52bbcfa,e53b2a49-3ff8-4f1c-b16f-7e4eb7057130,expense,2000.00,parkir,2025-01-02,2025-01-02 10:00:00+00,1b52f4eb-1774-4bbf-9d75-2f22061418c0,
05f3009c-e252-4ef9-969a-3cabc08b7a33,9bead5bd-27cc-4bce-b348-dfdfe52bbcfa,9e8d127f-fba2-437a-b77c-7f1f0074cf2a,expense,14000.00,-,2025-02-21,2025-02-21 17:52:00+00,1b52f4eb-1774-4bbf-9d75-2f22061418c0,
0643e460-7ab0-4f06-96f4-a807ecb99c5f,9bead5bd-27cc-4bce-b348-dfdfe52bbcfa,,transfer,450000.00,,2026-06-26,2026-06-26 08:36:00+00,82d51ed1-5076-450e-8ae1-4bbe92cec701,d6c2f9dc-62aa-4d66-ae36-b8dd7f048e9c
066f70cb-3579-4df7-9989-3a03ed8c4289,9bead5bd-27cc-4bce-b348-dfdfe52bbcfa,9e8d127f-fba2-437a-b77c-7f1f0074cf2a,expense,14000.00,-,2025-01-23,2025-01-23 15:09:00+00,1db96cc4-753b-4ea9-bdf5-9cf9c71fb00b,
069194d9-5cf4-479c-b298-8b5c769efc90,9bead5bd-27cc-4bce-b348-dfdfe52bbcfa,,transfer,1155000.00,-,2025-05-15,2025-05-15 08:03:00+00,ef0c2451-f7a3-483f-b498-009cff598508,1db96cc4-753b-4ea9-bdf5-9cf9c71fb00b
0693e766-8c20-4509-b88c-043b712b930d,9bead5bd-27cc-4bce-b348-dfdfe52bbcfa,e66badba-dce0-4403-80cf-760a4f913399,expense,950.00,-,2025-07-17,2025-07-17 20:57:00+00,d6c2f9dc-62aa-4d66-ae36-b8dd7f048e9c,
06acc53d-3a11-4fc3-891b-8da4c4107879,9bead5bd-27cc-4bce-b348-dfdfe52bbcfa,,transfer,22000.00,,2026-01-04,2026-01-04 12:48:00+00,ef0c2451-f7a3-483f-b498-009cff598508,82d51ed1-5076-450e-8ae1-4bbe92cec701
06db4da8-4ab2-4d0e-b800-fd32270d6c19,9bead5bd-27cc-4bce-b348-dfdfe52bbcfa,9e8d127f-fba2-437a-b77c-7f1f0074cf2a,expense,15940.00,,2026-05-13,2026-05-13 06:01:00+00,d6c2f9dc-62aa-4d66-ae36-b8dd7f048e9c,
06e65a2e-d498-434c-b984-fcd9e0f77319,9bead5bd-27cc-4bce-b348-dfdfe52bbcfa,3d15abb3-b62b-4772-b093-5880019049e3,expense,13700.00,,2026-02-11,2026-02-11 17:24:00+00,ef0c2451-f7a3-483f-b498-009cff598508,
06f44ab6-7bca-49aa-8aac-93e7e842a79c,9bead5bd-27cc-4bce-b348-dfdfe52bbcfa,89af7f66-fcf6-4ede-85ce-97818d8ee5e5,expense,16000.00,deodorant,2025-09-05,2025-09-05 12:53:00+00,1b52f4eb-1774-4bbf-9d75-2f22061418c0,
06f67f65-aed6-496a-ae40-28c104eebfe2,9bead5bd-27cc-4bce-b348-dfdfe52bbcfa,,transfer,50000.00,-,2025-04-10,2025-04-10 07:15:00+00,ef0c2451-f7a3-483f-b498-009cff598508,1b52f4eb-1774-4bbf-9d75-2f22061418c0
06f949d1-09db-4fad-a638-1dced04feab9,9bead5bd-27cc-4bce-b348-dfdfe52bbcfa,9e8d127f-fba2-437a-b77c-7f1f0074cf2a,expense,15000.00,-,2025-03-09,2025-03-09 19:11:00+00,1b52f4eb-1774-4bbf-9d75-2f22061418c0,
0726bd34-09b0-4b74-88dd-c97e134df3e3,9bead5bd-27cc-4bce-b348-dfdfe52bbcfa,,transfer,26000.00,,2026-01-21,2026-01-21 19:02:00+00,ef0c2451-f7a3-483f-b498-009cff598508,1b52f4eb-1774-4bbf-9d75-2f22061418c0
0729df6e-e11b-4082-afa5-3b635827da59,9bead5bd-27cc-4bce-b348-dfdfe52bbcfa,04d94b74-503f-4e20-b426-649acd17779d,expense,119996.00,,2026-03-03,2026-03-03 20:45:00+00,ef0c2451-f7a3-483f-b498-009cff598508,
075fa4e8-759d-4d9b-97dd-927578e59e66,9bead5bd-27cc-4bce-b348-dfdfe52bbcfa,8c36b2da-48c2-4bd2-8df4-c1b94780d823,expense,88000.00,merbabu,2025-04-25,2025-04-25 17:21:00+00,ef0c2451-f7a3-483f-b498-009cff598508,
07907dbb-84a9-4386-8244-f15ab6297619,9bead5bd-27cc-4bce-b348-dfdfe52bbcfa,,transfer,20000.00,-,2025-11-18,2025-11-18 06:54:00+00,ef945642-f8b2-43e7-8f16-1dfdf9802e69,d6c2f9dc-62aa-4d66-ae36-b8dd7f048e9c
07b7693a-82bd-4dd9-918c-bc343528eb28,9bead5bd-27cc-4bce-b348-dfdfe52bbcfa,c363bb9a-e1c1-4485-a21b-d5cb69be8ac5,expense,50000.00,-,2025-09-22,2025-09-22 11:41:00+00,1b52f4eb-1774-4bbf-9d75-2f22061418c0,
07be380b-86a4-4d73-9f8b-fb475aac3a12,9bead5bd-27cc-4bce-b348-dfdfe52bbcfa,06c4dac0-5cd5-43ae-aeab-bd0ac041116b,expense,15000.00,-,2025-12-23,2025-12-23 12:39:00+00,ef0c2451-f7a3-483f-b498-009cff598508,
07c84fd2-a09e-4675-84f3-d2479aad3622,9bead5bd-27cc-4bce-b348-dfdfe52bbcfa,9e8d127f-fba2-437a-b77c-7f1f0074cf2a,expense,18000.00,-,2025-11-25,2025-11-25 13:18:00+00,1b52f4eb-1774-4bbf-9d75-2f22061418c0,
07d05c8a-6b96-4d25-b1ba-fe1810cef942,9bead5bd-27cc-4bce-b348-dfdfe52bbcfa,ef5c334f-9678-43a1-a24d-06ddf2ae4336,expense,4000.00,-,2025-01-28,2025-01-28 08:05:00+00,1b52f4eb-1774-4bbf-9d75-2f22061418c0,
08109a58-8732-4c9c-9975-9ac9c7f4a545,9bead5bd-27cc-4bce-b348-dfdfe52bbcfa,9e8d127f-fba2-437a-b77c-7f1f0074cf2a,expense,25900.00,-,2025-05-19,2025-05-19 12:06:00+00,d6c2f9dc-62aa-4d66-ae36-b8dd7f048e9c,
081d471c-fc70-47b0-a66e-199ed9a9a658,9bead5bd-27cc-4bce-b348-dfdfe52bbcfa,c363bb9a-e1c1-4485-a21b-d5cb69be8ac5,expense,20000.00,,2026-02-28,2026-02-28 12:18:00+00,1b52f4eb-1774-4bbf-9d75-2f22061418c0,
08388126-ab6f-431f-8d9c-28d48237c7e9,9bead5bd-27cc-4bce-b348-dfdfe52bbcfa,,transfer,33000.00,-,2025-11-15,2025-11-15 12:13:00+00,ef945642-f8b2-43e7-8f16-1dfdf9802e69,82d51ed1-5076-450e-8ae1-4bbe92cec701
084aacc3-fc5e-4aaa-a7ce-c6357bdd7b29,9bead5bd-27cc-4bce-b348-dfdfe52bbcfa,,transfer,900000.00,,2026-03-23,2026-03-23 15:36:00+00,5d613a77-a05e-464c-ae45-0d5540681ac7,ef945642-f8b2-43e7-8f16-1dfdf9802e69
087451f7-b879-4bd8-b641-1c120b5abbbb,9bead5bd-27cc-4bce-b348-dfdfe52bbcfa,9e8d127f-fba2-437a-b77c-7f1f0074cf2a,expense,10000.00,,2026-03-02,2026-03-02 21:05:00+00,ef0c2451-f7a3-483f-b498-009cff598508,
08a919e6-caa1-47a6-836f-f638126ef300,9bead5bd-27cc-4bce-b348-dfdfe52bbcfa,e66badba-dce0-4403-80cf-760a4f913399,expense,1000.00,-,2025-04-24,2025-04-24 11:07:00+00,d6c2f9dc-62aa-4d66-ae36-b8dd7f048e9c,
08a945ef-1ee4-4546-810d-d2f01e741d4d,9bead5bd-27cc-4bce-b348-dfdfe52bbcfa,a729f02d-cd4d-4ee1-98fb-56147ad0f773,income,3507963.00,-,2025-11-21,2025-11-21 09:36:00+00,ef0c2451-f7a3-483f-b498-009cff598508,
08aadf3a-f4d7-4111-87f2-e0ddd5ea1e1b,9bead5bd-27cc-4bce-b348-dfdfe52bbcfa,9e8d127f-fba2-437a-b77c-7f1f0074cf2a,expense,10000.00,,2026-01-12,2026-01-12 12:59:00+00,ef0c2451-f7a3-483f-b498-009cff598508,
08c469af-f753-46e4-8d8f-c144a4b1acd0,9bead5bd-27cc-4bce-b348-dfdfe52bbcfa,,transfer,15000.00,-,2025-05-02,2025-05-02 20:38:00+00,ef0c2451-f7a3-483f-b498-009cff598508,4d401094-2758-4a23-b355-6f5250d51a16
08dcce39-9b13-4e76-84c0-ef015a97c82a,9bead5bd-27cc-4bce-b348-dfdfe52bbcfa,9e8d127f-fba2-437a-b77c-7f1f0074cf2a,expense,12000.00,,2026-04-13,2026-04-13 12:33:00+00,ef0c2451-f7a3-483f-b498-009cff598508,
0905d857-3116-4b26-b112-3c21f47fb128,9bead5bd-27cc-4bce-b348-dfdfe52bbcfa,9e8d127f-fba2-437a-b77c-7f1f0074cf2a,expense,17800.00,-,2025-02-06,2025-02-06 19:14:00+00,d6c2f9dc-62aa-4d66-ae36-b8dd7f048e9c,
0987908d-43cb-49d3-a133-aef039c9ee04,9bead5bd-27cc-4bce-b348-dfdfe52bbcfa,3d15abb3-b62b-4772-b093-5880019049e3,expense,22000.00,,2026-04-20,2026-04-20 18:34:00+00,1b52f4eb-1774-4bbf-9d75-2f22061418c0,
099b756a-29ca-4f5d-b63e-3886197d71c0,9bead5bd-27cc-4bce-b348-dfdfe52bbcfa,9e8d127f-fba2-437a-b77c-7f1f0074cf2a,expense,11000.00,-,2025-12-07,2025-12-07 10:14:00+00,ef0c2451-f7a3-483f-b498-009cff598508,
099dd6c4-e788-4d84-ae0f-0a36e844f567,9bead5bd-27cc-4bce-b348-dfdfe52bbcfa,,transfer,60000.00,,2026-06-28,2026-06-28 18:39:00+00,1b52f4eb-1774-4bbf-9d75-2f22061418c0,82d51ed1-5076-450e-8ae1-4bbe92cec701
09d91b23-d7de-4c46-b070-4168c3270a71,9bead5bd-27cc-4bce-b348-dfdfe52bbcfa,06c4dac0-5cd5-43ae-aeab-bd0ac041116b,expense,170350.00,,2026-08-26,2026-08-26 06:30:00+00,d6c2f9dc-62aa-4d66-ae36-b8dd7f048e9c,
0a03b84c-3a87-4fab-8ecc-91ec0d985be4,9bead5bd-27cc-4bce-b348-dfdfe52bbcfa,9e8d127f-fba2-437a-b77c-7f1f0074cf2a,expense,14000.00,-,2025-03-04,2025-03-04 19:38:00+00,1b52f4eb-1774-4bbf-9d75-2f22061418c0,
0a1e47d9-5ae0-4469-973a-4e5a4894fa02,9bead5bd-27cc-4bce-b348-dfdfe52bbcfa,06c4dac0-5cd5-43ae-aeab-bd0ac041116b,expense,2000.00,-,2025-02-25,2025-02-25 19:25:00+00,1b52f4eb-1774-4bbf-9d75-2f22061418c0,
0a7817da-0775-4a0b-9c91-c0ba69699eee,9bead5bd-27cc-4bce-b348-dfdfe52bbcfa,c7abc874-efb2-4281-a6cb-6f241da98254,income,5532.00,,2026-03-29,2026-03-29 14:59:00+00,5d613a77-a05e-464c-ae45-0d5540681ac7,
0a8a9749-cd62-4478-9ab0-9de700153a93,9bead5bd-27cc-4bce-b348-dfdfe52bbcfa,9e8d127f-fba2-437a-b77c-7f1f0074cf2a,expense,13000.00,,2026-01-25,2026-01-25 11:20:00+00,ef0c2451-f7a3-483f-b498-009cff598508,
0ac29c6e-2295-4f85-8bd7-66c2c9f5269a,9bead5bd-27cc-4bce-b348-dfdfe52bbcfa,,transfer,28000.00,-,2025-12-28,2025-12-28 22:19:00+00,8d5cd0ca-c9ea-4d7b-b428-4a0dedc8d833,ef0c2451-f7a3-483f-b498-009cff598508
0ad081e8-1662-4a83-8289-a90457bf1a87,9bead5bd-27cc-4bce-b348-dfdfe52bbcfa,,transfer,100000.00,,2026-04-03,2026-04-03 16:05:00+00,1b52f4eb-1774-4bbf-9d75-2f22061418c0,ef0c2451-f7a3-483f-b498-009cff598508
0ad37ee3-0baa-40d2-a9d6-a8695a08c3fd,9bead5bd-27cc-4bce-b348-dfdfe52bbcfa,9e8d127f-fba2-437a-b77c-7f1f0074cf2a,expense,14745.00,,2026-02-12,2026-02-12 17:42:00+00,ef0c2451-f7a3-483f-b498-009cff598508,
0b1c9447-7729-42dd-bd56-f3fdc71eb5cf,9bead5bd-27cc-4bce-b348-dfdfe52bbcfa,9eb96490-908d-4d01-bf88-5590e81f2e65,income,55000.00,pkm,2025-02-24,2025-02-24 18:44:00+00,1b52f4eb-1774-4bbf-9d75-2f22061418c0,
0b34a476-747b-456a-b049-322b64804644,9bead5bd-27cc-4bce-b348-dfdfe52bbcfa,9e8d127f-fba2-437a-b77c-7f1f0074cf2a,expense,24000.00,-,2025-02-28,2025-02-28 21:42:00+00,ef0c2451-f7a3-483f-b498-009cff598508,
0b41cdec-ac31-42c6-ac2b-58421fdd36b8,9bead5bd-27cc-4bce-b348-dfdfe52bbcfa,9e8d127f-fba2-437a-b77c-7f1f0074cf2a,expense,15000.00,-,2025-12-09,2025-12-09 18:12:00+00,ef0c2451-f7a3-483f-b498-009cff598508,
0b485df4-b0d5-40eb-9cc0-6c4c91c0f8b7,9bead5bd-27cc-4bce-b348-dfdfe52bbcfa,73a6b95b-efdb-4afd-bda5-2a6aedd82af4,expense,71800.00,celana,2025-10-25,2025-10-25 07:03:00+00,ef945642-f8b2-43e7-8f16-1dfdf9802e69,
0b631609-745d-4a74-b32f-1b380022d1b0,9bead5bd-27cc-4bce-b348-dfdfe52bbcfa,,transfer,50000.00,-,2025-03-04,2025-03-04 18:51:00+00,ef0c2451-f7a3-483f-b498-009cff598508,d6c2f9dc-62aa-4d66-ae36-b8dd7f048e9c
0b7ee4b9-bad2-4f74-ab37-fdaa2fe1575c,9bead5bd-27cc-4bce-b348-dfdfe52bbcfa,9e8d127f-fba2-437a-b77c-7f1f0074cf2a,expense,20000.00,,2026-01-20,2026-01-20 12:09:00+00,5d613a77-a05e-464c-ae45-0d5540681ac7,
0b874b1e-31a6-47a6-b049-cf0069516a4a,9bead5bd-27cc-4bce-b348-dfdfe52bbcfa,9eb96490-908d-4d01-bf88-5590e81f2e65,income,850000.00,skripsi,2025-08-30,2025-08-30 11:08:00+00,ef0c2451-f7a3-483f-b498-009cff598508,
0b891874-5cd2-4f37-8aab-0b6de0e1e8f8,9bead5bd-27cc-4bce-b348-dfdfe52bbcfa,c363bb9a-e1c1-4485-a21b-d5cb69be8ac5,expense,30000.00,,2026-08-22,2026-08-22 10:00:00+00,1b52f4eb-1774-4bbf-9d75-2f22061418c0,
0ba07622-7f70-457e-a137-783ec9e093e7,9bead5bd-27cc-4bce-b348-dfdfe52bbcfa,73a6b95b-efdb-4afd-bda5-2a6aedd82af4,expense,31400.00,celana,2026-05-05,2026-05-05 06:49:00+00,d6c2f9dc-62aa-4d66-ae36-b8dd7f048e9c,
0bcac58e-8ff3-4b3e-8cc6-1097fe313a53,9bead5bd-27cc-4bce-b348-dfdfe52bbcfa,417ffb54-8c5d-49a6-90bd-9748bb065b43,expense,5000.00,,2026-04-05,2026-04-05 14:19:00+00,1b52f4eb-1774-4bbf-9d75-2f22061418c0,
0bcd36b2-14a7-434e-8270-ab0ce52bfdd9,9bead5bd-27cc-4bce-b348-dfdfe52bbcfa,,transfer,50000.00,,2026-08-04,2026-08-04 15:35:00+00,ef945642-f8b2-43e7-8f16-1dfdf9802e69,ef0c2451-f7a3-483f-b498-009cff598508
0bd676de-cfbb-4c28-92b5-d2ee732dded7,9bead5bd-27cc-4bce-b348-dfdfe52bbcfa,9e8d127f-fba2-437a-b77c-7f1f0074cf2a,expense,12000.00,-,2025-08-26,2025-08-26 19:22:00+00,1b52f4eb-1774-4bbf-9d75-2f22061418c0,
0c05cf7a-e4fc-4321-816e-c6978f50e99f,9bead5bd-27cc-4bce-b348-dfdfe52bbcfa,9e8d127f-fba2-437a-b77c-7f1f0074cf2a,expense,26990.00,,2026-03-13,2026-03-13 10:50:00+00,82d51ed1-5076-450e-8ae1-4bbe92cec701,
0c0fdda9-4187-440e-9061-b5ca40ced8c7,9bead5bd-27cc-4bce-b348-dfdfe52bbcfa,89af7f66-fcf6-4ede-85ce-97818d8ee5e5,expense,126907.00,,2026-07-16,2026-07-16 18:33:00+00,d6c2f9dc-62aa-4d66-ae36-b8dd7f048e9c,
0c60d107-70fc-41b8-83f6-481032c39a53,9bead5bd-27cc-4bce-b348-dfdfe52bbcfa,69cbbe19-e8fa-45c5-a250-77fd8aa3d98e,expense,10000.00,kost sanyo,2025-10-15,2025-10-15 19:06:00+00,d6c2f9dc-62aa-4d66-ae36-b8dd7f048e9c,
0cae845a-7766-4a6d-897a-69876145f5e0,9bead5bd-27cc-4bce-b348-dfdfe52bbcfa,9e8d127f-fba2-437a-b77c-7f1f0074cf2a,expense,15000.00,-,2025-11-20,2025-11-20 12:54:00+00,d6c2f9dc-62aa-4d66-ae36-b8dd7f048e9c,
0ccea80a-c690-4a15-9158-dcb7f1eaf42e,9bead5bd-27cc-4bce-b348-dfdfe52bbcfa,ef5c334f-9678-43a1-a24d-06ddf2ae4336,expense,3500.00,Koreksi saldo,2025-05-26,2025-05-26 12:18:18+00,1b52f4eb-1774-4bbf-9d75-2f22061418c0,
0ccf143f-34a9-4dec-ac39-ae2bebb72cf8,9bead5bd-27cc-4bce-b348-dfdfe52bbcfa,ef5c334f-9678-43a1-a24d-06ddf2ae4336,expense,2000.00,Koreksi saldo,2025-07-20,2025-07-20 09:02:28+00,82d51ed1-5076-450e-8ae1-4bbe92cec701,
0d07accd-3c50-4259-b6f0-1484a6854e6c,9bead5bd-27cc-4bce-b348-dfdfe52bbcfa,3d15abb3-b62b-4772-b093-5880019049e3,expense,10000.00,,2026-07-09,2026-07-09 13:01:00+00,1b52f4eb-1774-4bbf-9d75-2f22061418c0,
0d1dcc84-e443-41c8-b09e-88012bde19c9,9bead5bd-27cc-4bce-b348-dfdfe52bbcfa,,transfer,20000.00,,2026-08-19,2026-08-19 19:39:00+00,ef945642-f8b2-43e7-8f16-1dfdf9802e69,d1d65a47-79be-472a-8e7c-191ddef21252
0d20d742-cdb1-421b-97ea-4778f4433bc6,9bead5bd-27cc-4bce-b348-dfdfe52bbcfa,c363bb9a-e1c1-4485-a21b-d5cb69be8ac5,expense,70000.00,,2026-08-15,2026-08-15 08:48:00+00,1b52f4eb-1774-4bbf-9d75-2f22061418c0,
0d25aa11-3285-41c6-86ae-d95da413118c,9bead5bd-27cc-4bce-b348-dfdfe52bbcfa,861e04d0-951b-45e5-bf64-e0aecaf43eb7,expense,6067402.00,Brevet dan lain lain,2025-02-07,2025-02-07 09:51:23+00,ef0c2451-f7a3-483f-b498-009cff598508,
0d2cc3f6-0687-4908-a216-5537afb22d30,9bead5bd-27cc-4bce-b348-dfdfe52bbcfa,9e8d127f-fba2-437a-b77c-7f1f0074cf2a,expense,20000.00,-,2025-11-30,2025-11-30 12:11:00+00,ef0c2451-f7a3-483f-b498-009cff598508,
0d37cf95-27ea-4df6-82e9-2e8ea7c5f3a5,9bead5bd-27cc-4bce-b348-dfdfe52bbcfa,04d94b74-503f-4e20-b426-649acd17779d,expense,13900.00,arif,2025-03-12,2025-03-12 14:06:00+00,ef0c2451-f7a3-483f-b498-009cff598508,
0d668f1c-2607-45a5-8dcf-f3b9c192e87f,9bead5bd-27cc-4bce-b348-dfdfe52bbcfa,,transfer,15000.00,-,2025-07-20,2025-07-20 18:40:00+00,ef0c2451-f7a3-483f-b498-009cff598508,82d51ed1-5076-450e-8ae1-4bbe92cec701
0d9c8f36-90e0-4fff-92c5-62d91777ab85,9bead5bd-27cc-4bce-b348-dfdfe52bbcfa,9e8d127f-fba2-437a-b77c-7f1f0074cf2a,expense,20000.00,-,2025-11-18,2025-11-18 13:35:00+00,ef945642-f8b2-43e7-8f16-1dfdf9802e69,
0d9f8d59-add5-4d1d-875f-9326de9adacf,9bead5bd-27cc-4bce-b348-dfdfe52bbcfa,06c4dac0-5cd5-43ae-aeab-bd0ac041116b,expense,5000.00,ban,2025-09-07,2025-09-07 15:42:00+00,1b52f4eb-1774-4bbf-9d75-2f22061418c0,
0e055d18-de52-433f-bc3e-96fef8a773ef,9bead5bd-27cc-4bce-b348-dfdfe52bbcfa,3d15abb3-b62b-4772-b093-5880019049e3,expense,22000.00,-,2025-08-18,2025-08-18 18:15:00+00,1b52f4eb-1774-4bbf-9d75-2f22061418c0,
0e51d08a-d29f-46bf-b165-6bc10419c894,9bead5bd-27cc-4bce-b348-dfdfe52bbcfa,89af7f66-fcf6-4ede-85ce-97818d8ee5e5,expense,30000.00,pomade,2025-12-21,2025-12-21 19:49:00+00,1b52f4eb-1774-4bbf-9d75-2f22061418c0,
0e53e5d1-479e-419f-9c8c-11020b25c449,9bead5bd-27cc-4bce-b348-dfdfe52bbcfa,c363bb9a-e1c1-4485-a21b-d5cb69be8ac5,expense,50000.00,,2026-03-22,2026-03-22 15:35:00+00,1b52f4eb-1774-4bbf-9d75-2f22061418c0,
0e5cdf84-53fe-4fae-91f5-aefdcb1aa0db,9bead5bd-27cc-4bce-b348-dfdfe52bbcfa,,transfer,100000.00,,2026-04-17,2026-04-17 07:51:00+00,ef0c2451-f7a3-483f-b498-009cff598508,82d51ed1-5076-450e-8ae1-4bbe92cec701
0e660221-5fd8-4302-b772-4dc84534a4d9,9bead5bd-27cc-4bce-b348-dfdfe52bbcfa,ef5c334f-9678-43a1-a24d-06ddf2ae4336,expense,2954.00,Koreksi saldo,2025-09-11,2025-09-11 21:55:25+00,1b52f4eb-1774-4bbf-9d75-2f22061418c0,
0e6614e8-82cf-49f6-9842-7df83b435068,9bead5bd-27cc-4bce-b348-dfdfe52bbcfa,,transfer,200000.00,-,2025-07-18,2025-07-18 15:03:00+00,ef0c2451-f7a3-483f-b498-009cff598508,1b52f4eb-1774-4bbf-9d75-2f22061418c0
0e769f4d-cbe9-47bc-9e9f-0b0daec4b6eb,9bead5bd-27cc-4bce-b348-dfdfe52bbcfa,73a6b95b-efdb-4afd-bda5-2a6aedd82af4,expense,34305.00,sarung tangan,2025-03-12,2025-03-12 14:05:00+00,ef0c2451-f7a3-483f-b498-009cff598508,
0e798d06-6752-4a91-84c0-39fccde8a091,9bead5bd-27cc-4bce-b348-dfdfe52bbcfa,3d15abb3-b62b-4772-b093-5880019049e3,expense,4000.00,-,2025-11-12,2025-11-12 12:42:00+00,ef0c2451-f7a3-483f-b498-009cff598508,
0e9120a6-2125-40c1-acf9-c1b9821fb7a8,9bead5bd-27cc-4bce-b348-dfdfe52bbcfa,9e8d127f-fba2-437a-b77c-7f1f0074cf2a,expense,20350.00,,2026-02-20,2026-02-20 18:04:00+00,ef0c2451-f7a3-483f-b498-009cff598508,
0e934aca-3585-486c-9e24-3eee7f319802,9bead5bd-27cc-4bce-b348-dfdfe52bbcfa,c363bb9a-e1c1-4485-a21b-d5cb69be8ac5,expense,50000.00,-,2025-06-16,2025-06-16 21:46:00+00,1b52f4eb-1774-4bbf-9d75-2f22061418c0,
0e944896-312f-4777-a1c9-974f704c8cbb,9bead5bd-27cc-4bce-b348-dfdfe52bbcfa,ef5c334f-9678-43a1-a24d-06ddf2ae4336,expense,10000.00,Koreksi saldo,2025-03-04,2025-03-04 19:42:28+00,1b52f4eb-1774-4bbf-9d75-2f22061418c0,
0ecaccc0-2d68-4759-b0ee-f1730b6af379,9bead5bd-27cc-4bce-b348-dfdfe52bbcfa,,transfer,17000.00,-,2025-12-17,2025-12-17 18:51:00+00,ef0c2451-f7a3-483f-b498-009cff598508,82d51ed1-5076-450e-8ae1-4bbe92cec701
0ee12cdc-4e47-40ed-9085-99fa4fdb87d9,9bead5bd-27cc-4bce-b348-dfdfe52bbcfa,04bbb778-c16c-48b3-86d6-e5bceea67e4d,expense,13000.00,-,2025-10-06,2025-10-06 18:07:00+00,d6c2f9dc-62aa-4d66-ae36-b8dd7f048e9c,
0ee355d2-4c00-4a68-9b8b-39137ca21a79,9bead5bd-27cc-4bce-b348-dfdfe52bbcfa,ffea2dd4-8c8d-4442-a93a-c4cee0ccee55,expense,14000.00,obeng,2025-08-11,2025-08-11 12:19:00+00,ef0c2451-f7a3-483f-b498-009cff598508,
0f258dc3-8aa8-475b-9c2f-0ebfac02d878,9bead5bd-27cc-4bce-b348-dfdfe52bbcfa,9e8d127f-fba2-437a-b77c-7f1f0074cf2a,expense,10500.00,-,2025-11-21,2025-11-21 12:34:00+00,d6c2f9dc-62aa-4d66-ae36-b8dd7f048e9c,
0f4edd12-9634-4a54-ad8f-424d12617c2d,9bead5bd-27cc-4bce-b348-dfdfe52bbcfa,3dfd2937-650e-4dfa-aa82-1532855306a0,expense,26000.00,-,2025-07-22,2025-07-22 10:48:00+00,1b52f4eb-1774-4bbf-9d75-2f22061418c0,
0f543851-efb5-4858-bf3a-be5ddcc96c77,9bead5bd-27cc-4bce-b348-dfdfe52bbcfa,,transfer,61000.00,spay,2025-12-18,2025-12-18 11:11:00+00,ef0c2451-f7a3-483f-b498-009cff598508,82d51ed1-5076-450e-8ae1-4bbe92cec701
0f60a6bd-f42d-4110-b3a1-d766281b84ec,9bead5bd-27cc-4bce-b348-dfdfe52bbcfa,,transfer,4000.00,-,2025-12-25,2025-12-25 06:27:00+00,ef0c2451-f7a3-483f-b498-009cff598508,1b52f4eb-1774-4bbf-9d75-2f22061418c0
0f618e5b-f46f-4185-87ba-e0a2dcb6b6bd,9bead5bd-27cc-4bce-b348-dfdfe52bbcfa,,transfer,200000.00,-,2025-05-05,2025-05-05 14:05:00+00,ef0c2451-f7a3-483f-b498-009cff598508,d6c2f9dc-62aa-4d66-ae36-b8dd7f048e9c
0f8b9aa5-b43f-4833-afa8-f5ca4ac1359c,9bead5bd-27cc-4bce-b348-dfdfe52bbcfa,c363bb9a-e1c1-4485-a21b-d5cb69be8ac5,expense,50000.00,-,2025-07-22,2025-07-22 12:18:00+00,1b52f4eb-1774-4bbf-9d75-2f22061418c0,
0fce298e-e67f-4549-ad67-4770ad29dad9,9bead5bd-27cc-4bce-b348-dfdfe52bbcfa,9e8d127f-fba2-437a-b77c-7f1f0074cf2a,expense,74500.00,,2026-07-20,2026-07-20 17:29:00+00,d6c2f9dc-62aa-4d66-ae36-b8dd7f048e9c,
100b1217-8b79-4d02-b3c4-eda4c569c100,9bead5bd-27cc-4bce-b348-dfdfe52bbcfa,,transfer,100000.00,,2026-08-16,2026-08-16 08:55:00+00,ef945642-f8b2-43e7-8f16-1dfdf9802e69,1b52f4eb-1774-4bbf-9d75-2f22061418c0
100cfd46-9e07-4381-bdb7-33e267a89ed5,9bead5bd-27cc-4bce-b348-dfdfe52bbcfa,9e8d127f-fba2-437a-b77c-7f1f0074cf2a,expense,23000.00,,2026-03-10,2026-03-10 18:50:00+00,ef0c2451-f7a3-483f-b498-009cff598508,
1015d30e-cb80-4b3e-be36-f1d40461d121,9bead5bd-27cc-4bce-b348-dfdfe52bbcfa,3dfd2937-650e-4dfa-aa82-1532855306a0,expense,15000.00,kopi,2025-06-10,2025-06-10 07:21:00+00,1b52f4eb-1774-4bbf-9d75-2f22061418c0,
10605705-d120-4da3-82c0-5d7bf6c9f932,9bead5bd-27cc-4bce-b348-dfdfe52bbcfa,e53b2a49-3ff8-4f1c-b16f-7e4eb7057130,expense,2000.00,-,2025-07-24,2025-07-24 18:18:00+00,1b52f4eb-1774-4bbf-9d75-2f22061418c0,
10771300-02ee-435e-aefe-e611c5e0b920,9bead5bd-27cc-4bce-b348-dfdfe52bbcfa,9e8d127f-fba2-437a-b77c-7f1f0074cf2a,expense,15000.00,-,2025-09-05,2025-09-05 12:53:00+00,ef0c2451-f7a3-483f-b498-009cff598508,
107802bc-5f7d-4253-b063-800aae3a85da,9bead5bd-27cc-4bce-b348-dfdfe52bbcfa,ef5c334f-9678-43a1-a24d-06ddf2ae4336,expense,4905.00,Koreksi saldo,2025-12-07,2025-12-07 18:22:15+00,ef0c2451-f7a3-483f-b498-009cff598508,
108291d1-7e05-400c-807d-5134fd6225b6,9bead5bd-27cc-4bce-b348-dfdfe52bbcfa,,transfer,30200.00,,2026-05-05,2026-05-05 12:54:00+00,82d51ed1-5076-450e-8ae1-4bbe92cec701,ef0c2451-f7a3-483f-b498-009cff598508
1090bbe0-feb7-4d62-b667-8fbbbf40a5b0,9bead5bd-27cc-4bce-b348-dfdfe52bbcfa,417ffb54-8c5d-49a6-90bd-9748bb065b43,expense,10000.00,,2026-07-15,2026-07-15 17:18:00+00,ef0c2451-f7a3-483f-b498-009cff598508,
1098d99d-a2e3-408f-836e-0b147de9c16a,9bead5bd-27cc-4bce-b348-dfdfe52bbcfa,,transfer,250000.00,,2026-06-28,2026-06-28 11:53:00+00,d6c2f9dc-62aa-4d66-ae36-b8dd7f048e9c,ef945642-f8b2-43e7-8f16-1dfdf9802e69
10a5b5fc-d898-4e26-96d5-af21a408b9c9,9bead5bd-27cc-4bce-b348-dfdfe52bbcfa,89af7f66-fcf6-4ede-85ce-97818d8ee5e5,expense,72000.00,"sun screen, facial wash",2025-11-29,2025-11-29 21:14:00+00,ef0c2451-f7a3-483f-b498-009cff598508,
10a62c9c-572c-45db-97ac-96ea56a389b7,9bead5bd-27cc-4bce-b348-dfdfe52bbcfa,9e8d127f-fba2-437a-b77c-7f1f0074cf2a,expense,16000.00,,2026-01-11,2026-01-11 19:21:00+00,1b52f4eb-1774-4bbf-9d75-2f22061418c0,
10c355a5-b5c3-4ef8-9fa9-94bd07c87985,9bead5bd-27cc-4bce-b348-dfdfe52bbcfa,06c4dac0-5cd5-43ae-aeab-bd0ac041116b,expense,20000.00,,2026-08-04,2026-08-04 15:38:00+00,ef945642-f8b2-43e7-8f16-1dfdf9802e69,
10e3b7db-4c47-4310-8c45-94221647e1bb,9bead5bd-27cc-4bce-b348-dfdfe52bbcfa,,transfer,5000.00,-,2025-02-11,2025-02-11 18:04:00+00,ef0c2451-f7a3-483f-b498-009cff598508,1db96cc4-753b-4ea9-bdf5-9cf9c71fb00b
10e756ab-9133-4c7d-974a-f25a2f52efe1,9bead5bd-27cc-4bce-b348-dfdfe52bbcfa,c363bb9a-e1c1-4485-a21b-d5cb69be8ac5,expense,30000.00,-,2025-02-13,2025-02-13 18:42:00+00,1b52f4eb-1774-4bbf-9d75-2f22061418c0,
1137846a-91af-4196-9453-aae33f5eaefe,9bead5bd-27cc-4bce-b348-dfdfe52bbcfa,9e8d127f-fba2-437a-b77c-7f1f0074cf2a,expense,83000.00,,2026-07-31,2026-07-31 15:42:00+00,d6c2f9dc-62aa-4d66-ae36-b8dd7f048e9c,
11594642-4ef1-4129-aa9a-b1df85641a4d,9bead5bd-27cc-4bce-b348-dfdfe52bbcfa,,transfer,60000.00,-,2025-12-01,2025-12-01 15:46:00+00,5d613a77-a05e-464c-ae45-0d5540681ac7,ef0c2451-f7a3-483f-b498-009cff598508
116cfb82-b7b8-4cea-a174-1c6aae6c9150,9bead5bd-27cc-4bce-b348-dfdfe52bbcfa,,transfer,300000.00,-,2025-04-15,2025-04-15 11:39:00+00,ef0c2451-f7a3-483f-b498-009cff598508,d1d65a47-79be-472a-8e7c-191ddef21252
11ad3c3e-b193-4dea-84be-19d20362f896,9bead5bd-27cc-4bce-b348-dfdfe52bbcfa,,transfer,28400.00,,2026-01-18,2026-01-18 20:15:00+00,ef0c2451-f7a3-483f-b498-009cff598508,1db96cc4-753b-4ea9-bdf5-9cf9c71fb00b
11ed35f9-265f-4162-9879-d66a35bccd96,9bead5bd-27cc-4bce-b348-dfdfe52bbcfa,9e8d127f-fba2-437a-b77c-7f1f0074cf2a,expense,25000.00,-,2025-09-07,2025-09-07 19:40:00+00,1b52f4eb-1774-4bbf-9d75-2f22061418c0,
11f37548-420d-4821-9239-aab0ab82fa7d,9bead5bd-27cc-4bce-b348-dfdfe52bbcfa,e53b2a49-3ff8-4f1c-b16f-7e4eb7057130,expense,2000.00,,2026-06-26,2026-06-26 12:12:00+00,1b52f4eb-1774-4bbf-9d75-2f22061418c0,
120073a2-13c5-4b77-a9ca-d521ca676070,9bead5bd-27cc-4bce-b348-dfdfe52bbcfa,ef5c334f-9678-43a1-a24d-06ddf2ae4336,expense,12500.00,,2026-08-14,2026-08-14 18:33:00+00,ef945642-f8b2-43e7-8f16-1dfdf9802e69,
12321955-81ee-40b7-b157-d622488e5f87,9bead5bd-27cc-4bce-b348-dfdfe52bbcfa,500f226a-f4fd-4bc4-a67e-99214d233267,expense,8000.00,,2026-07-03,2026-07-03 09:48:00+00,ef0c2451-f7a3-483f-b498-009cff598508,
124e6f06-58aa-42c5-98d2-5b0b3f49fda9,9bead5bd-27cc-4bce-b348-dfdfe52bbcfa,9e8d127f-fba2-437a-b77c-7f1f0074cf2a,expense,13500.00,-,2025-12-08,2025-12-08 18:13:00+00,ef0c2451-f7a3-483f-b498-009cff598508,
1265cd4d-c24b-4b38-ba84-32d44cc53e39,9bead5bd-27cc-4bce-b348-dfdfe52bbcfa,9e8d127f-fba2-437a-b77c-7f1f0074cf2a,expense,20000.00,-,2025-11-27,2025-11-27 11:38:00+00,ef0c2451-f7a3-483f-b498-009cff598508,
128f118b-202b-4ab9-8d76-1a88fc816f27,9bead5bd-27cc-4bce-b348-dfdfe52bbcfa,,transfer,50000.00,-,2025-07-04,2025-07-04 12:30:00+00,d6c2f9dc-62aa-4d66-ae36-b8dd7f048e9c,ef0c2451-f7a3-483f-b498-009cff598508
12a85147-18b5-4a71-be9e-375f0bad869f,9bead5bd-27cc-4bce-b348-dfdfe52bbcfa,3c5231bc-d29d-4b03-991b-b59211c737f2,expense,40000.00,Adapter charger,2025-07-08,2025-07-08 19:57:00+00,1b52f4eb-1774-4bbf-9d75-2f22061418c0,
12a88bac-9f3d-4385-9bd2-27eaf38101f1,9bead5bd-27cc-4bce-b348-dfdfe52bbcfa,,transfer,66000.00,-,2025-10-10,2025-10-10 07:52:00+00,ef945642-f8b2-43e7-8f16-1dfdf9802e69,d6c2f9dc-62aa-4d66-ae36-b8dd7f048e9c
12add80c-24e9-4da4-b153-bef856b1197c,9bead5bd-27cc-4bce-b348-dfdfe52bbcfa,9e8d127f-fba2-437a-b77c-7f1f0074cf2a,expense,15000.00,,2026-04-12,2026-04-12 18:56:00+00,ef0c2451-f7a3-483f-b498-009cff598508,
12ce0ba1-5832-42d5-bf74-55afadb3d85f,9bead5bd-27cc-4bce-b348-dfdfe52bbcfa,,transfer,14525.00,-,2025-07-23,2025-07-23 20:26:00+00,d6c2f9dc-62aa-4d66-ae36-b8dd7f048e9c,ef0c2451-f7a3-483f-b498-009cff598508
12cf80ab-0ea4-4385-88dc-1144483b75cb,9bead5bd-27cc-4bce-b348-dfdfe52bbcfa,9e8d127f-fba2-437a-b77c-7f1f0074cf2a,expense,14060.00,,2026-05-07,2026-05-07 13:06:00+00,d6c2f9dc-62aa-4d66-ae36-b8dd7f048e9c,
12daf5e9-c03b-47db-a1c9-1df081745733,9bead5bd-27cc-4bce-b348-dfdfe52bbcfa,,transfer,20000.00,-,2025-11-15,2025-11-15 06:02:00+00,1b52f4eb-1774-4bbf-9d75-2f22061418c0,ef0c2451-f7a3-483f-b498-009cff598508
12db3b83-84fd-42eb-9b9d-0aa699b99554,9bead5bd-27cc-4bce-b348-dfdfe52bbcfa,9e8d127f-fba2-437a-b77c-7f1f0074cf2a,expense,13000.00,-,2025-01-29,2025-01-29 10:57:00+00,1b52f4eb-1774-4bbf-9d75-2f22061418c0,
132b4bc5-8238-4df3-a527-94c03ab33977,9bead5bd-27cc-4bce-b348-dfdfe52bbcfa,,transfer,12000.00,-,2025-07-25,2025-07-25 08:18:00+00,1b52f4eb-1774-4bbf-9d75-2f22061418c0,1db96cc4-753b-4ea9-bdf5-9cf9c71fb00b
133fe9d5-676c-4bc4-8031-0350eb8588fd,9bead5bd-27cc-4bce-b348-dfdfe52bbcfa,73a6b95b-efdb-4afd-bda5-2a6aedd82af4,expense,15000.00,potong rambut,2025-10-22,2025-10-22 15:04:00+00,1b52f4eb-1774-4bbf-9d75-2f22061418c0,
13673293-f0f4-4f27-bccc-7ffb86d9f025,9bead5bd-27cc-4bce-b348-dfdfe52bbcfa,9e8d127f-fba2-437a-b77c-7f1f0074cf2a,expense,13000.00,-,2025-05-18,2025-05-18 18:27:00+00,1b52f4eb-1774-4bbf-9d75-2f22061418c0,
137039ac-178e-4c69-8198-32c7b17f0a98,9bead5bd-27cc-4bce-b348-dfdfe52bbcfa,,transfer,33000.00,,2026-03-09,2026-03-09 18:42:00+00,5d613a77-a05e-464c-ae45-0d5540681ac7,ef0c2451-f7a3-483f-b498-009cff598508
13774d8e-bd5a-4129-8e6a-a0cdaa7138db,9bead5bd-27cc-4bce-b348-dfdfe52bbcfa,d6b7f46d-c8b4-4cdf-822a-80d1083c7393,expense,12000.00,-,2025-07-26,2025-07-26 17:18:00+00,ef0c2451-f7a3-483f-b498-009cff598508,
1378171d-1d7f-4dcc-964f-ecbc70a9f4a3,9bead5bd-27cc-4bce-b348-dfdfe52bbcfa,9e8d127f-fba2-437a-b77c-7f1f0074cf2a,expense,17000.00,,2026-01-09,2026-01-09 17:54:00+00,ef0c2451-f7a3-483f-b498-009cff598508,
137abd17-7d5f-40d4-af2e-1ebd8f3805e3,9bead5bd-27cc-4bce-b348-dfdfe52bbcfa,9e8d127f-fba2-437a-b77c-7f1f0074cf2a,expense,20600.00,-,2025-01-22,2025-01-22 21:16:00+00,ef0c2451-f7a3-483f-b498-009cff598508,
14083064-b5a6-4c75-aa4a-2fb93907f08b,9bead5bd-27cc-4bce-b348-dfdfe52bbcfa,3d15abb3-b62b-4772-b093-5880019049e3,expense,24000.00,,2026-05-17,2026-05-17 18:03:00+00,1b52f4eb-1774-4bbf-9d75-2f22061418c0,
140dced8-d6c6-4aef-bb09-6971fa9fc20c,9bead5bd-27cc-4bce-b348-dfdfe52bbcfa,d6b7f46d-c8b4-4cdf-822a-80d1083c7393,expense,11400.00,deterjen,2026-08-06,2026-08-06 08:17:00+00,ef945642-f8b2-43e7-8f16-1dfdf9802e69,
141b6523-6dd4-45ec-97e9-880250724034,9bead5bd-27cc-4bce-b348-dfdfe52bbcfa,ef5c334f-9678-43a1-a24d-06ddf2ae4336,income,24706.00,Koreksi saldo,2025-06-28,2025-06-28 17:54:09+00,ef0c2451-f7a3-483f-b498-009cff598508,
14377ee9-e548-43de-9b6a-e4fe81571a3e,9bead5bd-27cc-4bce-b348-dfdfe52bbcfa,,transfer,400000.00,-,2025-08-21,2025-08-21 16:15:00+00,ef0c2451-f7a3-483f-b498-009cff598508,1b52f4eb-1774-4bbf-9d75-2f22061418c0
148a040d-2712-4952-91af-ab7e35cff78d,9bead5bd-27cc-4bce-b348-dfdfe52bbcfa,,transfer,20000.00,-,2025-08-17,2025-08-17 22:15:00+00,1b52f4eb-1774-4bbf-9d75-2f22061418c0,82d51ed1-5076-450e-8ae1-4bbe92cec701
148df1a5-5ae3-4e04-83c2-35f326ade702,9bead5bd-27cc-4bce-b348-dfdfe52bbcfa,ef5c334f-9678-43a1-a24d-06ddf2ae4336,income,200000.00,paper,2026-01-28,2026-01-28 17:00:00+00,ef0c2451-f7a3-483f-b498-009cff598508,
148ecfde-22ef-4270-9cac-8b29a771a183,9bead5bd-27cc-4bce-b348-dfdfe52bbcfa,9e8d127f-fba2-437a-b77c-7f1f0074cf2a,expense,13000.00,,2026-05-08,2026-05-08 12:40:00+00,ef0c2451-f7a3-483f-b498-009cff598508,
14909ec8-ad71-45e4-809c-d6e7f998c9a2,9bead5bd-27cc-4bce-b348-dfdfe52bbcfa,,transfer,4000000.00,,2026-06-26,2026-06-26 07:17:00+00,82d51ed1-5076-450e-8ae1-4bbe92cec701,ef0c2451-f7a3-483f-b498-009cff598508
14b911a7-eb3f-46d5-bab1-a423c732cde6,9bead5bd-27cc-4bce-b348-dfdfe52bbcfa,3c5231bc-d29d-4b03-991b-b59211c737f2,expense,264702.00,TWS,2026-05-05,2026-05-05 06:44:00+00,d6c2f9dc-62aa-4d66-ae36-b8dd7f048e9c,
14ba060f-47c4-4e48-abae-b19b9d0e7262,9bead5bd-27cc-4bce-b348-dfdfe52bbcfa,ef5c334f-9678-43a1-a24d-06ddf2ae4336,income,2100.00,Koreksi saldo,2025-04-10,2025-04-10 18:24:14+00,1b52f4eb-1774-4bbf-9d75-2f22061418c0,
14d5b342-d3cf-40c2-a9ff-0ff92fab6b61,9bead5bd-27cc-4bce-b348-dfdfe52bbcfa,,transfer,12000.00,-,2025-09-06,2025-09-06 20:49:00+00,ef0c2451-f7a3-483f-b498-009cff598508,1b52f4eb-1774-4bbf-9d75-2f22061418c0
14de17f0-e163-4bc1-9909-141fe006f420,9bead5bd-27cc-4bce-b348-dfdfe52bbcfa,9e8d127f-fba2-437a-b77c-7f1f0074cf2a,expense,19500.00,,2026-05-14,2026-05-14 22:22:00+00,ef0c2451-f7a3-483f-b498-009cff598508,
152ec931-9735-4a90-8d87-5cd3913c646b,9bead5bd-27cc-4bce-b348-dfdfe52bbcfa,9e8d127f-fba2-437a-b77c-7f1f0074cf2a,expense,14000.00,-,2025-01-27,2025-01-27 20:50:00+00,1b52f4eb-1774-4bbf-9d75-2f22061418c0,
153a52d3-c8ec-4312-9676-d4150beedfa1,9bead5bd-27cc-4bce-b348-dfdfe52bbcfa,,transfer,69000.00,,2026-01-18,2026-01-18 15:10:00+00,82d51ed1-5076-450e-8ae1-4bbe92cec701,1db96cc4-753b-4ea9-bdf5-9cf9c71fb00b
1547c785-cd64-474c-b1dd-3d30f93cf19f,9bead5bd-27cc-4bce-b348-dfdfe52bbcfa,,transfer,200000.00,-,2025-02-16,2025-02-16 08:47:00+00,1db96cc4-753b-4ea9-bdf5-9cf9c71fb00b,ef0c2451-f7a3-483f-b498-009cff598508
1560f315-50ed-4fa4-b083-e5fe5935c195,9bead5bd-27cc-4bce-b348-dfdfe52bbcfa,c363bb9a-e1c1-4485-a21b-d5cb69be8ac5,expense,25000.00,,2026-05-22,2026-05-22 20:01:00+00,ef0c2451-f7a3-483f-b498-009cff598508,
157195e2-4901-4e49-ad76-24f9770e4fbf,9bead5bd-27cc-4bce-b348-dfdfe52bbcfa,9e8d127f-fba2-437a-b77c-7f1f0074cf2a,expense,13100.00,,2026-01-28,2026-01-28 12:49:00+00,ef0c2451-f7a3-483f-b498-009cff598508,
1588afcc-19cd-425b-b342-d2047ba1ae1e,9bead5bd-27cc-4bce-b348-dfdfe52bbcfa,9e8d127f-fba2-437a-b77c-7f1f0074cf2a,expense,13000.00,-,2025-11-05,2025-11-05 18:04:00+00,d6c2f9dc-62aa-4d66-ae36-b8dd7f048e9c,
15921ee3-adb8-444b-9dd8-3739f50f5ddd,9bead5bd-27cc-4bce-b348-dfdfe52bbcfa,73a6b95b-efdb-4afd-bda5-2a6aedd82af4,expense,10000.00,potram,2026-02-28,2026-02-28 09:18:00+00,1b52f4eb-1774-4bbf-9d75-2f22061418c0,
15aa0f60-3c61-4252-8bb7-fd967a0f983b,9bead5bd-27cc-4bce-b348-dfdfe52bbcfa,9e8d127f-fba2-437a-b77c-7f1f0074cf2a,expense,15000.00,-,2025-08-01,2025-08-01 16:23:00+00,1b52f4eb-1774-4bbf-9d75-2f22061418c0,
15e1b71d-3baa-4b84-a5bf-76cee6ab11c9,9bead5bd-27cc-4bce-b348-dfdfe52bbcfa,04bbb778-c16c-48b3-86d6-e5bceea67e4d,expense,17000.00,-,2025-07-01,2025-07-01 18:20:00+00,ef0c2451-f7a3-483f-b498-009cff598508,
15f1efb7-16fd-4193-9f2d-76dd5eab07dc,9bead5bd-27cc-4bce-b348-dfdfe52bbcfa,3dfd2937-650e-4dfa-aa82-1532855306a0,expense,6500.00,mie,2025-01-17,2025-01-17 17:21:00+00,1b52f4eb-1774-4bbf-9d75-2f22061418c0,
16538676-0258-4621-bdee-07df772cd58f,9bead5bd-27cc-4bce-b348-dfdfe52bbcfa,c363bb9a-e1c1-4485-a21b-d5cb69be8ac5,expense,35000.00,,2026-06-17,2026-06-17 17:25:00+00,1b52f4eb-1774-4bbf-9d75-2f22061418c0,
167536b5-2a65-4941-98ca-16241c73d168,9bead5bd-27cc-4bce-b348-dfdfe52bbcfa,9e8d127f-fba2-437a-b77c-7f1f0074cf2a,expense,14000.00,,2026-05-07,2026-05-07 19:41:00+00,1b52f4eb-1774-4bbf-9d75-2f22061418c0,
16817328-c8ec-43a5-8355-30641f76e775,9bead5bd-27cc-4bce-b348-dfdfe52bbcfa,,transfer,75000.00,,2026-03-14,2026-03-14 18:29:00+00,1b52f4eb-1774-4bbf-9d75-2f22061418c0,ef0c2451-f7a3-483f-b498-009cff598508
16aa4bde-d456-4df0-97a0-f7a7218a3165,9bead5bd-27cc-4bce-b348-dfdfe52bbcfa,c363bb9a-e1c1-4485-a21b-d5cb69be8ac5,expense,23000.00,,2026-01-30,2026-01-30 20:25:00+00,8d5cd0ca-c9ea-4d7b-b428-4a0dedc8d833,
16dd4500-c2e3-457c-8c0f-da32cbf8e584,9bead5bd-27cc-4bce-b348-dfdfe52bbcfa,9e8d127f-fba2-437a-b77c-7f1f0074cf2a,expense,11000.00,-,2025-01-10,2025-01-10 13:21:00+00,1b52f4eb-1774-4bbf-9d75-2f22061418c0,
16ef5cda-d84e-4f5e-8b1f-51bfe5f11afc,9bead5bd-27cc-4bce-b348-dfdfe52bbcfa,,transfer,124702.00,-,2025-07-05,2025-07-05 18:45:00+00,1db96cc4-753b-4ea9-bdf5-9cf9c71fb00b,c2b7adda-52b3-4d0f-949b-8c8f2930f6b0
16f80890-e8c9-4a35-a4a0-b3256d222389,9bead5bd-27cc-4bce-b348-dfdfe52bbcfa,c2fa641c-c10c-46ea-a69b-e2e8fab6d2ef,expense,38000.00,,2026-07-03,2026-07-03 16:11:00+00,d6c2f9dc-62aa-4d66-ae36-b8dd7f048e9c,
1705e0f6-8b9b-4115-b6bf-5008666f5bcc,9bead5bd-27cc-4bce-b348-dfdfe52bbcfa,ef5c334f-9678-43a1-a24d-06ddf2ae4336,expense,400.00,Koreksi saldo,2025-12-16,2025-12-16 19:24:39+00,ef0c2451-f7a3-483f-b498-009cff598508,
17323720-44dd-45ef-8fc4-7dccc96f0e22,9bead5bd-27cc-4bce-b348-dfdfe52bbcfa,9e8d127f-fba2-437a-b77c-7f1f0074cf2a,expense,13000.00,-,2025-10-24,2025-10-24 20:44:00+00,1b52f4eb-1774-4bbf-9d75-2f22061418c0,
1752cba9-426e-466c-aa3e-78651e05661c,9bead5bd-27cc-4bce-b348-dfdfe52bbcfa,9e8d127f-fba2-437a-b77c-7f1f0074cf2a,expense,15000.00,-,2025-07-19,2025-07-19 19:01:00+00,82d51ed1-5076-450e-8ae1-4bbe92cec701,
1771fef9-5735-45cc-9a71-500655542851,9bead5bd-27cc-4bce-b348-dfdfe52bbcfa,d6b7f46d-c8b4-4cdf-822a-80d1083c7393,expense,6000.00,,2026-03-28,2026-03-28 18:51:00+00,ef0c2451-f7a3-483f-b498-009cff598508,
179b4286-6ab3-46ea-9523-2d3565561960,9bead5bd-27cc-4bce-b348-dfdfe52bbcfa,3dfd2937-650e-4dfa-aa82-1532855306a0,expense,7000.00,-,2025-02-02,2025-02-02 22:41:00+00,1b52f4eb-1774-4bbf-9d75-2f22061418c0,
17a3b9b2-6d4a-4629-b3a1-3db4f1485a71,9bead5bd-27cc-4bce-b348-dfdfe52bbcfa,9e8d127f-fba2-437a-b77c-7f1f0074cf2a,expense,27750.00,-,2025-09-02,2025-09-02 11:48:00+00,d6c2f9dc-62aa-4d66-ae36-b8dd7f048e9c,
17bc456f-0b50-44d4-b07d-8a152ca60cbb,9bead5bd-27cc-4bce-b348-dfdfe52bbcfa,c363bb9a-e1c1-4485-a21b-d5cb69be8ac5,expense,50000.00,-,2025-08-12,2025-08-12 18:37:00+00,1b52f4eb-1774-4bbf-9d75-2f22061418c0,
17bef626-deeb-4cb7-92b2-64917f27b022,9bead5bd-27cc-4bce-b348-dfdfe52bbcfa,9e8d127f-fba2-437a-b77c-7f1f0074cf2a,expense,25000.00,-,2025-10-30,2025-10-30 16:29:00+00,ef0c2451-f7a3-483f-b498-009cff598508,
17da77eb-d689-4e73-9418-95851ba33b54,9bead5bd-27cc-4bce-b348-dfdfe52bbcfa,9e8d127f-fba2-437a-b77c-7f1f0074cf2a,expense,15000.00,-,2025-09-28,2025-09-28 12:51:00+00,1b52f4eb-1774-4bbf-9d75-2f22061418c0,
17eefe39-d379-4676-82e3-3ed1bc3284e3,9bead5bd-27cc-4bce-b348-dfdfe52bbcfa,ef5c334f-9678-43a1-a24d-06ddf2ae4336,income,19000.00,Koreksi saldo,2025-03-29,2025-03-29 20:22:05+00,1b52f4eb-1774-4bbf-9d75-2f22061418c0,
17f6bc7b-0145-4fb7-8db2-8eaec464e999,9bead5bd-27cc-4bce-b348-dfdfe52bbcfa,3dfd2937-650e-4dfa-aa82-1532855306a0,expense,11000.00,-,2025-09-14,2025-09-14 15:50:00+00,1b52f4eb-1774-4bbf-9d75-2f22061418c0,
180c3329-015a-4fb0-88d8-070327088b1c,9bead5bd-27cc-4bce-b348-dfdfe52bbcfa,9e8d127f-fba2-437a-b77c-7f1f0074cf2a,expense,35000.00,-,2025-04-07,2025-04-07 19:03:00+00,d6c2f9dc-62aa-4d66-ae36-b8dd7f048e9c,
1812226d-ceaf-42a7-acb6-1553b4bc623f,9bead5bd-27cc-4bce-b348-dfdfe52bbcfa,c363bb9a-e1c1-4485-a21b-d5cb69be8ac5,expense,50000.00,-,2025-06-27,2025-06-27 17:23:00+00,1b52f4eb-1774-4bbf-9d75-2f22061418c0,
181bedda-301e-4e4c-8be8-0eec11763d64,9bead5bd-27cc-4bce-b348-dfdfe52bbcfa,9e8d127f-fba2-437a-b77c-7f1f0074cf2a,expense,16400.00,,2026-02-03,2026-02-03 17:11:00+00,d6c2f9dc-62aa-4d66-ae36-b8dd7f048e9c,
1822fc40-0e23-46c8-95bd-b876cc6b83e3,9bead5bd-27cc-4bce-b348-dfdfe52bbcfa,9e8d127f-fba2-437a-b77c-7f1f0074cf2a,expense,16000.00,-,2025-07-24,2025-07-24 17:18:00+00,1b52f4eb-1774-4bbf-9d75-2f22061418c0,
182520ca-49af-43e4-83c8-44d0c661c603,9bead5bd-27cc-4bce-b348-dfdfe52bbcfa,,transfer,5000.00,-,2025-08-25,2025-08-25 19:06:00+00,d6c2f9dc-62aa-4d66-ae36-b8dd7f048e9c,82d51ed1-5076-450e-8ae1-4bbe92cec701
182b8886-bbca-4c14-9dc5-61638a339e2d,9bead5bd-27cc-4bce-b348-dfdfe52bbcfa,,transfer,3000.00,-,2025-07-21,2025-07-21 08:41:00+00,82d51ed1-5076-450e-8ae1-4bbe92cec701,1b52f4eb-1774-4bbf-9d75-2f22061418c0
185ea308-8462-4a1c-9684-6f05cebf17ef,9bead5bd-27cc-4bce-b348-dfdfe52bbcfa,,transfer,29000.00,-,2025-09-18,2025-09-18 04:03:00+00,82d51ed1-5076-450e-8ae1-4bbe92cec701,ef0c2451-f7a3-483f-b498-009cff598508
1862c807-b175-4bc1-898f-d119f9559b94,9bead5bd-27cc-4bce-b348-dfdfe52bbcfa,3d15abb3-b62b-4772-b093-5880019049e3,expense,22000.00,-,2025-04-11,2025-04-11 19:30:00+00,1b52f4eb-1774-4bbf-9d75-2f22061418c0,
1893e5e4-f2c0-4706-8477-8c74b7f63abb,9bead5bd-27cc-4bce-b348-dfdfe52bbcfa,c363bb9a-e1c1-4485-a21b-d5cb69be8ac5,expense,20000.00,,2026-03-03,2026-03-03 20:30:00+00,1b52f4eb-1774-4bbf-9d75-2f22061418c0,
18b53894-cafb-4fa7-8cd3-bdcbbb3d996d,9bead5bd-27cc-4bce-b348-dfdfe52bbcfa,9e8d127f-fba2-437a-b77c-7f1f0074cf2a,expense,23000.00,,2026-05-22,2026-05-22 12:01:00+00,d6c2f9dc-62aa-4d66-ae36-b8dd7f048e9c,
18b5dc0b-3519-47f1-92ef-c648741d17e9,9bead5bd-27cc-4bce-b348-dfdfe52bbcfa,9e8d127f-fba2-437a-b77c-7f1f0074cf2a,expense,15000.00,-,2025-05-08,2025-05-08 10:30:00+00,1db96cc4-753b-4ea9-bdf5-9cf9c71fb00b,
19420a24-ea2d-442e-a0b3-de64dde7f750,9bead5bd-27cc-4bce-b348-dfdfe52bbcfa,c363bb9a-e1c1-4485-a21b-d5cb69be8ac5,expense,50000.00,,2026-05-31,2026-05-31 22:16:00+00,1b52f4eb-1774-4bbf-9d75-2f22061418c0,
1955c562-3a57-4dd0-8243-15d6b98c4206,9bead5bd-27cc-4bce-b348-dfdfe52bbcfa,,transfer,8000.00,-,2025-09-25,2025-09-25 19:10:00+00,1b52f4eb-1774-4bbf-9d75-2f22061418c0,82d51ed1-5076-450e-8ae1-4bbe92cec701
1972e351-3a06-4fa4-93e0-50989c31a176,9bead5bd-27cc-4bce-b348-dfdfe52bbcfa,ef5c334f-9678-43a1-a24d-06ddf2ae4336,income,9770.00,Koreksi saldo,2025-11-01,2025-11-01 09:34:20+00,ef945642-f8b2-43e7-8f16-1dfdf9802e69,
197ccda6-e4e4-4312-8a6e-c799b6f7d39f,9bead5bd-27cc-4bce-b348-dfdfe52bbcfa,9e8d127f-fba2-437a-b77c-7f1f0074cf2a,expense,15000.00,,2026-01-10,2026-01-10 19:56:00+00,1b52f4eb-1774-4bbf-9d75-2f22061418c0,
198a8ed5-b512-43cf-bea8-2dff8a2da4f7,9bead5bd-27cc-4bce-b348-dfdfe52bbcfa,,transfer,100000.00,,2026-01-19,2026-01-19 15:30:00+00,ef0c2451-f7a3-483f-b498-009cff598508,d6c2f9dc-62aa-4d66-ae36-b8dd7f048e9c
199d7645-efd5-47f7-8bc4-10612aad8d0e,9bead5bd-27cc-4bce-b348-dfdfe52bbcfa,9e8d127f-fba2-437a-b77c-7f1f0074cf2a,expense,6000.00,,2026-01-24,2026-01-24 10:30:00+00,d6c2f9dc-62aa-4d66-ae36-b8dd7f048e9c,
19bb9292-be55-41b8-ae4c-8a7098a2ecb0,9bead5bd-27cc-4bce-b348-dfdfe52bbcfa,861e04d0-951b-45e5-bf64-e0aecaf43eb7,expense,45000.00,print,2025-01-07,2025-01-07 22:56:00+00,1b52f4eb-1774-4bbf-9d75-2f22061418c0,
19c58e9f-6460-4932-8c5f-0fa5b5990837,9bead5bd-27cc-4bce-b348-dfdfe52bbcfa,,transfer,300000.00,,2026-04-30,2026-04-30 12:25:00+00,ef0c2451-f7a3-483f-b498-009cff598508,1b52f4eb-1774-4bbf-9d75-2f22061418c0
19ca534f-4bea-44ee-b7ef-999ae8596775,9bead5bd-27cc-4bce-b348-dfdfe52bbcfa,9e8d127f-fba2-437a-b77c-7f1f0074cf2a,expense,20000.00,-,2025-12-02,2025-12-02 09:47:00+00,ef0c2451-f7a3-483f-b498-009cff598508,
19d54cca-e5ff-465c-9bff-0630003dd417,9bead5bd-27cc-4bce-b348-dfdfe52bbcfa,,transfer,15000.00,-,2025-06-30,2025-06-30 10:39:00+00,ef0c2451-f7a3-483f-b498-009cff598508,1b52f4eb-1774-4bbf-9d75-2f22061418c0
19f54628-b49f-4954-b4f6-6d9afcf772eb,9bead5bd-27cc-4bce-b348-dfdfe52bbcfa,,transfer,500000.00,-,2025-04-02,2025-04-02 17:47:00+00,ef0c2451-f7a3-483f-b498-009cff598508,c2b7adda-52b3-4d0f-949b-8c8f2930f6b0
1a49495d-e67e-4fcf-bd2b-30b3d0b86253,9bead5bd-27cc-4bce-b348-dfdfe52bbcfa,ef5c334f-9678-43a1-a24d-06ddf2ae4336,expense,6000.00,-,2025-12-18,2025-12-18 11:07:00+00,1b52f4eb-1774-4bbf-9d75-2f22061418c0,
1a63e433-5243-4e38-8854-a8a493e9d383,9bead5bd-27cc-4bce-b348-dfdfe52bbcfa,9e8d127f-fba2-437a-b77c-7f1f0074cf2a,expense,13000.00,,2026-01-18,2026-01-18 15:06:00+00,5d613a77-a05e-464c-ae45-0d5540681ac7,
1aa1c480-2aee-4e97-b1d9-4aad6d0584ef,9bead5bd-27cc-4bce-b348-dfdfe52bbcfa,88e748bc-6dcd-43b0-b2aa-107e7cb9954b,expense,600000.00,ganti plat,2026-02-19,2026-02-19 11:07:00+00,5d613a77-a05e-464c-ae45-0d5540681ac7,
1abb4064-b62b-480c-b8df-6bc8f10d1aa2,9bead5bd-27cc-4bce-b348-dfdfe52bbcfa,ef5c334f-9678-43a1-a24d-06ddf2ae4336,income,78260.00,-,2025-07-05,2025-07-05 18:41:00+00,1db96cc4-753b-4ea9-bdf5-9cf9c71fb00b,
1ac95283-ba3a-4dc7-9f7d-3f264440c080,9bead5bd-27cc-4bce-b348-dfdfe52bbcfa,3dfd2937-650e-4dfa-aa82-1532855306a0,expense,13000.00,-,2025-02-17,2025-02-17 11:20:00+00,1b52f4eb-1774-4bbf-9d75-2f22061418c0,
1b01f3fc-f9c8-4a08-a076-3972e0828fd5,9bead5bd-27cc-4bce-b348-dfdfe52bbcfa,,transfer,14000.00,-,2025-12-27,2025-12-27 09:36:00+00,ef945642-f8b2-43e7-8f16-1dfdf9802e69,d6c2f9dc-62aa-4d66-ae36-b8dd7f048e9c
1b42c3cf-3107-4128-bf81-681f488b7cf8,9bead5bd-27cc-4bce-b348-dfdfe52bbcfa,69cbbe19-e8fa-45c5-a250-77fd8aa3d98e,expense,45000.00,wifi,2025-07-18,2025-07-18 13:40:00+00,d6c2f9dc-62aa-4d66-ae36-b8dd7f048e9c,
1b832495-89de-4777-81dc-a500184f6e5c,9bead5bd-27cc-4bce-b348-dfdfe52bbcfa,69cbbe19-e8fa-45c5-a250-77fd8aa3d98e,expense,19850.00,,2026-05-19,2026-05-19 20:16:00+00,d6c2f9dc-62aa-4d66-ae36-b8dd7f048e9c,
1b9e8813-debe-482a-a446-322a45e695fb,9bead5bd-27cc-4bce-b348-dfdfe52bbcfa,,transfer,90634.00,-,2025-05-04,2025-05-04 13:57:00+00,d6c2f9dc-62aa-4d66-ae36-b8dd7f048e9c,ef0c2451-f7a3-483f-b498-009cff598508
1bed1a42-f3e9-4171-91c7-ce0adfb9dadf,9bead5bd-27cc-4bce-b348-dfdfe52bbcfa,,transfer,226000.00,-,2025-11-18,2025-11-18 06:41:00+00,82d51ed1-5076-450e-8ae1-4bbe92cec701,d6c2f9dc-62aa-4d66-ae36-b8dd7f048e9c
1bfee6fe-c731-4767-9f7e-9bcc76e69c62,9bead5bd-27cc-4bce-b348-dfdfe52bbcfa,417ffb54-8c5d-49a6-90bd-9748bb065b43,expense,8000.00,-,2025-11-24,2025-11-24 18:58:00+00,ef0c2451-f7a3-483f-b498-009cff598508,
1c1a3aee-0b3a-481b-8aa9-5f8df0483231,9bead5bd-27cc-4bce-b348-dfdfe52bbcfa,9e8d127f-fba2-437a-b77c-7f1f0074cf2a,expense,10700.00,,2026-04-14,2026-04-14 16:29:00+00,ef0c2451-f7a3-483f-b498-009cff598508,
1c4f1294-e2ec-4c3e-84c4-8350da21944d,9bead5bd-27cc-4bce-b348-dfdfe52bbcfa,ef5c334f-9678-43a1-a24d-06ddf2ae4336,income,61000.00,-,2025-11-01,2025-11-01 09:27:00+00,1b52f4eb-1774-4bbf-9d75-2f22061418c0,
1c960ae4-84b2-4eb0-8cc3-95310d8e5a6d,9bead5bd-27cc-4bce-b348-dfdfe52bbcfa,,transfer,43250.00,,2026-05-09,2026-05-09 23:46:00+00,d6c2f9dc-62aa-4d66-ae36-b8dd7f048e9c,ef0c2451-f7a3-483f-b498-009cff598508
1caeb30f-4180-4f74-8a50-91ce8b2397df,9bead5bd-27cc-4bce-b348-dfdfe52bbcfa,3c5231bc-d29d-4b03-991b-b59211c737f2,expense,34400.00,case,2025-02-08,2025-02-08 08:58:00+00,d6c2f9dc-62aa-4d66-ae36-b8dd7f048e9c,
1cb46f52-5d9c-4f1d-8fe8-0871cd8fe0c5,9bead5bd-27cc-4bce-b348-dfdfe52bbcfa,9e8d127f-fba2-437a-b77c-7f1f0074cf2a,expense,12000.00,-,2025-07-19,2025-07-19 08:32:00+00,1b52f4eb-1774-4bbf-9d75-2f22061418c0,
1cc8715d-1bd6-4d97-a168-8b84d4b3ee9c,9bead5bd-27cc-4bce-b348-dfdfe52bbcfa,3dfd2937-650e-4dfa-aa82-1532855306a0,expense,38500.00,"pasta gigi, mie",2025-06-28,2025-06-28 17:52:00+00,ef0c2451-f7a3-483f-b498-009cff598508,
1cd1b9e9-138b-4552-a485-d1cc1ff59c74,9bead5bd-27cc-4bce-b348-dfdfe52bbcfa,c363bb9a-e1c1-4485-a21b-d5cb69be8ac5,expense,50000.00,-,2025-04-18,2025-04-18 18:09:00+00,1b52f4eb-1774-4bbf-9d75-2f22061418c0,
1cdea417-b88c-4f66-927b-2e28efdd5901,9bead5bd-27cc-4bce-b348-dfdfe52bbcfa,71db4328-07e5-48f3-8a41-32ddb7391fed,expense,8000.00,-,2025-07-14,2025-07-14 18:23:00+00,1b52f4eb-1774-4bbf-9d75-2f22061418c0,
1cf694a4-9d6b-42d3-8099-bc632cc74d59,9bead5bd-27cc-4bce-b348-dfdfe52bbcfa,,transfer,4000000.00,,2026-05-30,2026-05-30 11:13:00+00,d1d65a47-79be-472a-8e7c-191ddef21252,82d51ed1-5076-450e-8ae1-4bbe92cec701
1cfc11bd-31ae-4587-9007-738597e400e8,9bead5bd-27cc-4bce-b348-dfdfe52bbcfa,9e8d127f-fba2-437a-b77c-7f1f0074cf2a,expense,15000.00,,2026-01-12,2026-01-12 13:00:00+00,1b52f4eb-1774-4bbf-9d75-2f22061418c0,
1db607a2-9e28-42b5-8e5c-69ad8c8ad183,9bead5bd-27cc-4bce-b348-dfdfe52bbcfa,,transfer,1000000.00,,2026-02-23,2026-02-23 11:28:00+00,82d51ed1-5076-450e-8ae1-4bbe92cec701,ef0c2451-f7a3-483f-b498-009cff598508
1e2334b1-2fcb-4562-8644-8e49b8c4e920,9bead5bd-27cc-4bce-b348-dfdfe52bbcfa,9e8d127f-fba2-437a-b77c-7f1f0074cf2a,expense,11850.00,,2026-04-03,2026-04-03 09:12:00+00,d6c2f9dc-62aa-4d66-ae36-b8dd7f048e9c,
1e56a066-bd8a-41f6-aac6-670bf8042c77,9bead5bd-27cc-4bce-b348-dfdfe52bbcfa,3d15abb3-b62b-4772-b093-5880019049e3,expense,20500.00,-,2025-11-09,2025-11-09 19:05:00+00,ef0c2451-f7a3-483f-b498-009cff598508,
1e5affe1-1f3a-412b-a127-95550f2f9340,9bead5bd-27cc-4bce-b348-dfdfe52bbcfa,9e8d127f-fba2-437a-b77c-7f1f0074cf2a,expense,13000.00,-,2025-07-28,2025-07-28 21:25:00+00,82d51ed1-5076-450e-8ae1-4bbe92cec701,
1e6d5a8e-edd1-47e9-9322-e0da35fe72ed,9bead5bd-27cc-4bce-b348-dfdfe52bbcfa,,transfer,465227.00,,2026-06-20,2026-06-20 16:55:00+00,d1d65a47-79be-472a-8e7c-191ddef21252,ef945642-f8b2-43e7-8f16-1dfdf9802e69
1e6e1c2e-d88d-4ac7-8fe2-5f436a38a995,9bead5bd-27cc-4bce-b348-dfdfe52bbcfa,69cbbe19-e8fa-45c5-a250-77fd8aa3d98e,expense,58000.00,wifi,2025-11-21,2025-11-21 20:35:00+00,d6c2f9dc-62aa-4d66-ae36-b8dd7f048e9c,
1e969105-bcf6-4456-85e6-498347bccabe,9bead5bd-27cc-4bce-b348-dfdfe52bbcfa,861e04d0-951b-45e5-bf64-e0aecaf43eb7,expense,10000.00,SKL,2025-02-19,2025-02-19 12:15:00+00,1b52f4eb-1774-4bbf-9d75-2f22061418c0,
1eb13f6b-eb5b-42b6-ac94-9502d02a21aa,9bead5bd-27cc-4bce-b348-dfdfe52bbcfa,c2fa641c-c10c-46ea-a69b-e2e8fab6d2ef,expense,15000.00,,2026-04-26,2026-04-26 11:28:00+00,ef0c2451-f7a3-483f-b498-009cff598508,
1ede60f9-aaf9-4370-a7e0-37c096bc25d5,9bead5bd-27cc-4bce-b348-dfdfe52bbcfa,,transfer,8000.00,,2026-05-17,2026-05-17 18:32:00+00,d6c2f9dc-62aa-4d66-ae36-b8dd7f048e9c,ef0c2451-f7a3-483f-b498-009cff598508
1ef881ea-5920-4d3f-87ce-a9130b90a0fd,9bead5bd-27cc-4bce-b348-dfdfe52bbcfa,,transfer,20000.00,,2026-05-17,2026-05-17 09:22:00+00,1b52f4eb-1774-4bbf-9d75-2f22061418c0,ef0c2451-f7a3-483f-b498-009cff598508
1f1f9ddb-97f7-4862-8001-ba4c57f5cb53,9bead5bd-27cc-4bce-b348-dfdfe52bbcfa,417ffb54-8c5d-49a6-90bd-9748bb065b43,expense,6900.00,-,2025-10-09,2025-10-09 18:20:00+00,d6c2f9dc-62aa-4d66-ae36-b8dd7f048e9c,
1f69a4e6-336b-4519-a7c5-ba64f6dc9592,9bead5bd-27cc-4bce-b348-dfdfe52bbcfa,9e8d127f-fba2-437a-b77c-7f1f0074cf2a,expense,12000.00,-,2025-11-07,2025-11-07 19:47:00+00,d6c2f9dc-62aa-4d66-ae36-b8dd7f048e9c,
1f81397e-531f-4919-980c-e78c2778e7d5,9bead5bd-27cc-4bce-b348-dfdfe52bbcfa,a95286ad-558f-456c-a43e-791b6bee7426,expense,23400.00,alfamart - ijen,2026-06-28,2026-06-28 18:34:00+00,ef0c2451-f7a3-483f-b498-009cff598508,
1f8ba0b3-dd5a-4d5b-b8ce-faf03b6a333b,9bead5bd-27cc-4bce-b348-dfdfe52bbcfa,c363bb9a-e1c1-4485-a21b-d5cb69be8ac5,expense,25000.00,-,2025-12-01,2025-12-01 09:53:00+00,82d51ed1-5076-450e-8ae1-4bbe92cec701,
1f93f2d9-6a51-4714-b60a-f92f99f93b6d,9bead5bd-27cc-4bce-b348-dfdfe52bbcfa,,transfer,200000.00,-,2025-05-03,2025-05-03 17:17:00+00,ef0c2451-f7a3-483f-b498-009cff598508,1b52f4eb-1774-4bbf-9d75-2f22061418c0
1fafae2e-6ca9-4ec0-9670-d9d65351a3e7,9bead5bd-27cc-4bce-b348-dfdfe52bbcfa,,transfer,9300.00,-,2025-09-13,2025-09-13 18:15:00+00,ef0c2451-f7a3-483f-b498-009cff598508,82d51ed1-5076-450e-8ae1-4bbe92cec701
1fc18136-55ce-4c2b-a21e-5796c5cbcdf8,9bead5bd-27cc-4bce-b348-dfdfe52bbcfa,,transfer,150000.00,-,2025-02-23,2025-02-23 18:45:00+00,ef0c2451-f7a3-483f-b498-009cff598508,d6c2f9dc-62aa-4d66-ae36-b8dd7f048e9c
1ffe3bb9-7f0e-4e51-8ad6-6160e74b54dd,9bead5bd-27cc-4bce-b348-dfdfe52bbcfa,,transfer,10000.00,-,2025-02-18,2025-02-18 14:24:00+00,1db96cc4-753b-4ea9-bdf5-9cf9c71fb00b,ef0c2451-f7a3-483f-b498-009cff598508
202bfd8f-9212-4c9c-bd1b-e47a6853da87,9bead5bd-27cc-4bce-b348-dfdfe52bbcfa,,transfer,6000.00,-,2025-07-25,2025-07-25 08:20:00+00,1b52f4eb-1774-4bbf-9d75-2f22061418c0,82d51ed1-5076-450e-8ae1-4bbe92cec701
20300c93-1896-496b-a120-54449d14fdab,9bead5bd-27cc-4bce-b348-dfdfe52bbcfa,3dfd2937-650e-4dfa-aa82-1532855306a0,expense,14000.00,"paracold, tea",2025-12-17,2025-12-17 18:06:00+00,1b52f4eb-1774-4bbf-9d75-2f22061418c0,
2060da7c-e7b0-45c8-89b3-ff65d9654f97,9bead5bd-27cc-4bce-b348-dfdfe52bbcfa,,transfer,886000.00,,2026-06-27,2026-06-27 11:51:00+00,ef0c2451-f7a3-483f-b498-009cff598508,d1d65a47-79be-472a-8e7c-191ddef21252
20a7191c-b732-47da-987e-57f9b23cdf7e,9bead5bd-27cc-4bce-b348-dfdfe52bbcfa,,transfer,2000.00,-,2025-12-31,2025-12-31 14:34:00+00,1b52f4eb-1774-4bbf-9d75-2f22061418c0,ef0c2451-f7a3-483f-b498-009cff598508
20ac9f3c-6b9d-45ec-8564-5faff1a3b832,9bead5bd-27cc-4bce-b348-dfdfe52bbcfa,c363bb9a-e1c1-4485-a21b-d5cb69be8ac5,expense,10000.00,,2026-04-25,2026-04-25 11:46:00+00,1b52f4eb-1774-4bbf-9d75-2f22061418c0,
20ba3e3b-24f4-41dd-93ed-11b377d8307c,9bead5bd-27cc-4bce-b348-dfdfe52bbcfa,3dfd2937-650e-4dfa-aa82-1532855306a0,expense,11900.00,so klin,2025-10-05,2025-10-05 13:15:00+00,ef0c2451-f7a3-483f-b498-009cff598508,
20dc128b-9ac7-4c6b-bd7f-0ca5874bf169,9bead5bd-27cc-4bce-b348-dfdfe52bbcfa,4cc387d6-39b2-4734-9cf8-c0f2c3e66205,income,650000.00,-,2025-01-27,2025-01-27 11:43:00+00,1db96cc4-753b-4ea9-bdf5-9cf9c71fb00b,
212a9e02-137a-4f6d-b61e-74ba0b43f47c,9bead5bd-27cc-4bce-b348-dfdfe52bbcfa,a95286ad-558f-456c-a43e-791b6bee7426,expense,18000.00,cafe,2025-02-11,2025-02-11 20:27:00+00,1b52f4eb-1774-4bbf-9d75-2f22061418c0,
2133f73f-85ba-4563-9f01-826c92f1a33a,9bead5bd-27cc-4bce-b348-dfdfe52bbcfa,9e8d127f-fba2-437a-b77c-7f1f0074cf2a,expense,15000.00,-,2025-06-03,2025-06-03 20:12:00+00,1b52f4eb-1774-4bbf-9d75-2f22061418c0,
214129ab-8330-4dc0-b0e4-443179eea71b,9bead5bd-27cc-4bce-b348-dfdfe52bbcfa,a95286ad-558f-456c-a43e-791b6bee7426,expense,12000.00,,2026-06-03,2026-06-03 12:59:00+00,ef0c2451-f7a3-483f-b498-009cff598508,
21505eb0-96e1-4784-aac7-3880d88841eb,9bead5bd-27cc-4bce-b348-dfdfe52bbcfa,9e8d127f-fba2-437a-b77c-7f1f0074cf2a,expense,13000.00,-,2025-11-09,2025-11-09 19:52:00+00,82d51ed1-5076-450e-8ae1-4bbe92cec701,
215c846b-8168-4203-9341-183dc11c441e,9bead5bd-27cc-4bce-b348-dfdfe52bbcfa,d6b7f46d-c8b4-4cdf-822a-80d1083c7393,expense,6000.00,,2026-04-11,2026-04-11 10:05:00+00,ef0c2451-f7a3-483f-b498-009cff598508,
217af7eb-09c8-408e-ab08-96e168cb5d5f,9bead5bd-27cc-4bce-b348-dfdfe52bbcfa,a95286ad-558f-456c-a43e-791b6bee7426,expense,72000.00,Mt. Rante,2025-06-22,2025-06-22 18:04:00+00,1b52f4eb-1774-4bbf-9d75-2f22061418c0,
217e4f01-be37-483a-a679-1d680502a9ac,9bead5bd-27cc-4bce-b348-dfdfe52bbcfa,9eb96490-908d-4d01-bf88-5590e81f2e65,income,1150000.00,tesis DP,2025-04-19,2025-04-19 18:55:00+00,ef0c2451-f7a3-483f-b498-009cff598508,
2187fe21-bcdc-4f44-ac0d-d4f526f27d67,9bead5bd-27cc-4bce-b348-dfdfe52bbcfa,417ffb54-8c5d-49a6-90bd-9748bb065b43,expense,15000.00,,2026-06-12,2026-06-12 19:52:00+00,1b52f4eb-1774-4bbf-9d75-2f22061418c0,
21b3f6b0-ed8c-4cbe-825a-57f82046ddc2,9bead5bd-27cc-4bce-b348-dfdfe52bbcfa,c2fa641c-c10c-46ea-a69b-e2e8fab6d2ef,expense,17000.00,-,2025-09-19,2025-09-19 04:03:00+00,1db96cc4-753b-4ea9-bdf5-9cf9c71fb00b,
21df5aa8-a9bb-402f-a2b2-f1d21be511f9,9bead5bd-27cc-4bce-b348-dfdfe52bbcfa,69cbbe19-e8fa-45c5-a250-77fd8aa3d98e,expense,1350000.00,kos,2025-05-15,2025-05-15 08:03:00+00,1db96cc4-753b-4ea9-bdf5-9cf9c71fb00b,
21e4687a-38e9-4886-8d17-69156ce93a34,9bead5bd-27cc-4bce-b348-dfdfe52bbcfa,a95286ad-558f-456c-a43e-791b6bee7426,expense,11000.00,,2026-06-11,2026-06-11 17:52:00+00,ef0c2451-f7a3-483f-b498-009cff598508,
22039c93-fea3-4e7f-810e-2047cb541e92,9bead5bd-27cc-4bce-b348-dfdfe52bbcfa,,transfer,200000.00,,2026-01-17,2026-01-17 08:30:00+00,ef0c2451-f7a3-483f-b498-009cff598508,1b52f4eb-1774-4bbf-9d75-2f22061418c0
2216b80f-349b-414a-a97a-6e0208201cfe,9bead5bd-27cc-4bce-b348-dfdfe52bbcfa,3dfd2937-650e-4dfa-aa82-1532855306a0,expense,10000.00,-,2025-02-05,2025-02-05 19:19:00+00,1b52f4eb-1774-4bbf-9d75-2f22061418c0,
2225d9c2-50e1-4970-815f-c4fa6b5daed5,9bead5bd-27cc-4bce-b348-dfdfe52bbcfa,9e8d127f-fba2-437a-b77c-7f1f0074cf2a,expense,16800.00,-,2025-04-23,2025-04-23 08:57:00+00,d6c2f9dc-62aa-4d66-ae36-b8dd7f048e9c,
224027e7-51f3-41f6-a587-b92ab93e31f5,9bead5bd-27cc-4bce-b348-dfdfe52bbcfa,,transfer,44000.00,-,2025-06-30,2025-06-30 10:38:00+00,ef0c2451-f7a3-483f-b498-009cff598508,d6c2f9dc-62aa-4d66-ae36-b8dd7f048e9c
224627ae-f408-421b-b496-ddd7a32833da,9bead5bd-27cc-4bce-b348-dfdfe52bbcfa,9e8d127f-fba2-437a-b77c-7f1f0074cf2a,expense,13000.00,-,2025-12-21,2025-12-21 19:49:00+00,1b52f4eb-1774-4bbf-9d75-2f22061418c0,
225f7d43-0dc9-4c26-9638-691221db5147,9bead5bd-27cc-4bce-b348-dfdfe52bbcfa,c2fa641c-c10c-46ea-a69b-e2e8fab6d2ef,expense,75000.00,,2026-04-05,2026-04-05 14:18:00+00,ef0c2451-f7a3-483f-b498-009cff598508,
22604384-09d6-41fd-bc28-191f3ed62191,9bead5bd-27cc-4bce-b348-dfdfe52bbcfa,,transfer,1300000.00,-,2025-10-20,2025-10-20 11:07:00+00,ef0c2451-f7a3-483f-b498-009cff598508,ef945642-f8b2-43e7-8f16-1dfdf9802e69
22611cc7-73f8-458d-a1bd-53d77038557e,9bead5bd-27cc-4bce-b348-dfdfe52bbcfa,8c36b2da-48c2-4bd2-8df4-c1b94780d823,expense,30000.00,merbabu,2025-04-30,2025-04-30 20:12:00+00,1b52f4eb-1774-4bbf-9d75-2f22061418c0,
227053d9-618f-48db-8c14-8450cd97d89d,9bead5bd-27cc-4bce-b348-dfdfe52bbcfa,,transfer,10000.00,-,2025-04-26,2025-04-26 11:39:00+00,d6c2f9dc-62aa-4d66-ae36-b8dd7f048e9c,1b52f4eb-1774-4bbf-9d75-2f22061418c0
22898e62-ccfa-4c89-a42e-b0b3f7a5c903,9bead5bd-27cc-4bce-b348-dfdfe52bbcfa,9e8d127f-fba2-437a-b77c-7f1f0074cf2a,expense,10000.00,-,2025-02-14,2025-02-14 12:42:00+00,1b52f4eb-1774-4bbf-9d75-2f22061418c0,
22a25ec0-2d51-4d78-8abb-e2d360692132,9bead5bd-27cc-4bce-b348-dfdfe52bbcfa,9e8d127f-fba2-437a-b77c-7f1f0074cf2a,expense,15000.00,-,2025-08-31,2025-08-31 22:41:00+00,ef0c2451-f7a3-483f-b498-009cff598508,
22df6bfa-7fa8-4232-a651-13943bf76952,9bead5bd-27cc-4bce-b348-dfdfe52bbcfa,3d15abb3-b62b-4772-b093-5880019049e3,expense,18500.00,-,2025-12-07,2025-12-07 17:14:00+00,ef0c2451-f7a3-483f-b498-009cff598508,
22e3f645-cb03-4105-bd2a-75c8c5af59c3,9bead5bd-27cc-4bce-b348-dfdfe52bbcfa,04d94b74-503f-4e20-b426-649acd17779d,expense,200000.00,-,2025-12-28,2025-12-28 07:00:00+00,1b52f4eb-1774-4bbf-9d75-2f22061418c0,
22ef0f02-56a6-4cb7-99ef-f0d6c7758132,9bead5bd-27cc-4bce-b348-dfdfe52bbcfa,c2fa641c-c10c-46ea-a69b-e2e8fab6d2ef,expense,17000.00,-,2025-03-19,2025-03-19 08:01:00+00,1db96cc4-753b-4ea9-bdf5-9cf9c71fb00b,
22fda600-0f5e-4d23-af42-8a1ae2b5f2fe,9bead5bd-27cc-4bce-b348-dfdfe52bbcfa,,transfer,27000.00,,2026-05-11,2026-05-11 14:03:00+00,ef0c2451-f7a3-483f-b498-009cff598508,d6c2f9dc-62aa-4d66-ae36-b8dd7f048e9c
23029cd4-b136-4af3-826d-bfaad52574ea,9bead5bd-27cc-4bce-b348-dfdfe52bbcfa,c363bb9a-e1c1-4485-a21b-d5cb69be8ac5,expense,30000.00,-,2025-11-10,2025-11-10 18:53:00+00,1b52f4eb-1774-4bbf-9d75-2f22061418c0,
233aed01-6a86-4263-80ff-fe195081505c,9bead5bd-27cc-4bce-b348-dfdfe52bbcfa,9e8d127f-fba2-437a-b77c-7f1f0074cf2a,expense,38600.00,-,2025-02-20,2025-02-20 18:21:00+00,d6c2f9dc-62aa-4d66-ae36-b8dd7f048e9c,
234dc280-df9a-4448-8cbc-7f3a82649861,9bead5bd-27cc-4bce-b348-dfdfe52bbcfa,9e8d127f-fba2-437a-b77c-7f1f0074cf2a,expense,13000.00,-,2025-10-28,2025-10-28 18:16:00+00,1b52f4eb-1774-4bbf-9d75-2f22061418c0,
23bbdc7e-f287-4d34-8548-c88e974a8cfb,9bead5bd-27cc-4bce-b348-dfdfe52bbcfa,,expense,100.00,Penyesuaian Saldo Awal - Seabank,2025-01-01,2025-01-01 00:00:00+00,ef945642-f8b2-43e7-8f16-1dfdf9802e69,
23e4078c-55d9-42f8-bdeb-ee7fb325c716,9bead5bd-27cc-4bce-b348-dfdfe52bbcfa,,transfer,32800.00,-,2025-08-29,2025-08-29 19:54:00+00,ef0c2451-f7a3-483f-b498-009cff598508,82d51ed1-5076-450e-8ae1-4bbe92cec701
23ebcdf1-8b37-480b-9eb5-c04418200e35,9bead5bd-27cc-4bce-b348-dfdfe52bbcfa,04bbb778-c16c-48b3-86d6-e5bceea67e4d,expense,18000.00,-,2025-07-21,2025-07-21 17:45:00+00,ef0c2451-f7a3-483f-b498-009cff598508,
23f04b89-d8b3-481e-bfbb-ad091099deb1,9bead5bd-27cc-4bce-b348-dfdfe52bbcfa,9e8d127f-fba2-437a-b77c-7f1f0074cf2a,expense,12000.00,-,2025-08-18,2025-08-18 17:34:00+00,82d51ed1-5076-450e-8ae1-4bbe92cec701,
23fc5112-17c4-49d1-8f97-6907d788d739,9bead5bd-27cc-4bce-b348-dfdfe52bbcfa,,transfer,5000.00,-,2025-11-18,2025-11-18 22:09:00+00,1b52f4eb-1774-4bbf-9d75-2f22061418c0,82d51ed1-5076-450e-8ae1-4bbe92cec701
240de6d2-7ea9-4c8a-a2cf-432273c46db0,9bead5bd-27cc-4bce-b348-dfdfe52bbcfa,ef5c334f-9678-43a1-a24d-06ddf2ae4336,income,856.00,Koreksi saldo,2025-09-02,2025-09-02 01:59:00+00,c2b7adda-52b3-4d0f-949b-8c8f2930f6b0,
242d95ea-5ac0-4bdd-9bb5-8789d9ef63e7,9bead5bd-27cc-4bce-b348-dfdfe52bbcfa,56fadd62-20d5-4988-a5ff-3e86fdc5fa7d,income,10000.00,,2026-06-13,2026-06-13 12:18:00+00,474b878e-ac87-4a17-b5ea-e104268d14dd,
242de896-4351-4439-a2ce-cb2330e85dd5,9bead5bd-27cc-4bce-b348-dfdfe52bbcfa,,transfer,100000.00,,2026-08-16,2026-08-16 08:44:00+00,82d51ed1-5076-450e-8ae1-4bbe92cec701,d6c2f9dc-62aa-4d66-ae36-b8dd7f048e9c
24477078-2f58-4128-881b-7f157f692134,9bead5bd-27cc-4bce-b348-dfdfe52bbcfa,ef5c334f-9678-43a1-a24d-06ddf2ae4336,expense,550.00,Koreksi saldo,2025-09-20,2025-09-20 10:15:16+00,d6c2f9dc-62aa-4d66-ae36-b8dd7f048e9c,
244b5189-9ace-4ce1-a000-8ad285f78591,9bead5bd-27cc-4bce-b348-dfdfe52bbcfa,9e8d127f-fba2-437a-b77c-7f1f0074cf2a,expense,16000.00,-,2025-11-18,2025-11-18 21:34:00+00,ef945642-f8b2-43e7-8f16-1dfdf9802e69,
24570b81-b824-4d2c-9a86-8b1b1d45baee,9bead5bd-27cc-4bce-b348-dfdfe52bbcfa,3d15abb3-b62b-4772-b093-5880019049e3,expense,22000.00,-,2025-02-19,2025-02-19 18:35:00+00,1b52f4eb-1774-4bbf-9d75-2f22061418c0,
24594892-41d5-49ad-a5b4-47a6c0a3d909,9bead5bd-27cc-4bce-b348-dfdfe52bbcfa,04bbb778-c16c-48b3-86d6-e5bceea67e4d,expense,11065.00,,2026-01-17,2026-01-17 13:30:00+00,8d5cd0ca-c9ea-4d7b-b428-4a0dedc8d833,
245c70e2-41a7-4395-acf0-202b7c904115,9bead5bd-27cc-4bce-b348-dfdfe52bbcfa,9e8d127f-fba2-437a-b77c-7f1f0074cf2a,expense,14000.00,,2026-06-20,2026-06-20 20:07:00+00,1b52f4eb-1774-4bbf-9d75-2f22061418c0,
2495502e-3224-4d80-9910-a1ba707decc0,9bead5bd-27cc-4bce-b348-dfdfe52bbcfa,,transfer,185000.00,,2026-07-07,2026-07-07 13:10:00+00,ef945642-f8b2-43e7-8f16-1dfdf9802e69,82d51ed1-5076-450e-8ae1-4bbe92cec701
24bb0d9c-552e-4032-80ce-59981f9946ed,9bead5bd-27cc-4bce-b348-dfdfe52bbcfa,417ffb54-8c5d-49a6-90bd-9748bb065b43,expense,12000.00,-,2025-12-23,2025-12-23 12:39:00+00,ef0c2451-f7a3-483f-b498-009cff598508,
24c8613d-5b0c-4615-903f-98aaec29321f,9bead5bd-27cc-4bce-b348-dfdfe52bbcfa,,transfer,100000.00,,2026-02-17,2026-02-17 11:46:00+00,ef0c2451-f7a3-483f-b498-009cff598508,1b52f4eb-1774-4bbf-9d75-2f22061418c0
24f40ee0-64b7-4e27-a336-849bca64c54f,9bead5bd-27cc-4bce-b348-dfdfe52bbcfa,,transfer,200000.00,-,2025-06-20,2025-06-20 12:14:00+00,ef0c2451-f7a3-483f-b498-009cff598508,d6c2f9dc-62aa-4d66-ae36-b8dd7f048e9c
2530c130-6172-4783-94c5-4db379c7f4d3,9bead5bd-27cc-4bce-b348-dfdfe52bbcfa,,transfer,53900.00,,2026-06-20,2026-06-20 20:06:00+00,ef0c2451-f7a3-483f-b498-009cff598508,1b52f4eb-1774-4bbf-9d75-2f22061418c0
25775db1-ee84-41a3-9f54-058f7d92d831,9bead5bd-27cc-4bce-b348-dfdfe52bbcfa,69cbbe19-e8fa-45c5-a250-77fd8aa3d98e,expense,45000.00,wifi,2025-08-21,2025-08-21 16:14:00+00,d6c2f9dc-62aa-4d66-ae36-b8dd7f048e9c,
2593a480-60ff-4adf-bfe7-761a03b34f87,9bead5bd-27cc-4bce-b348-dfdfe52bbcfa,a95286ad-558f-456c-a43e-791b6bee7426,expense,33000.00,-,2025-05-23,2025-05-23 19:01:00+00,ef0c2451-f7a3-483f-b498-009cff598508,
2598c28d-41f6-4cf6-aa3d-83c814007cd6,9bead5bd-27cc-4bce-b348-dfdfe52bbcfa,d6b7f46d-c8b4-4cdf-822a-80d1083c7393,expense,12000.00,-,2025-11-16,2025-11-16 12:26:00+00,ef0c2451-f7a3-483f-b498-009cff598508,
25a48f33-8ccd-4e78-b5ae-44dd5d5198c2,9bead5bd-27cc-4bce-b348-dfdfe52bbcfa,,transfer,150000.00,-,2025-08-14,2025-08-14 11:17:00+00,ef0c2451-f7a3-483f-b498-009cff598508,d6c2f9dc-62aa-4d66-ae36-b8dd7f048e9c
25a75121-1fc1-4ed2-8577-37cf13b8a30f,9bead5bd-27cc-4bce-b348-dfdfe52bbcfa,,transfer,10000.00,-,2025-08-04,2025-08-04 00:17:00+00,1db96cc4-753b-4ea9-bdf5-9cf9c71fb00b,1b52f4eb-1774-4bbf-9d75-2f22061418c0
25b9355f-0652-45e4-9fa2-7b573e1d2012,9bead5bd-27cc-4bce-b348-dfdfe52bbcfa,,transfer,13062.00,-,2025-01-14,2025-01-14 08:58:00+00,ef0c2451-f7a3-483f-b498-009cff598508,4d401094-2758-4a23-b355-6f5250d51a16
25d326a3-f52d-4e35-a324-ed65114c7120,9bead5bd-27cc-4bce-b348-dfdfe52bbcfa,9e8d127f-fba2-437a-b77c-7f1f0074cf2a,expense,14195.00,-,2025-08-29,2025-08-29 10:44:00+00,d6c2f9dc-62aa-4d66-ae36-b8dd7f048e9c,
25fc13f9-2df7-4635-8952-28f8bc368f16,9bead5bd-27cc-4bce-b348-dfdfe52bbcfa,,transfer,100000.00,,2026-04-05,2026-04-05 20:12:00+00,d6c2f9dc-62aa-4d66-ae36-b8dd7f048e9c,ef945642-f8b2-43e7-8f16-1dfdf9802e69
2602b96c-0fcc-47ff-b0f6-df9504bf4e08,9bead5bd-27cc-4bce-b348-dfdfe52bbcfa,,transfer,40000.00,-,2025-12-31,2025-12-31 19:58:00+00,82d51ed1-5076-450e-8ae1-4bbe92cec701,ef0c2451-f7a3-483f-b498-009cff598508
260d3a5d-15aa-451d-85c5-3ff882f10388,9bead5bd-27cc-4bce-b348-dfdfe52bbcfa,9e8d127f-fba2-437a-b77c-7f1f0074cf2a,expense,23000.00,,2026-06-09,2026-06-09 10:45:00+00,ef945642-f8b2-43e7-8f16-1dfdf9802e69,
261a898b-04a4-412f-8799-f3f22f75db85,9bead5bd-27cc-4bce-b348-dfdfe52bbcfa,,transfer,54450.00,,2026-04-19,2026-04-19 05:59:00+00,ef0c2451-f7a3-483f-b498-009cff598508,82d51ed1-5076-450e-8ae1-4bbe92cec701
268a1e5d-1a31-4938-9584-4133bad46467,9bead5bd-27cc-4bce-b348-dfdfe52bbcfa,,transfer,1500000.00,,2026-03-10,2026-03-10 12:50:00+00,ef0c2451-f7a3-483f-b498-009cff598508,1b52f4eb-1774-4bbf-9d75-2f22061418c0
268bc92c-4b42-4c71-b7fe-bd6ba6919bf8,9bead5bd-27cc-4bce-b348-dfdfe52bbcfa,e66badba-dce0-4403-80cf-760a4f913399,expense,5000.00,-,2025-09-01,2025-09-01 09:32:00+00,ef0c2451-f7a3-483f-b498-009cff598508,
269d0323-7e77-42d3-9ee2-7efe1ae44ef6,9bead5bd-27cc-4bce-b348-dfdfe52bbcfa,,transfer,30000.00,,2026-06-12,2026-06-12 15:58:00+00,ef945642-f8b2-43e7-8f16-1dfdf9802e69,ef0c2451-f7a3-483f-b498-009cff598508
26a7386a-35e7-4c49-8a87-66e20af58622,9bead5bd-27cc-4bce-b348-dfdfe52bbcfa,e53b2a49-3ff8-4f1c-b16f-7e4eb7057130,expense,2000.00,-,2025-11-19,2025-11-19 18:52:00+00,1b52f4eb-1774-4bbf-9d75-2f22061418c0,
26b6f280-72b3-4577-a63b-4198e6dee04a,9bead5bd-27cc-4bce-b348-dfdfe52bbcfa,ef5c334f-9678-43a1-a24d-06ddf2ae4336,expense,3400.00,,2026-05-24,2026-05-24 17:54:00+00,ef0c2451-f7a3-483f-b498-009cff598508,
26d103da-1d57-4e6f-a311-4e8decd609f0,9bead5bd-27cc-4bce-b348-dfdfe52bbcfa,9e8d127f-fba2-437a-b77c-7f1f0074cf2a,expense,16000.00,-,2025-08-08,2025-08-08 21:17:00+00,1b52f4eb-1774-4bbf-9d75-2f22061418c0,
26f5552d-dd1e-4852-998d-7018c0bd6db6,9bead5bd-27cc-4bce-b348-dfdfe52bbcfa,04bbb778-c16c-48b3-86d6-e5bceea67e4d,expense,16500.00,,2026-08-16,2026-08-16 17:48:00+00,ef945642-f8b2-43e7-8f16-1dfdf9802e69,
270e402a-3691-441f-99e3-5754483e9e1e,9bead5bd-27cc-4bce-b348-dfdfe52bbcfa,3d15abb3-b62b-4772-b093-5880019049e3,expense,22000.00,galon,2025-05-25,2025-05-25 12:19:00+00,1b52f4eb-1774-4bbf-9d75-2f22061418c0,
273dbbd0-a18e-450f-a380-7a4f721c7aa0,9bead5bd-27cc-4bce-b348-dfdfe52bbcfa,9e8d127f-fba2-437a-b77c-7f1f0074cf2a,expense,14000.00,-,2025-01-20,2025-01-20 11:47:00+00,1b52f4eb-1774-4bbf-9d75-2f22061418c0,
27a02090-a5f2-4a53-9b04-10b173eb1cce,9bead5bd-27cc-4bce-b348-dfdfe52bbcfa,,transfer,50000.00,-,2025-08-31,2025-08-31 12:53:00+00,1b52f4eb-1774-4bbf-9d75-2f22061418c0,d6c2f9dc-62aa-4d66-ae36-b8dd7f048e9c
27a270c2-6360-45ec-9872-60a220a1c47a,9bead5bd-27cc-4bce-b348-dfdfe52bbcfa,4cc387d6-39b2-4734-9cf8-c0f2c3e66205,income,1500000.00,-,2025-10-20,2025-10-20 11:05:00+00,ef0c2451-f7a3-483f-b498-009cff598508,
27b5f6df-d2d0-44df-a4de-1e2eacd30e29,9bead5bd-27cc-4bce-b348-dfdfe52bbcfa,9e8d127f-fba2-437a-b77c-7f1f0074cf2a,expense,13000.00,-,2025-03-05,2025-03-05 14:09:00+00,ef0c2451-f7a3-483f-b498-009cff598508,
27c46a9b-e9f2-4ace-844f-3465231c0bc1,9bead5bd-27cc-4bce-b348-dfdfe52bbcfa,9e8d127f-fba2-437a-b77c-7f1f0074cf2a,expense,10000.00,-,2025-12-06,2025-12-06 10:15:00+00,ef0c2451-f7a3-483f-b498-009cff598508,
27cf7d68-5a8b-442f-bb9c-6e372ee8054f,9bead5bd-27cc-4bce-b348-dfdfe52bbcfa,9e8d127f-fba2-437a-b77c-7f1f0074cf2a,expense,13000.00,-,2025-12-30,2025-12-30 19:54:00+00,1b52f4eb-1774-4bbf-9d75-2f22061418c0,
27eae2a0-3579-4200-8507-ee11ac714e75,9bead5bd-27cc-4bce-b348-dfdfe52bbcfa,,expense,30000.00,Penyesuaian Saldo Awal - Piutang,2025-01-01,2025-01-01 00:00:00+00,82d51ed1-5076-450e-8ae1-4bbe92cec701,
27f79a5a-764c-4b59-b9d4-308c3942eb9d,9bead5bd-27cc-4bce-b348-dfdfe52bbcfa,9e8d127f-fba2-437a-b77c-7f1f0074cf2a,expense,18600.00,-,2025-01-17,2025-01-17 18:19:00+00,ef0c2451-f7a3-483f-b498-009cff598508,
284dd076-157d-4372-9c80-8c89e22dda7d,9bead5bd-27cc-4bce-b348-dfdfe52bbcfa,,transfer,82000.00,,2026-06-12,2026-06-12 15:38:00+00,82d51ed1-5076-450e-8ae1-4bbe92cec701,1b52f4eb-1774-4bbf-9d75-2f22061418c0
286dfbd2-ba81-4dce-84aa-6d209b3c3317,9bead5bd-27cc-4bce-b348-dfdfe52bbcfa,04d94b74-503f-4e20-b426-649acd17779d,expense,76160.00,buku prasty,2025-11-29,2025-11-29 21:15:00+00,d6c2f9dc-62aa-4d66-ae36-b8dd7f048e9c,
28970989-556c-42ff-8a94-1c89b1af0530,9bead5bd-27cc-4bce-b348-dfdfe52bbcfa,,transfer,150000.00,-,2025-09-23,2025-09-23 11:42:00+00,82d51ed1-5076-450e-8ae1-4bbe92cec701,1b52f4eb-1774-4bbf-9d75-2f22061418c0
292826b3-84f3-4911-966e-0ccf8622941f,9bead5bd-27cc-4bce-b348-dfdfe52bbcfa,,transfer,14000.00,-,2025-12-30,2025-12-30 19:57:00+00,1b52f4eb-1774-4bbf-9d75-2f22061418c0,82d51ed1-5076-450e-8ae1-4bbe92cec701
295df27b-0be2-4aa4-86ff-84a9f12bc979,9bead5bd-27cc-4bce-b348-dfdfe52bbcfa,f37df41e-f249-4312-886a-c27968ccb934,expense,20000.00,-,2025-10-02,2025-10-02 12:07:00+00,d6c2f9dc-62aa-4d66-ae36-b8dd7f048e9c,
296f760f-700d-4c4a-8b2b-132539c41876,9bead5bd-27cc-4bce-b348-dfdfe52bbcfa,ef5c334f-9678-43a1-a24d-06ddf2ae4336,income,6525.00,Koreksi saldo,2025-11-18,2025-11-18 22:26:00+00,ef945642-f8b2-43e7-8f16-1dfdf9802e69,
29bb2fe4-2b86-4455-a06b-e4e810c43536,9bead5bd-27cc-4bce-b348-dfdfe52bbcfa,,transfer,32000.00,-,2025-03-30,2025-03-30 09:43:00+00,1db96cc4-753b-4ea9-bdf5-9cf9c71fb00b,ef0c2451-f7a3-483f-b498-009cff598508
2a1ca284-8ea2-48fc-9e2d-bd3ec7828e4f,9bead5bd-27cc-4bce-b348-dfdfe52bbcfa,9e8d127f-fba2-437a-b77c-7f1f0074cf2a,expense,15000.00,-,2025-12-31,2025-12-31 12:55:00+00,8d5cd0ca-c9ea-4d7b-b428-4a0dedc8d833,
2a304980-0e89-446e-add2-632a9c8fa734,9bead5bd-27cc-4bce-b348-dfdfe52bbcfa,71db4328-07e5-48f3-8a41-32ddb7391fed,expense,10000.00,diapet,2025-04-05,2025-04-05 10:04:00+00,1b52f4eb-1774-4bbf-9d75-2f22061418c0,
2a97a0e4-1b80-4b6c-b383-1c8a5e7f5667,9bead5bd-27cc-4bce-b348-dfdfe52bbcfa,,transfer,7000.00,,2026-05-16,2026-05-16 08:08:00+00,1b52f4eb-1774-4bbf-9d75-2f22061418c0,ef0c2451-f7a3-483f-b498-009cff598508
2a9f1510-22af-4bfa-8b11-a21b9faf5860,9bead5bd-27cc-4bce-b348-dfdfe52bbcfa,9e8d127f-fba2-437a-b77c-7f1f0074cf2a,expense,10000.00,-,2025-11-11,2025-11-11 06:39:00+00,82d51ed1-5076-450e-8ae1-4bbe92cec701,
2aaedbae-ac31-43f8-9cf1-e61aaeda35e7,9bead5bd-27cc-4bce-b348-dfdfe52bbcfa,3d15abb3-b62b-4772-b093-5880019049e3,expense,7100.00,,2026-06-27,2026-06-27 12:11:00+00,1b52f4eb-1774-4bbf-9d75-2f22061418c0,
2ac797ed-0899-4335-9e0c-1b47434887df,9bead5bd-27cc-4bce-b348-dfdfe52bbcfa,,transfer,800000.00,,2026-01-06,2026-01-06 15:10:00+00,5d613a77-a05e-464c-ae45-0d5540681ac7,82d51ed1-5076-450e-8ae1-4bbe92cec701
2ace88eb-6409-4ca8-88b0-76a251bec01b,9bead5bd-27cc-4bce-b348-dfdfe52bbcfa,3d15abb3-b62b-4772-b093-5880019049e3,expense,21500.00,galon,2025-10-05,2025-10-05 13:15:00+00,ef0c2451-f7a3-483f-b498-009cff598508,
2b16c053-85f2-4854-972d-9214ea205e87,9bead5bd-27cc-4bce-b348-dfdfe52bbcfa,06c4dac0-5cd5-43ae-aeab-bd0ac041116b,expense,5000.00,-,2025-11-29,2025-11-29 21:14:00+00,82d51ed1-5076-450e-8ae1-4bbe92cec701,
2b448b93-696c-4319-ac86-5dfeca53eb6b,9bead5bd-27cc-4bce-b348-dfdfe52bbcfa,c2fa641c-c10c-46ea-a69b-e2e8fab6d2ef,expense,15000.00,,2026-06-28,2026-06-28 08:19:00+00,d6c2f9dc-62aa-4d66-ae36-b8dd7f048e9c,
2b5dce84-3c96-45fa-958e-df075957be48,9bead5bd-27cc-4bce-b348-dfdfe52bbcfa,9e8d127f-fba2-437a-b77c-7f1f0074cf2a,expense,25000.00,,2026-04-08,2026-04-08 18:44:00+00,d6c2f9dc-62aa-4d66-ae36-b8dd7f048e9c,
2b6796cb-faf8-43d3-944f-7a71036d42bb,9bead5bd-27cc-4bce-b348-dfdfe52bbcfa,06c4dac0-5cd5-43ae-aeab-bd0ac041116b,expense,5000.00,,2026-04-03,2026-04-03 17:40:00+00,1b52f4eb-1774-4bbf-9d75-2f22061418c0,
2b7729e5-7f91-46de-914c-0b1f5e018f8d,9bead5bd-27cc-4bce-b348-dfdfe52bbcfa,c363bb9a-e1c1-4485-a21b-d5cb69be8ac5,expense,50000.00,-,2025-04-02,2025-04-02 17:47:00+00,1b52f4eb-1774-4bbf-9d75-2f22061418c0,
2b7e181a-3dac-4447-ac35-692a90abc95b,9bead5bd-27cc-4bce-b348-dfdfe52bbcfa,417ffb54-8c5d-49a6-90bd-9748bb065b43,expense,15000.00,,2026-05-26,2026-05-26 21:48:00+00,ef0c2451-f7a3-483f-b498-009cff598508,
2b9850e3-76fa-4652-b0cf-46362a6297cf,9bead5bd-27cc-4bce-b348-dfdfe52bbcfa,,transfer,150000.00,,2026-06-19,2026-06-19 12:55:00+00,ef0c2451-f7a3-483f-b498-009cff598508,1b52f4eb-1774-4bbf-9d75-2f22061418c0
2ba87c64-6858-4bbc-b81f-917785c04bd1,9bead5bd-27cc-4bce-b348-dfdfe52bbcfa,417ffb54-8c5d-49a6-90bd-9748bb065b43,expense,15000.00,,2026-05-14,2026-05-14 18:07:00+00,1b52f4eb-1774-4bbf-9d75-2f22061418c0,
2bacb19c-d7f3-4995-86ef-fda2a270e973,9bead5bd-27cc-4bce-b348-dfdfe52bbcfa,a95286ad-558f-456c-a43e-791b6bee7426,expense,35000.00,ijen,2026-06-29,2026-06-29 18:32:00+00,d6c2f9dc-62aa-4d66-ae36-b8dd7f048e9c,
2bc97099-0f66-4560-91cb-cad837192282,9bead5bd-27cc-4bce-b348-dfdfe52bbcfa,c363bb9a-e1c1-4485-a21b-d5cb69be8ac5,expense,20000.00,,2026-06-09,2026-06-09 07:40:00+00,1b52f4eb-1774-4bbf-9d75-2f22061418c0,
2beb7799-6159-48aa-b75f-a3120e57ee06,9bead5bd-27cc-4bce-b348-dfdfe52bbcfa,9e8d127f-fba2-437a-b77c-7f1f0074cf2a,expense,24000.00,,2026-02-28,2026-02-28 18:18:00+00,1b52f4eb-1774-4bbf-9d75-2f22061418c0,
2c44d960-1038-44a4-9b9a-4ae80019f32d,9bead5bd-27cc-4bce-b348-dfdfe52bbcfa,9e8d127f-fba2-437a-b77c-7f1f0074cf2a,expense,15000.00,-,2025-10-19,2025-10-19 21:10:00+00,1b52f4eb-1774-4bbf-9d75-2f22061418c0,
2c5424d9-60bb-43c8-968d-03f87fd792eb,9bead5bd-27cc-4bce-b348-dfdfe52bbcfa,ffea2dd4-8c8d-4442-a93a-c4cee0ccee55,expense,39575.00,aki,2026-07-20,2026-07-20 12:30:00+00,d6c2f9dc-62aa-4d66-ae36-b8dd7f048e9c,
2c8a25ae-a7b0-46ed-8677-eb5373ee7426,9bead5bd-27cc-4bce-b348-dfdfe52bbcfa,,transfer,892500.00,-,2025-01-02,2025-01-02 06:00:00+00,1db96cc4-753b-4ea9-bdf5-9cf9c71fb00b,ef0c2451-f7a3-483f-b498-009cff598508
2cc4845c-c500-4e94-aac7-cae686f304a3,9bead5bd-27cc-4bce-b348-dfdfe52bbcfa,c363bb9a-e1c1-4485-a21b-d5cb69be8ac5,expense,50000.00,-,2025-03-17,2025-03-17 16:38:00+00,1b52f4eb-1774-4bbf-9d75-2f22061418c0,
2ccd0a3c-cebc-42c8-bba0-371fb4249aff,9bead5bd-27cc-4bce-b348-dfdfe52bbcfa,94c7c221-c74d-4a89-a0ee-3c71a8260ac6,expense,5000.00,-,2025-02-21,2025-02-21 20:24:00+00,1b52f4eb-1774-4bbf-9d75-2f22061418c0,
2d34ab7a-1ae4-4927-8d26-a79f7ae983f7,9bead5bd-27cc-4bce-b348-dfdfe52bbcfa,9e8d127f-fba2-437a-b77c-7f1f0074cf2a,expense,23000.00,,2026-05-08,2026-05-08 19:41:00+00,1b52f4eb-1774-4bbf-9d75-2f22061418c0,
2d69c1d3-a83b-404a-b738-665f2e082f52,9bead5bd-27cc-4bce-b348-dfdfe52bbcfa,,transfer,108500.00,,2026-06-02,2026-06-02 22:25:00+00,474b878e-ac87-4a17-b5ea-e104268d14dd,ef0c2451-f7a3-483f-b498-009cff598508
2d86a812-b3c1-4062-a742-7dbf121875c4,9bead5bd-27cc-4bce-b348-dfdfe52bbcfa,9e8d127f-fba2-437a-b77c-7f1f0074cf2a,expense,15000.00,,2026-04-14,2026-04-14 18:27:00+00,ef0c2451-f7a3-483f-b498-009cff598508,
2d9371f5-8a79-4fcc-9495-21507a898c9b,9bead5bd-27cc-4bce-b348-dfdfe52bbcfa,ef5c334f-9678-43a1-a24d-06ddf2ae4336,income,200000.00,-,2025-11-01,2025-11-01 09:20:00+00,ef0c2451-f7a3-483f-b498-009cff598508,
2d99e655-6b7c-41f5-8112-9ea4d828a906,9bead5bd-27cc-4bce-b348-dfdfe52bbcfa,9e8d127f-fba2-437a-b77c-7f1f0074cf2a,expense,34925.00,,2026-03-14,2026-03-14 19:28:00+00,ef0c2451-f7a3-483f-b498-009cff598508,
2dc30e91-8afe-4e77-8cc0-07b566d3e57b,9bead5bd-27cc-4bce-b348-dfdfe52bbcfa,3dfd2937-650e-4dfa-aa82-1532855306a0,expense,23000.00,-,2025-09-11,2025-09-11 18:05:00+00,1b52f4eb-1774-4bbf-9d75-2f22061418c0,
2dc3538c-243f-4ad1-b28c-10394bca9824,9bead5bd-27cc-4bce-b348-dfdfe52bbcfa,9e8d127f-fba2-437a-b77c-7f1f0074cf2a,expense,16000.00,-,2025-04-14,2025-04-14 20:35:00+00,d6c2f9dc-62aa-4d66-ae36-b8dd7f048e9c,
2dcb4b1b-6579-4abc-9e1a-9437109a69ab,9bead5bd-27cc-4bce-b348-dfdfe52bbcfa,,transfer,30000.00,,2026-08-29,2026-08-29 09:25:00+00,ef945642-f8b2-43e7-8f16-1dfdf9802e69,d6c2f9dc-62aa-4d66-ae36-b8dd7f048e9c
2dff0b11-9344-43a0-b451-151c79395273,9bead5bd-27cc-4bce-b348-dfdfe52bbcfa,a95286ad-558f-456c-a43e-791b6bee7426,expense,20000.00,-,2025-03-26,2025-03-26 22:58:00+00,ef0c2451-f7a3-483f-b498-009cff598508,
2e01e72b-d099-472f-a699-4e1552e6597a,9bead5bd-27cc-4bce-b348-dfdfe52bbcfa,,transfer,22409.00,,2026-01-04,2026-01-04 19:03:00+00,8d5cd0ca-c9ea-4d7b-b428-4a0dedc8d833,ef0c2451-f7a3-483f-b498-009cff598508
2e417df1-cc73-4d94-96bc-85704d9c598d,9bead5bd-27cc-4bce-b348-dfdfe52bbcfa,,transfer,104406.00,,2026-07-25,2026-07-25 13:25:00+00,ef945642-f8b2-43e7-8f16-1dfdf9802e69,ef0c2451-f7a3-483f-b498-009cff598508
2e5d1620-0d92-4291-bf79-a1d225332d89,9bead5bd-27cc-4bce-b348-dfdfe52bbcfa,89af7f66-fcf6-4ede-85ce-97818d8ee5e5,expense,74400.00,"sabun, listerin",2025-11-24,2025-11-24 18:20:00+00,ef0c2451-f7a3-483f-b498-009cff598508,
2e6a1eed-5b11-4397-a204-434d16add88f,9bead5bd-27cc-4bce-b348-dfdfe52bbcfa,04bbb778-c16c-48b3-86d6-e5bceea67e4d,expense,23250.00,,2026-04-30,2026-04-30 11:26:00+00,5d613a77-a05e-464c-ae45-0d5540681ac7,
2e86405b-1e88-406d-8ae0-074723865c37,9bead5bd-27cc-4bce-b348-dfdfe52bbcfa,04bbb778-c16c-48b3-86d6-e5bceea67e4d,expense,18000.00,-,2025-07-18,2025-07-18 19:35:00+00,ef0c2451-f7a3-483f-b498-009cff598508,
2eac5bf4-575a-414f-a3eb-2832bd6ca3b1,9bead5bd-27cc-4bce-b348-dfdfe52bbcfa,,transfer,7000.00,-,2025-01-08,2025-01-08 17:04:00+00,1db96cc4-753b-4ea9-bdf5-9cf9c71fb00b,1b52f4eb-1774-4bbf-9d75-2f22061418c0
2ebdfa14-7a45-47a8-b5eb-78253868f534,9bead5bd-27cc-4bce-b348-dfdfe52bbcfa,ef5c334f-9678-43a1-a24d-06ddf2ae4336,income,400000.00,Koreksi saldo,2025-03-04,2025-03-04 06:55:27+00,1db96cc4-753b-4ea9-bdf5-9cf9c71fb00b,
2ebe96bf-856a-4abd-a356-8286f9e3c40e,9bead5bd-27cc-4bce-b348-dfdfe52bbcfa,9e8d127f-fba2-437a-b77c-7f1f0074cf2a,expense,16580.00,,2026-05-02,2026-05-02 19:48:00+00,d6c2f9dc-62aa-4d66-ae36-b8dd7f048e9c,
2ed817ed-e974-40d3-a13b-9aaf62f2aeff,9bead5bd-27cc-4bce-b348-dfdfe52bbcfa,c2fa641c-c10c-46ea-a69b-e2e8fab6d2ef,expense,12000.00,,2026-06-21,2026-06-21 17:46:00+00,d6c2f9dc-62aa-4d66-ae36-b8dd7f048e9c,
2efef660-8d08-4867-ad3f-222c3fedec58,9bead5bd-27cc-4bce-b348-dfdfe52bbcfa,3dfd2937-650e-4dfa-aa82-1532855306a0,expense,7000.00,-,2025-05-15,2025-05-15 07:53:00+00,1b52f4eb-1774-4bbf-9d75-2f22061418c0,
2f0445ef-d96f-43a2-88c8-78811bf2a744,9bead5bd-27cc-4bce-b348-dfdfe52bbcfa,3dfd2937-650e-4dfa-aa82-1532855306a0,expense,12000.00,sunlight,2026-05-03,2026-05-03 12:06:00+00,ef0c2451-f7a3-483f-b498-009cff598508,
2f4468c2-048f-4aab-a8ec-a87258b19f13,9bead5bd-27cc-4bce-b348-dfdfe52bbcfa,,transfer,150000.00,-,2025-10-07,2025-10-07 10:28:00+00,ef0c2451-f7a3-483f-b498-009cff598508,d6c2f9dc-62aa-4d66-ae36-b8dd7f048e9c
2f50e648-2d00-4188-b1b1-e37ac4f1fb57,9bead5bd-27cc-4bce-b348-dfdfe52bbcfa,c7abc874-efb2-4281-a6cb-6f241da98254,income,31087.00,-,2025-12-28,2025-12-28 16:14:00+00,5d613a77-a05e-464c-ae45-0d5540681ac7,
2f602e2a-fbed-4de7-8ff7-3a0a079b59cf,9bead5bd-27cc-4bce-b348-dfdfe52bbcfa,c2fa641c-c10c-46ea-a69b-e2e8fab6d2ef,expense,25000.00,-,2025-06-06,2025-06-06 15:13:00+00,1db96cc4-753b-4ea9-bdf5-9cf9c71fb00b,
2f780bfa-b718-4db3-8274-866f71cfbf74,9bead5bd-27cc-4bce-b348-dfdfe52bbcfa,9e8d127f-fba2-437a-b77c-7f1f0074cf2a,expense,15000.00,,2026-04-16,2026-04-16 18:55:00+00,1b52f4eb-1774-4bbf-9d75-2f22061418c0,
2f8c59d3-70ef-4590-9244-14a0a2a7e542,9bead5bd-27cc-4bce-b348-dfdfe52bbcfa,ef5c334f-9678-43a1-a24d-06ddf2ae4336,income,274.00,Koreksi saldo,2025-09-02,2025-09-02 01:49:00+00,ef0c2451-f7a3-483f-b498-009cff598508,
2fbb096d-3948-4a4f-b265-aa1727135d1f,9bead5bd-27cc-4bce-b348-dfdfe52bbcfa,c363bb9a-e1c1-4485-a21b-d5cb69be8ac5,expense,50000.00,,2026-02-14,2026-02-14 10:36:00+00,1b52f4eb-1774-4bbf-9d75-2f22061418c0,
2fbc2dd2-cc68-44a2-b185-4c504433e6b0,9bead5bd-27cc-4bce-b348-dfdfe52bbcfa,c2fa641c-c10c-46ea-a69b-e2e8fab6d2ef,expense,15000.00,,2026-06-05,2026-06-05 13:01:00+00,ef0c2451-f7a3-483f-b498-009cff598508,
305228e2-97aa-429d-812e-8ab83f568939,9bead5bd-27cc-4bce-b348-dfdfe52bbcfa,c2fa641c-c10c-46ea-a69b-e2e8fab6d2ef,expense,17000.00,-,2025-09-12,2025-09-12 22:55:00+00,1db96cc4-753b-4ea9-bdf5-9cf9c71fb00b,
30cc8eba-9834-420e-b4b3-23fcd0f34111,9bead5bd-27cc-4bce-b348-dfdfe52bbcfa,06c4dac0-5cd5-43ae-aeab-bd0ac041116b,expense,9000.00,-,2025-03-17,2025-03-17 16:38:00+00,1b52f4eb-1774-4bbf-9d75-2f22061418c0,
30ce6486-7966-44b6-b19d-9c04fbe5f668,9bead5bd-27cc-4bce-b348-dfdfe52bbcfa,3d15abb3-b62b-4772-b093-5880019049e3,expense,22000.00,galon,2025-05-14,2025-05-14 12:05:00+00,1b52f4eb-1774-4bbf-9d75-2f22061418c0,
30e95c7c-b621-4b38-ad68-cda2aab6d5dc,9bead5bd-27cc-4bce-b348-dfdfe52bbcfa,9e8d127f-fba2-437a-b77c-7f1f0074cf2a,expense,20000.00,-,2025-12-14,2025-12-14 18:59:00+00,ef0c2451-f7a3-483f-b498-009cff598508,
30ed9845-3845-4430-8c93-9cbc2e509903,9bead5bd-27cc-4bce-b348-dfdfe52bbcfa,e53b2a49-3ff8-4f1c-b16f-7e4eb7057130,expense,3000.00,,2026-06-20,2026-06-20 13:16:00+00,1b52f4eb-1774-4bbf-9d75-2f22061418c0,
311a2956-2649-4a22-820c-fcf3ffddc14d,9bead5bd-27cc-4bce-b348-dfdfe52bbcfa,9e8d127f-fba2-437a-b77c-7f1f0074cf2a,expense,15497.00,-,2025-05-11,2025-05-11 07:46:00+00,d6c2f9dc-62aa-4d66-ae36-b8dd7f048e9c,
3134ab70-7dfe-4e9b-b0a0-b5fcddac1938,9bead5bd-27cc-4bce-b348-dfdfe52bbcfa,94c7c221-c74d-4a89-a0ee-3c71a8260ac6,expense,20000.00,,2026-06-02,2026-06-02 22:20:00+00,ef0c2451-f7a3-483f-b498-009cff598508,
315efdc6-78e7-4d52-aaf5-bfa064f2425d,9bead5bd-27cc-4bce-b348-dfdfe52bbcfa,ef5c334f-9678-43a1-a24d-06ddf2ae4336,expense,5000.00,-,2025-09-11,2025-09-11 21:52:00+00,1b52f4eb-1774-4bbf-9d75-2f22061418c0,
31a5c463-b092-4ab7-a9db-610ae0c03d16,9bead5bd-27cc-4bce-b348-dfdfe52bbcfa,06c4dac0-5cd5-43ae-aeab-bd0ac041116b,expense,5000.00,,2026-01-31,2026-01-31 09:04:00+00,ef0c2451-f7a3-483f-b498-009cff598508,
31ac9e85-13a0-4e52-bb0b-5bce3c5f7328,9bead5bd-27cc-4bce-b348-dfdfe52bbcfa,,transfer,45000.00,,2026-05-23,2026-05-23 17:43:00+00,82d51ed1-5076-450e-8ae1-4bbe92cec701,ef0c2451-f7a3-483f-b498-009cff598508
31d3d646-d65d-4bed-8bbb-806b64f351f1,9bead5bd-27cc-4bce-b348-dfdfe52bbcfa,ef5c334f-9678-43a1-a24d-06ddf2ae4336,income,3187.00,Koreksi saldo,2026-02-13,2026-02-13 04:01:33+00,ef0c2451-f7a3-483f-b498-009cff598508,
3214f71f-93d6-4970-8db6-45fbfc9e34bf,9bead5bd-27cc-4bce-b348-dfdfe52bbcfa,c363bb9a-e1c1-4485-a21b-d5cb69be8ac5,expense,30000.00,-,2025-04-26,2025-04-26 06:14:00+00,1b52f4eb-1774-4bbf-9d75-2f22061418c0,
32199f77-6f1c-4a3a-8fb3-a0e8233b11c9,9bead5bd-27cc-4bce-b348-dfdfe52bbcfa,9e8d127f-fba2-437a-b77c-7f1f0074cf2a,expense,50000.00,,2026-07-13,2026-07-13 17:05:00+00,1b52f4eb-1774-4bbf-9d75-2f22061418c0,
322b1780-c07e-43e9-b47c-9281617a86b8,9bead5bd-27cc-4bce-b348-dfdfe52bbcfa,04d94b74-503f-4e20-b426-649acd17779d,expense,100000.00,THR,2026-03-23,2026-03-23 08:35:00+00,1b52f4eb-1774-4bbf-9d75-2f22061418c0,
324ba619-8993-4cd4-964b-5c0ee5b3bbd3,9bead5bd-27cc-4bce-b348-dfdfe52bbcfa,,transfer,9000.00,,2026-01-25,2026-01-25 08:22:00+00,82d51ed1-5076-450e-8ae1-4bbe92cec701,ef0c2451-f7a3-483f-b498-009cff598508
3265f38e-724b-4198-9b2c-571a7e5fd70d,9bead5bd-27cc-4bce-b348-dfdfe52bbcfa,d6b7f46d-c8b4-4cdf-822a-80d1083c7393,expense,13000.00,-,2025-11-09,2025-11-09 19:55:00+00,ef0c2451-f7a3-483f-b498-009cff598508,
32661d63-110c-4167-a3ed-5bc84d35e6f1,9bead5bd-27cc-4bce-b348-dfdfe52bbcfa,e66badba-dce0-4403-80cf-760a4f913399,expense,5000.00,Admin Bank,2026-01-01,2026-01-01 06:00:00+00,ef0c2451-f7a3-483f-b498-009cff598508,
3295a48a-87ba-4725-b539-564cfaba9290,9bead5bd-27cc-4bce-b348-dfdfe52bbcfa,e53b2a49-3ff8-4f1c-b16f-7e4eb7057130,expense,7000.00,,2026-04-30,2026-04-30 11:24:00+00,1b52f4eb-1774-4bbf-9d75-2f22061418c0,
32a1f890-e424-4075-8b1e-30c1cc26182d,9bead5bd-27cc-4bce-b348-dfdfe52bbcfa,9e8d127f-fba2-437a-b77c-7f1f0074cf2a,expense,17035.00,,2026-05-16,2026-05-16 18:07:00+00,d6c2f9dc-62aa-4d66-ae36-b8dd7f048e9c,
32bdcb1b-8b7b-4576-a9ff-c7ab3e88f815,9bead5bd-27cc-4bce-b348-dfdfe52bbcfa,,transfer,47200.00,-,2025-12-15,2025-12-15 20:23:00+00,ef0c2451-f7a3-483f-b498-009cff598508,82d51ed1-5076-450e-8ae1-4bbe92cec701
33045343-3eaa-41ec-843c-b1db3ba807c3,9bead5bd-27cc-4bce-b348-dfdfe52bbcfa,9e8d127f-fba2-437a-b77c-7f1f0074cf2a,expense,15000.00,-,2025-04-26,2025-04-26 23:17:00+00,1b52f4eb-1774-4bbf-9d75-2f22061418c0,
33171bf8-ea2a-4fce-ab1c-c2bfbdc69767,9bead5bd-27cc-4bce-b348-dfdfe52bbcfa,,transfer,100000.00,-,2025-02-04,2025-02-04 12:31:00+00,ef0c2451-f7a3-483f-b498-009cff598508,1db96cc4-753b-4ea9-bdf5-9cf9c71fb00b
3355ee88-3193-4a11-bf15-495caf0ca8c6,9bead5bd-27cc-4bce-b348-dfdfe52bbcfa,d6b7f46d-c8b4-4cdf-822a-80d1083c7393,expense,6000.00,-,2025-12-07,2025-12-07 12:14:00+00,ef0c2451-f7a3-483f-b498-009cff598508,
335e5596-908b-4747-a083-2a60905c8ab2,9bead5bd-27cc-4bce-b348-dfdfe52bbcfa,,transfer,100000.00,,2026-01-26,2026-01-26 11:38:00+00,ef0c2451-f7a3-483f-b498-009cff598508,1db96cc4-753b-4ea9-bdf5-9cf9c71fb00b
336e3ba6-72fd-4251-af6b-f59ef6f3e2d0,9bead5bd-27cc-4bce-b348-dfdfe52bbcfa,c2fa641c-c10c-46ea-a69b-e2e8fab6d2ef,expense,15000.00,,2026-06-23,2026-06-23 13:21:00+00,ef0c2451-f7a3-483f-b498-009cff598508,
339a055f-0580-40d2-95e9-596e65620328,9bead5bd-27cc-4bce-b348-dfdfe52bbcfa,ef5c334f-9678-43a1-a24d-06ddf2ae4336,expense,500.00,Koreksi saldo,2025-02-11,2025-02-11 18:22:21+00,1db96cc4-753b-4ea9-bdf5-9cf9c71fb00b,
33ac2330-8af1-4a17-a695-588cec0dc6bb,9bead5bd-27cc-4bce-b348-dfdfe52bbcfa,04d94b74-503f-4e20-b426-649acd17779d,expense,46475.00,-,2025-07-23,2025-07-23 20:21:00+00,ef0c2451-f7a3-483f-b498-009cff598508,
33cb8d08-79f2-4ad8-ac94-293d005857a9,9bead5bd-27cc-4bce-b348-dfdfe52bbcfa,,transfer,24000.00,,2026-02-25,2026-02-25 06:23:00+00,d6c2f9dc-62aa-4d66-ae36-b8dd7f048e9c,1db96cc4-753b-4ea9-bdf5-9cf9c71fb00b
33d9eff3-3ff9-4b28-880b-ffadaf99031c,9bead5bd-27cc-4bce-b348-dfdfe52bbcfa,f37df41e-f249-4312-886a-c27968ccb934,expense,10000.00,duta,2025-01-15,2025-01-15 11:58:00+00,1b52f4eb-1774-4bbf-9d75-2f22061418c0,
33e63788-e85a-40ce-a8c3-77bd02ac3e63,9bead5bd-27cc-4bce-b348-dfdfe52bbcfa,,transfer,15000.00,-,2025-06-05,2025-06-05 12:09:00+00,d6c2f9dc-62aa-4d66-ae36-b8dd7f048e9c,1db96cc4-753b-4ea9-bdf5-9cf9c71fb00b
33ede8c9-c16f-4765-833a-283393a40ef3,9bead5bd-27cc-4bce-b348-dfdfe52bbcfa,9e8d127f-fba2-437a-b77c-7f1f0074cf2a,expense,36800.00,-,2025-03-10,2025-03-10 21:22:00+00,d6c2f9dc-62aa-4d66-ae36-b8dd7f048e9c,
33f7905d-8c63-49dc-a3e0-6449048e1925,9bead5bd-27cc-4bce-b348-dfdfe52bbcfa,9e8d127f-fba2-437a-b77c-7f1f0074cf2a,expense,20000.00,,2026-01-14,2026-01-14 12:15:00+00,ef0c2451-f7a3-483f-b498-009cff598508,
33fb3639-0a20-45ca-b142-d6cd2d7ab720,9bead5bd-27cc-4bce-b348-dfdfe52bbcfa,,transfer,80000.00,-,2025-04-19,2025-04-19 07:00:00+00,ef0c2451-f7a3-483f-b498-009cff598508,c2b7adda-52b3-4d0f-949b-8c8f2930f6b0
3404c901-db1b-43b9-a108-d64831790435,9bead5bd-27cc-4bce-b348-dfdfe52bbcfa,,transfer,100000.00,,2026-05-03,2026-05-03 10:17:00+00,ef0c2451-f7a3-483f-b498-009cff598508,3c862479-d55e-45c3-9ff5-d92e3b23f17f
34544933-fc1d-4017-9255-ddb776298e0b,9bead5bd-27cc-4bce-b348-dfdfe52bbcfa,0413cdfe-d251-4bca-bd5f-5d520d7076f6,income,106981.00,,2026-03-01,2026-03-01 16:45:00+00,ef945642-f8b2-43e7-8f16-1dfdf9802e69,
34860caf-c7d5-4c1a-be88-b48c41eb8c2c,9bead5bd-27cc-4bce-b348-dfdfe52bbcfa,417ffb54-8c5d-49a6-90bd-9748bb065b43,expense,16000.00,-,2025-12-30,2025-12-30 12:09:00+00,ef0c2451-f7a3-483f-b498-009cff598508,
34887955-b697-49d3-8aa0-bb62bf5705b7,9bead5bd-27cc-4bce-b348-dfdfe52bbcfa,e53b2a49-3ff8-4f1c-b16f-7e4eb7057130,expense,4000.00,,2026-03-05,2026-03-05 06:30:00+00,1b52f4eb-1774-4bbf-9d75-2f22061418c0,
34b67006-93af-4a5a-aeec-c69483cc8c44,9bead5bd-27cc-4bce-b348-dfdfe52bbcfa,c363bb9a-e1c1-4485-a21b-d5cb69be8ac5,expense,10000.00,-,2025-11-07,2025-11-07 08:47:00+00,d6c2f9dc-62aa-4d66-ae36-b8dd7f048e9c,
34f78955-b7d0-4906-83d9-208b38c78612,9bead5bd-27cc-4bce-b348-dfdfe52bbcfa,a95286ad-558f-456c-a43e-791b6bee7426,expense,10000.00,,2026-06-04,2026-06-04 13:03:00+00,1b52f4eb-1774-4bbf-9d75-2f22061418c0,
35210c39-32fa-4b5a-afe0-cc1dfe3c2905,9bead5bd-27cc-4bce-b348-dfdfe52bbcfa,06c4dac0-5cd5-43ae-aeab-bd0ac041116b,expense,56000.00,rem depan,2025-01-27,2025-01-27 13:19:00+00,1b52f4eb-1774-4bbf-9d75-2f22061418c0,
35218ba9-b3c1-424b-a9fc-8f4690b1fe63,9bead5bd-27cc-4bce-b348-dfdfe52bbcfa,,transfer,6000.00,,2026-01-17,2026-01-17 11:31:00+00,ef0c2451-f7a3-483f-b498-009cff598508,82d51ed1-5076-450e-8ae1-4bbe92cec701
355f63c9-9204-4683-a46c-a51a49c7b69c,9bead5bd-27cc-4bce-b348-dfdfe52bbcfa,c2fa641c-c10c-46ea-a69b-e2e8fab6d2ef,expense,38000.00,,2026-09-01,2026-09-01 03:13:00+00,d6c2f9dc-62aa-4d66-ae36-b8dd7f048e9c,
35601619-815b-4d44-a663-31ee1397f283,9bead5bd-27cc-4bce-b348-dfdfe52bbcfa,,transfer,100000.00,-,2025-04-06,2025-04-06 10:03:00+00,ef0c2451-f7a3-483f-b498-009cff598508,d6c2f9dc-62aa-4d66-ae36-b8dd7f048e9c
358c0e61-5395-48a2-aff7-1c5f1ae961ef,9bead5bd-27cc-4bce-b348-dfdfe52bbcfa,,transfer,602000.00,-,2025-01-30,2025-01-30 07:20:00+00,1db96cc4-753b-4ea9-bdf5-9cf9c71fb00b,ef0c2451-f7a3-483f-b498-009cff598508
35bcfeec-b19b-4e2d-9263-e342f7116bc2,9bead5bd-27cc-4bce-b348-dfdfe52bbcfa,,transfer,11000.00,-,2025-10-10,2025-10-10 07:52:00+00,ef0c2451-f7a3-483f-b498-009cff598508,1b52f4eb-1774-4bbf-9d75-2f22061418c0
361b0d26-f4a3-4b97-a939-4beba740b38e,9bead5bd-27cc-4bce-b348-dfdfe52bbcfa,ef5c334f-9678-43a1-a24d-06ddf2ae4336,expense,2000.00,,2026-06-26,2026-06-26 11:45:00+00,ef945642-f8b2-43e7-8f16-1dfdf9802e69,
3643f513-3a40-4622-93c1-8ed5462eb5c8,9bead5bd-27cc-4bce-b348-dfdfe52bbcfa,9e8d127f-fba2-437a-b77c-7f1f0074cf2a,expense,50000.00,,2026-06-23,2026-06-23 13:21:00+00,1b52f4eb-1774-4bbf-9d75-2f22061418c0,
365c6fa5-78ed-45f5-94f2-89bb32695d55,9bead5bd-27cc-4bce-b348-dfdfe52bbcfa,9e8d127f-fba2-437a-b77c-7f1f0074cf2a,expense,13000.00,-,2025-11-26,2025-11-26 18:17:00+00,ef0c2451-f7a3-483f-b498-009cff598508,
3672f281-c5f2-49af-9013-03aa88efd8d0,9bead5bd-27cc-4bce-b348-dfdfe52bbcfa,e66badba-dce0-4403-80cf-760a4f913399,expense,1000.00,-,2025-04-10,2025-04-10 11:56:00+00,d6c2f9dc-62aa-4d66-ae36-b8dd7f048e9c,
367a6613-a33a-4fbc-998b-6effbd4a8d41,9bead5bd-27cc-4bce-b348-dfdfe52bbcfa,9e8d127f-fba2-437a-b77c-7f1f0074cf2a,expense,11500.00,-,2025-10-14,2025-10-14 12:12:00+00,d6c2f9dc-62aa-4d66-ae36-b8dd7f048e9c,
3680da88-7572-45d7-8b9b-6d3566b666ed,9bead5bd-27cc-4bce-b348-dfdfe52bbcfa,04d94b74-503f-4e20-b426-649acd17779d,income,100000.00,-,2025-04-17,2025-04-17 20:56:00+00,1b52f4eb-1774-4bbf-9d75-2f22061418c0,
36d54481-75c6-481a-b2a3-11f46a6b3ae5,9bead5bd-27cc-4bce-b348-dfdfe52bbcfa,9e8d127f-fba2-437a-b77c-7f1f0074cf2a,expense,24750.00,-,2025-10-13,2025-10-13 11:35:00+00,d6c2f9dc-62aa-4d66-ae36-b8dd7f048e9c,
36e5a2ff-9a4e-412d-9105-b380edabf042,9bead5bd-27cc-4bce-b348-dfdfe52bbcfa,9e8d127f-fba2-437a-b77c-7f1f0074cf2a,expense,15000.00,-,2025-08-29,2025-08-29 19:51:00+00,82d51ed1-5076-450e-8ae1-4bbe92cec701,
36fcc9ca-21f3-4a4d-b78c-ec05c6d46aaa,9bead5bd-27cc-4bce-b348-dfdfe52bbcfa,9e8d127f-fba2-437a-b77c-7f1f0074cf2a,expense,14512.00,,2026-04-12,2026-04-12 06:47:00+00,d6c2f9dc-62aa-4d66-ae36-b8dd7f048e9c,
371cca00-0646-4729-89ad-aaea4dc9583b,9bead5bd-27cc-4bce-b348-dfdfe52bbcfa,,transfer,130000.00,,2026-07-16,2026-07-16 17:34:00+00,ef0c2451-f7a3-483f-b498-009cff598508,d6c2f9dc-62aa-4d66-ae36-b8dd7f048e9c
3731245e-d939-4edb-83f7-b6e2d9044865,9bead5bd-27cc-4bce-b348-dfdfe52bbcfa,,transfer,10000.00,,2026-03-28,2026-03-28 20:41:00+00,1b52f4eb-1774-4bbf-9d75-2f22061418c0,ef0c2451-f7a3-483f-b498-009cff598508
375196c5-14b6-42fe-a718-6f02932f3e55,9bead5bd-27cc-4bce-b348-dfdfe52bbcfa,,transfer,400000.00,-,2025-12-27,2025-12-27 08:36:00+00,ef0c2451-f7a3-483f-b498-009cff598508,1b52f4eb-1774-4bbf-9d75-2f22061418c0
37760404-847f-44a1-8c57-df08063dbc66,9bead5bd-27cc-4bce-b348-dfdfe52bbcfa,3dfd2937-650e-4dfa-aa82-1532855306a0,expense,3000.00,minuman,2025-01-02,2025-01-02 20:23:00+00,1b52f4eb-1774-4bbf-9d75-2f22061418c0,
377dd69e-0c24-4c9d-9f92-b790e5cc4612,9bead5bd-27cc-4bce-b348-dfdfe52bbcfa,,transfer,400000.00,,2026-05-30,2026-05-30 10:52:00+00,ef0c2451-f7a3-483f-b498-009cff598508,5d613a77-a05e-464c-ae45-0d5540681ac7
3794db83-a04e-41dc-a1fe-751977ca4dbf,9bead5bd-27cc-4bce-b348-dfdfe52bbcfa,,transfer,15000.00,,2026-07-09,2026-07-09 13:04:00+00,d6c2f9dc-62aa-4d66-ae36-b8dd7f048e9c,ef0c2451-f7a3-483f-b498-009cff598508
379bf6ea-9db0-499d-904e-567918bb69fb,9bead5bd-27cc-4bce-b348-dfdfe52bbcfa,,transfer,27150.00,-,2025-09-25,2025-09-25 19:10:00+00,d6c2f9dc-62aa-4d66-ae36-b8dd7f048e9c,82d51ed1-5076-450e-8ae1-4bbe92cec701
379e0f33-c5a6-478e-a38c-ad0c57088393,9bead5bd-27cc-4bce-b348-dfdfe52bbcfa,c2fa641c-c10c-46ea-a69b-e2e8fab6d2ef,expense,81000.00,,2026-03-04,2026-03-04 04:07:00+00,d6c2f9dc-62aa-4d66-ae36-b8dd7f048e9c,
37b48a6f-1f2c-4f5e-b820-0c72a93438a6,9bead5bd-27cc-4bce-b348-dfdfe52bbcfa,9e8d127f-fba2-437a-b77c-7f1f0074cf2a,expense,31750.00,-,2025-09-26,2025-09-26 13:33:00+00,d6c2f9dc-62aa-4d66-ae36-b8dd7f048e9c,
37b7894f-b9bc-4c2f-b356-74c303df2cd0,9bead5bd-27cc-4bce-b348-dfdfe52bbcfa,,transfer,29000.00,-,2025-09-16,2025-09-16 16:52:00+00,ef0c2451-f7a3-483f-b498-009cff598508,82d51ed1-5076-450e-8ae1-4bbe92cec701
37b88aa8-25b9-4e68-8125-ed60cbbcaac7,9bead5bd-27cc-4bce-b348-dfdfe52bbcfa,c363bb9a-e1c1-4485-a21b-d5cb69be8ac5,expense,20000.00,,2026-04-08,2026-04-08 17:45:00+00,d6c2f9dc-62aa-4d66-ae36-b8dd7f048e9c,
37ecc7d5-d801-4a68-a965-4c466512f87b,9bead5bd-27cc-4bce-b348-dfdfe52bbcfa,ef5c334f-9678-43a1-a24d-06ddf2ae4336,expense,500.00,Koreksi saldo,2025-02-16,2025-02-16 19:20:58+00,1db96cc4-753b-4ea9-bdf5-9cf9c71fb00b,
380a05de-b5ab-490c-9658-e3672b12c1ba,9bead5bd-27cc-4bce-b348-dfdfe52bbcfa,,transfer,200000.00,ibun,2026-03-26,2026-03-26 08:51:00+00,ef0c2451-f7a3-483f-b498-009cff598508,82d51ed1-5076-450e-8ae1-4bbe92cec701
38399374-4598-405c-9e5e-6332cf5efba2,9bead5bd-27cc-4bce-b348-dfdfe52bbcfa,9e8d127f-fba2-437a-b77c-7f1f0074cf2a,expense,18300.00,-,2025-05-01,2025-05-01 20:04:00+00,d6c2f9dc-62aa-4d66-ae36-b8dd7f048e9c,
383ca783-f254-4d4c-b4c0-acc1b3865bc2,9bead5bd-27cc-4bce-b348-dfdfe52bbcfa,9e8d127f-fba2-437a-b77c-7f1f0074cf2a,expense,14608.00,,2026-05-04,2026-05-04 07:10:00+00,d6c2f9dc-62aa-4d66-ae36-b8dd7f048e9c,
38603dfd-a4fd-4a68-a303-811c3a3aacf3,9bead5bd-27cc-4bce-b348-dfdfe52bbcfa,c7abc874-efb2-4281-a6cb-6f241da98254,income,23401.00,-,2025-11-29,2025-11-29 10:33:00+00,5d613a77-a05e-464c-ae45-0d5540681ac7,
38931e69-710f-4949-86c4-b7df41b10868,9bead5bd-27cc-4bce-b348-dfdfe52bbcfa,06c4dac0-5cd5-43ae-aeab-bd0ac041116b,expense,43100.00,Cover Jok,2026-01-24,2026-01-24 20:31:00+00,d6c2f9dc-62aa-4d66-ae36-b8dd7f048e9c,
38c0a1d3-2163-4ddb-bd55-b265e4aa4a4d,9bead5bd-27cc-4bce-b348-dfdfe52bbcfa,9e8d127f-fba2-437a-b77c-7f1f0074cf2a,expense,15000.00,-,2025-10-21,2025-10-21 17:49:00+00,1b52f4eb-1774-4bbf-9d75-2f22061418c0,
38c101aa-5fdd-4ff6-b346-c69c35eb34a7,9bead5bd-27cc-4bce-b348-dfdfe52bbcfa,417ffb54-8c5d-49a6-90bd-9748bb065b43,expense,14300.00,,2026-07-20,2026-07-20 17:30:00+00,d6c2f9dc-62aa-4d66-ae36-b8dd7f048e9c,
38ec6ecc-c5c8-476f-a09e-1d85b4b7b941,9bead5bd-27cc-4bce-b348-dfdfe52bbcfa,3dfd2937-650e-4dfa-aa82-1532855306a0,expense,10000.00,gula,2026-05-09,2026-05-09 12:43:00+00,3c862479-d55e-45c3-9ff5-d92e3b23f17f,
38f1dba5-ccd2-4f58-9e6d-c33298abcde6,9bead5bd-27cc-4bce-b348-dfdfe52bbcfa,9e8d127f-fba2-437a-b77c-7f1f0074cf2a,expense,13000.00,-,2025-08-11,2025-08-11 15:00:00+00,ef0c2451-f7a3-483f-b498-009cff598508,
391dc07d-01d9-4e11-a6e9-34d15fbc477c,9bead5bd-27cc-4bce-b348-dfdfe52bbcfa,04bbb778-c16c-48b3-86d6-e5bceea67e4d,expense,17700.00,,2026-04-19,2026-04-19 19:18:00+00,ef0c2451-f7a3-483f-b498-009cff598508,
3967070a-9373-4668-b027-c36961dc8d52,9bead5bd-27cc-4bce-b348-dfdfe52bbcfa,,transfer,16000.00,,2026-02-08,2026-02-08 12:54:00+00,d6c2f9dc-62aa-4d66-ae36-b8dd7f048e9c,ef0c2451-f7a3-483f-b498-009cff598508
39dc9662-9e65-480a-9510-f07ee33e98fa,9bead5bd-27cc-4bce-b348-dfdfe52bbcfa,,transfer,75000.00,,2026-03-14,2026-03-14 15:08:00+00,5d613a77-a05e-464c-ae45-0d5540681ac7,1b52f4eb-1774-4bbf-9d75-2f22061418c0
39fd0c09-5604-4fe2-8598-3d5c439099a4,9bead5bd-27cc-4bce-b348-dfdfe52bbcfa,e66badba-dce0-4403-80cf-760a4f913399,expense,1000.00,-,2025-01-14,2025-01-14 08:57:00+00,ef0c2451-f7a3-483f-b498-009cff598508,
3a155875-4b3b-4471-98db-1485e2bf20a1,9bead5bd-27cc-4bce-b348-dfdfe52bbcfa,,transfer,27000.00,,2026-01-20,2026-01-20 12:05:00+00,5d613a77-a05e-464c-ae45-0d5540681ac7,ef0c2451-f7a3-483f-b498-009cff598508
3a454a42-4606-4a9d-b6f8-dd8418e22402,9bead5bd-27cc-4bce-b348-dfdfe52bbcfa,9e8d127f-fba2-437a-b77c-7f1f0074cf2a,expense,18600.00,-,2025-07-11,2025-07-11 23:18:00+00,d6c2f9dc-62aa-4d66-ae36-b8dd7f048e9c,
3a4a56cd-2241-4613-8470-95f551f6e007,9bead5bd-27cc-4bce-b348-dfdfe52bbcfa,9e8d127f-fba2-437a-b77c-7f1f0074cf2a,expense,15000.00,-,2025-07-18,2025-07-18 15:03:00+00,1b52f4eb-1774-4bbf-9d75-2f22061418c0,
3a6bd966-6108-4b8e-93db-09cae2fdd029,9bead5bd-27cc-4bce-b348-dfdfe52bbcfa,9e8d127f-fba2-437a-b77c-7f1f0074cf2a,expense,10000.00,,2026-02-11,2026-02-11 18:00:00+00,ef0c2451-f7a3-483f-b498-009cff598508,
3a9433c6-d983-4f40-9bb5-133a10de4551,9bead5bd-27cc-4bce-b348-dfdfe52bbcfa,04bbb778-c16c-48b3-86d6-e5bceea67e4d,expense,11000.00,-,2025-08-03,2025-08-03 20:17:00+00,1db96cc4-753b-4ea9-bdf5-9cf9c71fb00b,
3a98db1c-0596-4271-b520-399bcc93e7c5,9bead5bd-27cc-4bce-b348-dfdfe52bbcfa,,transfer,20000.00,-,2025-02-24,2025-02-24 18:44:00+00,d6c2f9dc-62aa-4d66-ae36-b8dd7f048e9c,1b52f4eb-1774-4bbf-9d75-2f22061418c0
3aa68820-ad31-4253-86a8-a57f591dd962,9bead5bd-27cc-4bce-b348-dfdfe52bbcfa,,transfer,8000.00,,2026-01-04,2026-01-04 19:05:00+00,5d613a77-a05e-464c-ae45-0d5540681ac7,ef0c2451-f7a3-483f-b498-009cff598508
3abbd0b9-a487-43cd-9015-73c8d5a22d45,9bead5bd-27cc-4bce-b348-dfdfe52bbcfa,,transfer,4000.00,-,2025-11-15,2025-11-15 05:03:00+00,82d51ed1-5076-450e-8ae1-4bbe92cec701,ef0c2451-f7a3-483f-b498-009cff598508
3af604d9-6fef-4a2d-b5be-07f6cbc89288,9bead5bd-27cc-4bce-b348-dfdfe52bbcfa,06c4dac0-5cd5-43ae-aeab-bd0ac041116b,expense,118500.00,services,2026-06-02,2026-06-02 22:21:00+00,ef0c2451-f7a3-483f-b498-009cff598508,
3afed532-d9a3-4e37-a74c-90705d08f7ba,9bead5bd-27cc-4bce-b348-dfdfe52bbcfa,9e8d127f-fba2-437a-b77c-7f1f0074cf2a,expense,14000.00,-,2025-01-16,2025-01-16 21:08:00+00,1b52f4eb-1774-4bbf-9d75-2f22061418c0,
3b080fc8-79eb-4dfe-bbaa-09e06c8d8533,9bead5bd-27cc-4bce-b348-dfdfe52bbcfa,,transfer,9000.00,,2026-01-24,2026-01-24 20:29:00+00,d6c2f9dc-62aa-4d66-ae36-b8dd7f048e9c,82d51ed1-5076-450e-8ae1-4bbe92cec701
3b33c85e-2063-44ab-96b5-496d81d4677d,9bead5bd-27cc-4bce-b348-dfdfe52bbcfa,,transfer,450000.00,-,2025-02-08,2025-02-08 19:38:00+00,ef0c2451-f7a3-483f-b498-009cff598508,1b52f4eb-1774-4bbf-9d75-2f22061418c0
3b491194-a604-40f0-b8ed-25f0cc436b5d,9bead5bd-27cc-4bce-b348-dfdfe52bbcfa,a95286ad-558f-456c-a43e-791b6bee7426,expense,18000.00,cafe,2025-01-04,2025-01-04 16:00:00+00,1b52f4eb-1774-4bbf-9d75-2f22061418c0,
3b6738a5-8d33-4783-96b8-4b4cc9f972e7,9bead5bd-27cc-4bce-b348-dfdfe52bbcfa,,transfer,2640.00,,2026-05-09,2026-05-09 12:58:00+00,ef0c2451-f7a3-483f-b498-009cff598508,3c862479-d55e-45c3-9ff5-d92e3b23f17f
3b71d1ef-104e-40b0-93d5-84f3733105c3,9bead5bd-27cc-4bce-b348-dfdfe52bbcfa,e66badba-dce0-4403-80cf-760a4f913399,expense,5000.00,-,2025-03-01,2025-03-01 10:53:00+00,ef0c2451-f7a3-483f-b498-009cff598508,
3b77c0d6-bb8a-45c9-86ab-a0c18ac3983b,9bead5bd-27cc-4bce-b348-dfdfe52bbcfa,9e8d127f-fba2-437a-b77c-7f1f0074cf2a,expense,20000.00,-,2025-11-25,2025-11-25 12:59:00+00,ef0c2451-f7a3-483f-b498-009cff598508,
3b80dd10-f01c-457a-ba5a-16449d4549c6,9bead5bd-27cc-4bce-b348-dfdfe52bbcfa,c363bb9a-e1c1-4485-a21b-d5cb69be8ac5,expense,15000.00,,2026-07-11,2026-07-11 17:04:00+00,1b52f4eb-1774-4bbf-9d75-2f22061418c0,
3b9ebd02-9aa4-4746-a311-f1052307680f,9bead5bd-27cc-4bce-b348-dfdfe52bbcfa,,transfer,200000.00,-,2025-11-08,2025-11-08 18:35:00+00,ef0c2451-f7a3-483f-b498-009cff598508,1b52f4eb-1774-4bbf-9d75-2f22061418c0
3bca0e7e-ed64-429d-b331-de2edd1798f8,9bead5bd-27cc-4bce-b348-dfdfe52bbcfa,ef5c334f-9678-43a1-a24d-06ddf2ae4336,expense,3000.00,Koreksi saldo,2025-03-04,2025-03-04 18:53:11+00,d6c2f9dc-62aa-4d66-ae36-b8dd7f048e9c,
3bff9da6-fa6c-4afb-9e6b-c1f29a967b52,9bead5bd-27cc-4bce-b348-dfdfe52bbcfa,9e8d127f-fba2-437a-b77c-7f1f0074cf2a,expense,25900.00,-,2025-06-12,2025-06-12 10:23:00+00,d6c2f9dc-62aa-4d66-ae36-b8dd7f048e9c,
3c38a56a-2cb6-4eec-9aab-1b2ceeb1bac2,9bead5bd-27cc-4bce-b348-dfdfe52bbcfa,,transfer,100000.00,,2026-03-18,2026-03-18 15:39:00+00,1b52f4eb-1774-4bbf-9d75-2f22061418c0,82d51ed1-5076-450e-8ae1-4bbe92cec701
3c6b0539-81c6-4f64-b3ba-ba661f9f00dd,9bead5bd-27cc-4bce-b348-dfdfe52bbcfa,9e8d127f-fba2-437a-b77c-7f1f0074cf2a,expense,25900.00,-,2025-06-01,2025-06-01 22:06:00+00,d6c2f9dc-62aa-4d66-ae36-b8dd7f048e9c,
3c7aa3d5-6264-42d2-879b-b1437b4f2bdb,9bead5bd-27cc-4bce-b348-dfdfe52bbcfa,3dfd2937-650e-4dfa-aa82-1532855306a0,expense,6000.00,tisu,2025-10-25,2025-10-25 14:44:00+00,1b52f4eb-1774-4bbf-9d75-2f22061418c0,
3c93eecd-ccaf-4178-978b-54db668499cf,9bead5bd-27cc-4bce-b348-dfdfe52bbcfa,,transfer,210000.00,-,2025-04-04,2025-04-04 09:30:00+00,c2b7adda-52b3-4d0f-949b-8c8f2930f6b0,ef0c2451-f7a3-483f-b498-009cff598508
3ca0c232-b7d1-414a-8ae8-5752d6786b4b,9bead5bd-27cc-4bce-b348-dfdfe52bbcfa,c2fa641c-c10c-46ea-a69b-e2e8fab6d2ef,expense,15000.00,,2026-06-07,2026-06-07 18:56:00+00,ef0c2451-f7a3-483f-b498-009cff598508,
3cd6366b-3830-421c-b7c1-41fa189c9684,9bead5bd-27cc-4bce-b348-dfdfe52bbcfa,9eb96490-908d-4d01-bf88-5590e81f2e65,income,350000.00,-,2025-07-04,2025-07-04 12:28:00+00,ef0c2451-f7a3-483f-b498-009cff598508,
3cea7baa-f4c9-4bf2-afd0-ec46a7993949,9bead5bd-27cc-4bce-b348-dfdfe52bbcfa,c2fa641c-c10c-46ea-a69b-e2e8fab6d2ef,expense,45000.00,,2026-03-29,2026-03-29 16:17:00+00,ef0c2451-f7a3-483f-b498-009cff598508,
3d1c49ad-29b7-419f-b8e5-f6e02eeda83f,9bead5bd-27cc-4bce-b348-dfdfe52bbcfa,,transfer,1750000.00,,2026-08-26,2026-08-26 06:33:00+00,82d51ed1-5076-450e-8ae1-4bbe92cec701,ef0c2451-f7a3-483f-b498-009cff598508
3d251e67-8b0b-40a2-a716-b0792bfcfd7a,9bead5bd-27cc-4bce-b348-dfdfe52bbcfa,c2fa641c-c10c-46ea-a69b-e2e8fab6d2ef,expense,20000.00,-,2025-03-02,2025-03-02 17:07:00+00,1db96cc4-753b-4ea9-bdf5-9cf9c71fb00b,
3d27f9c0-ea0c-4b1a-994f-d8c23ab91065,9bead5bd-27cc-4bce-b348-dfdfe52bbcfa,,transfer,20000.00,,2026-05-10,2026-05-10 15:48:00+00,1b52f4eb-1774-4bbf-9d75-2f22061418c0,d6c2f9dc-62aa-4d66-ae36-b8dd7f048e9c
3d3334bb-c46b-43f3-be7c-4608c7e46cb5,9bead5bd-27cc-4bce-b348-dfdfe52bbcfa,9e8d127f-fba2-437a-b77c-7f1f0074cf2a,expense,15200.00,,2026-04-06,2026-04-06 18:54:00+00,d6c2f9dc-62aa-4d66-ae36-b8dd7f048e9c,
3d34c973-c2a0-4025-9b9c-696aae87da88,9bead5bd-27cc-4bce-b348-dfdfe52bbcfa,9e8d127f-fba2-437a-b77c-7f1f0074cf2a,expense,13000.00,,2026-01-27,2026-01-27 19:59:00+00,ef0c2451-f7a3-483f-b498-009cff598508,
3d5a1575-6d67-4964-8cc9-e59dd697f006,9bead5bd-27cc-4bce-b348-dfdfe52bbcfa,3d15abb3-b62b-4772-b093-5880019049e3,expense,5500.00,-,2025-12-28,2025-12-28 16:14:00+00,ef0c2451-f7a3-483f-b498-009cff598508,
3d6f6d99-4456-46f4-b7b0-edab17513f85,9bead5bd-27cc-4bce-b348-dfdfe52bbcfa,3dfd2937-650e-4dfa-aa82-1532855306a0,expense,11000.00,-,2025-10-22,2025-10-22 11:15:00+00,1b52f4eb-1774-4bbf-9d75-2f22061418c0,
3d76d11a-2ff6-477c-8b8b-7017160c611a,9bead5bd-27cc-4bce-b348-dfdfe52bbcfa,,transfer,5000.00,-,2025-08-26,2025-08-26 19:22:00+00,1b52f4eb-1774-4bbf-9d75-2f22061418c0,82d51ed1-5076-450e-8ae1-4bbe92cec701
3d9aab79-5ae2-40e2-bdad-2064cc58b3d2,9bead5bd-27cc-4bce-b348-dfdfe52bbcfa,9e8d127f-fba2-437a-b77c-7f1f0074cf2a,expense,17975.00,-,2025-08-14,2025-08-14 13:33:00+00,d6c2f9dc-62aa-4d66-ae36-b8dd7f048e9c,
3d9b9df7-6bbb-4a9d-b313-f59ce6d5f761,9bead5bd-27cc-4bce-b348-dfdfe52bbcfa,,transfer,34546.00,,2026-01-02,2026-01-02 19:30:00+00,8d5cd0ca-c9ea-4d7b-b428-4a0dedc8d833,82d51ed1-5076-450e-8ae1-4bbe92cec701
3dddc334-5ef2-4f95-803a-7f79ea3ce3a9,9bead5bd-27cc-4bce-b348-dfdfe52bbcfa,c363bb9a-e1c1-4485-a21b-d5cb69be8ac5,expense,20000.00,,2026-03-07,2026-03-07 12:24:00+00,1b52f4eb-1774-4bbf-9d75-2f22061418c0,
3e0f930f-a174-449c-8368-84edf607100b,9bead5bd-27cc-4bce-b348-dfdfe52bbcfa,e66badba-dce0-4403-80cf-760a4f913399,expense,5000.00,,2026-09-01,2026-09-01 03:10:00+00,ef0c2451-f7a3-483f-b498-009cff598508,
3e6a92b9-54e1-40d1-9ee0-89e02223ac04,9bead5bd-27cc-4bce-b348-dfdfe52bbcfa,9e8d127f-fba2-437a-b77c-7f1f0074cf2a,expense,27000.00,-,2025-07-12,2025-07-12 07:21:00+00,d6c2f9dc-62aa-4d66-ae36-b8dd7f048e9c,
3ea0a9be-e88c-4ead-8903-daa642ad4ada,9bead5bd-27cc-4bce-b348-dfdfe52bbcfa,,income,98250.00,Koreksi saldo,2026-01-01,2026-01-01 00:00:00+00,d6c2f9dc-62aa-4d66-ae36-b8dd7f048e9c,
3ed46a49-bca2-4f45-a8e0-77fc86aadb6a,9bead5bd-27cc-4bce-b348-dfdfe52bbcfa,04d94b74-503f-4e20-b426-649acd17779d,expense,78550.00,zia,2025-01-19,2025-01-19 20:46:00+00,ef0c2451-f7a3-483f-b498-009cff598508,
3ed51466-dc79-4699-bf44-075541e07f7a,9bead5bd-27cc-4bce-b348-dfdfe52bbcfa,9e8d127f-fba2-437a-b77c-7f1f0074cf2a,expense,15852.00,,2026-04-25,2026-04-25 19:34:00+00,d6c2f9dc-62aa-4d66-ae36-b8dd7f048e9c,
3edf2a68-5ed6-4330-8212-d9da684ae261,9bead5bd-27cc-4bce-b348-dfdfe52bbcfa,,transfer,26000.00,hotways,2025-12-18,2025-12-18 18:09:00+00,ef0c2451-f7a3-483f-b498-009cff598508,82d51ed1-5076-450e-8ae1-4bbe92cec701
3ee9ae5a-7ebd-4982-9e44-205818b8b3f4,9bead5bd-27cc-4bce-b348-dfdfe52bbcfa,04d94b74-503f-4e20-b426-649acd17779d,expense,22500.00,,2026-02-12,2026-02-12 12:42:00+00,ef0c2451-f7a3-483f-b498-009cff598508,
3eeeaf25-cfea-46df-8f14-fef7a34e07ac,9bead5bd-27cc-4bce-b348-dfdfe52bbcfa,9e8d127f-fba2-437a-b77c-7f1f0074cf2a,expense,14000.00,-,2025-02-19,2025-02-19 12:15:00+00,1b52f4eb-1774-4bbf-9d75-2f22061418c0,
3f1e628b-cf1f-4ad8-8ab3-c1396c18852a,9bead5bd-27cc-4bce-b348-dfdfe52bbcfa,861e04d0-951b-45e5-bf64-e0aecaf43eb7,expense,17862.00,,2026-08-08,2026-08-08 21:06:00+00,ef945642-f8b2-43e7-8f16-1dfdf9802e69,
3f26aae3-b099-4f99-9962-9eafa4f4e445,9bead5bd-27cc-4bce-b348-dfdfe52bbcfa,9e8d127f-fba2-437a-b77c-7f1f0074cf2a,expense,13780.00,,2026-06-09,2026-06-09 07:43:00+00,d6c2f9dc-62aa-4d66-ae36-b8dd7f048e9c,
3f2f277d-7eee-4abd-a1e5-04eb22a185d0,9bead5bd-27cc-4bce-b348-dfdfe52bbcfa,,transfer,1300.00,,2026-01-18,2026-01-18 09:31:00+00,1db96cc4-753b-4ea9-bdf5-9cf9c71fb00b,d6c2f9dc-62aa-4d66-ae36-b8dd7f048e9c
3f40de30-3bc5-4a8f-8318-a6077343b2c6,9bead5bd-27cc-4bce-b348-dfdfe52bbcfa,06c4dac0-5cd5-43ae-aeab-bd0ac041116b,expense,128000.00,,2026-01-12,2026-01-12 11:51:00+00,ef0c2451-f7a3-483f-b498-009cff598508,
3f5571b4-0f28-4cb6-86a2-1068115cb626,9bead5bd-27cc-4bce-b348-dfdfe52bbcfa,,income,5901.00,Koreksi saldo,2026-01-01,2026-01-01 00:00:00+00,1db96cc4-753b-4ea9-bdf5-9cf9c71fb00b,
3fa32df4-5459-4141-b365-b8ed4688045e,9bead5bd-27cc-4bce-b348-dfdfe52bbcfa,,transfer,1500000.00,crypto,2025-03-05,2025-03-05 23:38:00+00,ef0c2451-f7a3-483f-b498-009cff598508,d1d65a47-79be-472a-8e7c-191ddef21252
3fa6c3b7-21d6-474f-846f-c86187730d62,9bead5bd-27cc-4bce-b348-dfdfe52bbcfa,9e8d127f-fba2-437a-b77c-7f1f0074cf2a,expense,29800.00,-,2025-05-05,2025-05-05 16:21:00+00,d6c2f9dc-62aa-4d66-ae36-b8dd7f048e9c,
3fee65b3-9124-494c-853e-eda44fad129f,9bead5bd-27cc-4bce-b348-dfdfe52bbcfa,a95286ad-558f-456c-a43e-791b6bee7426,expense,15000.00,ps,2025-09-16,2025-09-16 16:51:00+00,1b52f4eb-1774-4bbf-9d75-2f22061418c0,
4000c435-14a8-482e-bdc0-54c7cf284e32,9bead5bd-27cc-4bce-b348-dfdfe52bbcfa,,transfer,200000.00,,2026-04-11,2026-04-11 10:04:00+00,82d51ed1-5076-450e-8ae1-4bbe92cec701,1b52f4eb-1774-4bbf-9d75-2f22061418c0
400ea8fd-dacf-437c-af62-a823c531fe4a,9bead5bd-27cc-4bce-b348-dfdfe52bbcfa,ef5c334f-9678-43a1-a24d-06ddf2ae4336,income,1002.00,Koreksi saldo,2026-02-28,2026-02-28 08:17:04+00,8d5cd0ca-c9ea-4d7b-b428-4a0dedc8d833,
40184207-7123-44c1-846c-1f21368383ce,9bead5bd-27cc-4bce-b348-dfdfe52bbcfa,9e8d127f-fba2-437a-b77c-7f1f0074cf2a,expense,32400.00,,2026-03-25,2026-03-25 17:59:00+00,ef0c2451-f7a3-483f-b498-009cff598508,
40239329-9006-4fe3-8d6e-afcee9450e76,9bead5bd-27cc-4bce-b348-dfdfe52bbcfa,3d15abb3-b62b-4772-b093-5880019049e3,expense,12750.00,,2026-06-02,2026-06-02 22:18:00+00,5d613a77-a05e-464c-ae45-0d5540681ac7,
4048d1d5-331a-4471-ac83-b4edc6581505,9bead5bd-27cc-4bce-b348-dfdfe52bbcfa,9e8d127f-fba2-437a-b77c-7f1f0074cf2a,expense,15000.00,,2026-02-18,2026-02-18 22:13:00+00,ef0c2451-f7a3-483f-b498-009cff598508,
40556cc6-1ce1-4d74-9611-49237f89da76,9bead5bd-27cc-4bce-b348-dfdfe52bbcfa,c363bb9a-e1c1-4485-a21b-d5cb69be8ac5,expense,25000.00,,2026-05-12,2026-05-12 13:00:00+00,1b52f4eb-1774-4bbf-9d75-2f22061418c0,
407e6f6f-e6fa-4b70-a773-795e2e86c0b8,9bead5bd-27cc-4bce-b348-dfdfe52bbcfa,9e8d127f-fba2-437a-b77c-7f1f0074cf2a,expense,15000.00,-,2025-01-23,2025-01-23 20:11:00+00,1b52f4eb-1774-4bbf-9d75-2f22061418c0,
4089b57b-a0e6-482c-9322-5aa2d6ceea18,9bead5bd-27cc-4bce-b348-dfdfe52bbcfa,3d15abb3-b62b-4772-b093-5880019049e3,expense,9500.00,,2026-05-13,2026-05-13 22:23:00+00,d6c2f9dc-62aa-4d66-ae36-b8dd7f048e9c,
40da6c9b-a8ec-4f86-9234-b5cae1e747a0,9bead5bd-27cc-4bce-b348-dfdfe52bbcfa,9e8d127f-fba2-437a-b77c-7f1f0074cf2a,expense,14000.00,-,2025-02-07,2025-02-07 09:52:00+00,1b52f4eb-1774-4bbf-9d75-2f22061418c0,
40ef5b7b-4050-49e8-966c-3fe31e4c6940,9bead5bd-27cc-4bce-b348-dfdfe52bbcfa,ef5c334f-9678-43a1-a24d-06ddf2ae4336,expense,400.00,Koreksi saldo,2026-01-20,2026-01-20 09:27:20+00,ef0c2451-f7a3-483f-b498-009cff598508,
41089a72-b432-4493-befc-d5782c9d57bc,9bead5bd-27cc-4bce-b348-dfdfe52bbcfa,3dfd2937-650e-4dfa-aa82-1532855306a0,expense,17500.00,-,2025-03-12,2025-03-12 19:59:00+00,1b52f4eb-1774-4bbf-9d75-2f22061418c0,
41241907-2b03-4546-87e8-4105bc1f8add,9bead5bd-27cc-4bce-b348-dfdfe52bbcfa,9e8d127f-fba2-437a-b77c-7f1f0074cf2a,expense,15000.00,-,2025-11-28,2025-11-28 12:21:00+00,ef0c2451-f7a3-483f-b498-009cff598508,
413b2172-f4f1-4c45-99fc-a0aca1dd4268,9bead5bd-27cc-4bce-b348-dfdfe52bbcfa,861e04d0-951b-45e5-bf64-e0aecaf43eb7,expense,80000.00,check plagiasi,2025-02-08,2025-02-08 07:50:00+00,ef0c2451-f7a3-483f-b498-009cff598508,
4151539e-72d0-43a6-8b08-04170fee3a09,9bead5bd-27cc-4bce-b348-dfdfe52bbcfa,c363bb9a-e1c1-4485-a21b-d5cb69be8ac5,expense,20000.00,,2026-05-13,2026-05-13 22:24:00+00,1b52f4eb-1774-4bbf-9d75-2f22061418c0,
4174aa8f-0c09-4e17-8eb9-9c4581c39d69,9bead5bd-27cc-4bce-b348-dfdfe52bbcfa,9e8d127f-fba2-437a-b77c-7f1f0074cf2a,expense,13000.00,-,2025-12-04,2025-12-04 16:50:00+00,ef0c2451-f7a3-483f-b498-009cff598508,
417855d7-b76d-4398-ad4f-a3dea67696df,9bead5bd-27cc-4bce-b348-dfdfe52bbcfa,9e8d127f-fba2-437a-b77c-7f1f0074cf2a,expense,16035.00,-,2025-08-31,2025-08-31 10:19:00+00,d6c2f9dc-62aa-4d66-ae36-b8dd7f048e9c,
418cc11c-9e94-4fc9-bd8f-08d2b3686a2d,9bead5bd-27cc-4bce-b348-dfdfe52bbcfa,,transfer,250000.00,-,2025-08-23,2025-08-23 07:43:00+00,d1d65a47-79be-472a-8e7c-191ddef21252,ef0c2451-f7a3-483f-b498-009cff598508
419667e4-63dc-41aa-bd5c-f2ef5f6bf823,9bead5bd-27cc-4bce-b348-dfdfe52bbcfa,,transfer,150000.00,-,2025-02-21,2025-02-21 20:24:00+00,1b52f4eb-1774-4bbf-9d75-2f22061418c0,ef0c2451-f7a3-483f-b498-009cff598508
41b4632c-1ef5-4ec6-a46a-05555f1dedc1,9bead5bd-27cc-4bce-b348-dfdfe52bbcfa,9e8d127f-fba2-437a-b77c-7f1f0074cf2a,expense,13608.00,,2026-05-12,2026-05-12 07:58:00+00,d6c2f9dc-62aa-4d66-ae36-b8dd7f048e9c,
41bae88b-c1b5-4961-9084-3a26a88f8afb,9bead5bd-27cc-4bce-b348-dfdfe52bbcfa,9e8d127f-fba2-437a-b77c-7f1f0074cf2a,expense,13000.00,-,2025-12-27,2025-12-27 12:37:00+00,ef0c2451-f7a3-483f-b498-009cff598508,
41ecf659-3793-4307-b2f1-6745aede86f9,9bead5bd-27cc-4bce-b348-dfdfe52bbcfa,,transfer,11000.00,-,2025-01-11,2025-01-11 15:01:00+00,1b52f4eb-1774-4bbf-9d75-2f22061418c0,1db96cc4-753b-4ea9-bdf5-9cf9c71fb00b
41effa46-fc2b-470f-858d-46b2fd348b69,9bead5bd-27cc-4bce-b348-dfdfe52bbcfa,ef5c334f-9678-43a1-a24d-06ddf2ae4336,expense,2000.00,,2026-08-30,2026-08-30 03:14:00+00,1b52f4eb-1774-4bbf-9d75-2f22061418c0,
41fbdd23-3808-4688-90da-c966ddaa1a2e,9bead5bd-27cc-4bce-b348-dfdfe52bbcfa,9eb96490-908d-4d01-bf88-5590e81f2e65,income,400000.00,podcast,2025-01-10,2025-01-10 13:44:00+00,1b52f4eb-1774-4bbf-9d75-2f22061418c0,
4222c947-3833-49b5-9049-eab1d69485f1,9bead5bd-27cc-4bce-b348-dfdfe52bbcfa,4cc387d6-39b2-4734-9cf8-c0f2c3e66205,income,1500000.00,-,2025-03-20,2025-03-20 08:16:00+00,ef0c2451-f7a3-483f-b498-009cff598508,
427229a1-d566-49de-86e6-f34c3c40cfc1,9bead5bd-27cc-4bce-b348-dfdfe52bbcfa,9e8d127f-fba2-437a-b77c-7f1f0074cf2a,expense,20000.00,,2026-03-08,2026-03-08 19:44:00+00,ef0c2451-f7a3-483f-b498-009cff598508,
4278a8fa-5952-4663-9325-a2dade37b6a7,9bead5bd-27cc-4bce-b348-dfdfe52bbcfa,3d15abb3-b62b-4772-b093-5880019049e3,expense,6700.00,,2026-08-17,2026-08-17 08:48:00+00,ef0c2451-f7a3-483f-b498-009cff598508,
42a0d255-8b36-4349-94fd-b921bf3b181f,9bead5bd-27cc-4bce-b348-dfdfe52bbcfa,a95286ad-558f-456c-a43e-791b6bee7426,expense,22000.00,-,2025-04-27,2025-04-27 23:16:00+00,ef0c2451-f7a3-483f-b498-009cff598508,
42ff9ab0-3df3-411b-a9f8-64b93ed700a5,9bead5bd-27cc-4bce-b348-dfdfe52bbcfa,a95286ad-558f-456c-a43e-791b6bee7426,expense,34200.00,,2026-05-31,2026-05-31 22:16:00+00,3c862479-d55e-45c3-9ff5-d92e3b23f17f,
43671412-30dc-49ad-b718-cc3c0c054729,9bead5bd-27cc-4bce-b348-dfdfe52bbcfa,9e8d127f-fba2-437a-b77c-7f1f0074cf2a,expense,14000.00,-,2025-04-25,2025-04-25 23:17:00+00,1b52f4eb-1774-4bbf-9d75-2f22061418c0,
4371cec2-dbbb-4bfb-a997-be21341df75b,9bead5bd-27cc-4bce-b348-dfdfe52bbcfa,04d94b74-503f-4e20-b426-649acd17779d,expense,184660.00,lab,2025-02-15,2025-02-15 08:49:00+00,d6c2f9dc-62aa-4d66-ae36-b8dd7f048e9c,
43768658-642a-4ed2-aa60-126cf6f37fa4,9bead5bd-27cc-4bce-b348-dfdfe52bbcfa,04bbb778-c16c-48b3-86d6-e5bceea67e4d,expense,12000.00,-,2025-07-15,2025-07-15 19:51:00+00,ef0c2451-f7a3-483f-b498-009cff598508,
4394a015-24eb-4ffe-a5df-8ab585ac3c77,9bead5bd-27cc-4bce-b348-dfdfe52bbcfa,,transfer,14100.00,,2026-08-23,2026-08-23 06:22:00+00,ef945642-f8b2-43e7-8f16-1dfdf9802e69,ef0c2451-f7a3-483f-b498-009cff598508
439e9224-8542-492f-bb92-9bc867f9c673,9bead5bd-27cc-4bce-b348-dfdfe52bbcfa,ef5c334f-9678-43a1-a24d-06ddf2ae4336,expense,4000.00,,2026-06-30,2026-06-30 18:40:00+00,1b52f4eb-1774-4bbf-9d75-2f22061418c0,
43f965ae-3419-45f7-b6fd-7bffa9b19511,9bead5bd-27cc-4bce-b348-dfdfe52bbcfa,,transfer,100000.00,-,2025-01-02,2025-01-02 14:40:00+00,1b52f4eb-1774-4bbf-9d75-2f22061418c0,c2b7adda-52b3-4d0f-949b-8c8f2930f6b0
441b77d9-fec4-493f-95d2-9f6bcf75edc8,9bead5bd-27cc-4bce-b348-dfdfe52bbcfa,9e8d127f-fba2-437a-b77c-7f1f0074cf2a,expense,14060.00,,2026-05-07,2026-05-07 10:58:00+00,ef0c2451-f7a3-483f-b498-009cff598508,
4426f643-ee72-40b5-96a1-a25140d32f21,9bead5bd-27cc-4bce-b348-dfdfe52bbcfa,,transfer,52150.00,-,2025-09-26,2025-09-26 12:08:00+00,82d51ed1-5076-450e-8ae1-4bbe92cec701,1b52f4eb-1774-4bbf-9d75-2f22061418c0
444812d7-0196-4720-af87-94eeacad6d14,9bead5bd-27cc-4bce-b348-dfdfe52bbcfa,ef5c334f-9678-43a1-a24d-06ddf2ae4336,expense,2000.00,-,2025-11-17,2025-11-17 12:25:00+00,ef945642-f8b2-43e7-8f16-1dfdf9802e69,
4458f140-e0c4-4fc9-a186-73f0e5e75738,9bead5bd-27cc-4bce-b348-dfdfe52bbcfa,,transfer,200000.00,,2026-05-20,2026-05-20 10:27:00+00,ef0c2451-f7a3-483f-b498-009cff598508,d6c2f9dc-62aa-4d66-ae36-b8dd7f048e9c
44732a05-c13f-4769-a0b0-ebf7c1bfcbb7,9bead5bd-27cc-4bce-b348-dfdfe52bbcfa,9e8d127f-fba2-437a-b77c-7f1f0074cf2a,expense,13000.00,,2026-01-21,2026-01-21 12:57:00+00,ef0c2451-f7a3-483f-b498-009cff598508,
44ae79f2-6249-49c0-ae8c-98baf8046d77,9bead5bd-27cc-4bce-b348-dfdfe52bbcfa,3d15abb3-b62b-4772-b093-5880019049e3,expense,22000.00,galon,2025-06-15,2025-06-15 18:16:00+00,1b52f4eb-1774-4bbf-9d75-2f22061418c0,
44cfc82e-feea-4eb9-aef9-370d820fe6cc,9bead5bd-27cc-4bce-b348-dfdfe52bbcfa,9e8d127f-fba2-437a-b77c-7f1f0074cf2a,expense,12000.00,,2026-02-08,2026-02-08 18:56:00+00,ef0c2451-f7a3-483f-b498-009cff598508,
44f7ac95-52d4-4a8b-9b8e-eecefa3bee76,9bead5bd-27cc-4bce-b348-dfdfe52bbcfa,9e8d127f-fba2-437a-b77c-7f1f0074cf2a,expense,13200.00,-,2025-11-26,2025-11-26 13:19:00+00,ef0c2451-f7a3-483f-b498-009cff598508,
45449bda-5d4e-446d-8d8d-98adddd1bed8,9bead5bd-27cc-4bce-b348-dfdfe52bbcfa,3d15abb3-b62b-4772-b093-5880019049e3,expense,25000.00,,2026-08-17,2026-08-17 08:55:00+00,ef0c2451-f7a3-483f-b498-009cff598508,
454b12ee-c9b1-4636-a168-660b5585ee55,9bead5bd-27cc-4bce-b348-dfdfe52bbcfa,9e8d127f-fba2-437a-b77c-7f1f0074cf2a,expense,26400.00,-,2025-10-04,2025-10-04 13:13:00+00,d6c2f9dc-62aa-4d66-ae36-b8dd7f048e9c,
4552e4e9-56dc-4db7-9793-06afffe95358,9bead5bd-27cc-4bce-b348-dfdfe52bbcfa,73a6b95b-efdb-4afd-bda5-2a6aedd82af4,expense,10000.00,-,2025-07-18,2025-07-18 08:55:00+00,1b52f4eb-1774-4bbf-9d75-2f22061418c0,
4556596c-7a34-41a8-bb22-ac2747f6807f,9bead5bd-27cc-4bce-b348-dfdfe52bbcfa,c2fa641c-c10c-46ea-a69b-e2e8fab6d2ef,expense,15000.00,-,2025-06-21,2025-06-21 09:31:00+00,1db96cc4-753b-4ea9-bdf5-9cf9c71fb00b,
45846754-b274-4cce-8aec-cd2b8f834868,9bead5bd-27cc-4bce-b348-dfdfe52bbcfa,,transfer,20400.00,,2026-06-27,2026-06-27 12:11:00+00,1b52f4eb-1774-4bbf-9d75-2f22061418c0,82d51ed1-5076-450e-8ae1-4bbe92cec701
4589426c-6c64-475e-9629-b68bc8caf391,9bead5bd-27cc-4bce-b348-dfdfe52bbcfa,,transfer,1850000.00,,2026-08-28,2026-08-28 08:26:00+00,ef0c2451-f7a3-483f-b498-009cff598508,d1d65a47-79be-472a-8e7c-191ddef21252
4599c02e-f812-4da1-997b-5ff6385df00e,9bead5bd-27cc-4bce-b348-dfdfe52bbcfa,9e8d127f-fba2-437a-b77c-7f1f0074cf2a,expense,15000.00,-,2025-10-14,2025-10-14 20:33:00+00,1b52f4eb-1774-4bbf-9d75-2f22061418c0,
45a7502d-4672-4faa-a748-6dcd4f542a74,9bead5bd-27cc-4bce-b348-dfdfe52bbcfa,c363bb9a-e1c1-4485-a21b-d5cb69be8ac5,expense,15000.00,,2026-02-18,2026-02-18 22:15:00+00,ef0c2451-f7a3-483f-b498-009cff598508,
45ab8828-a34a-41ce-9554-7049048b09e9,9bead5bd-27cc-4bce-b348-dfdfe52bbcfa,,transfer,50000.00,-,2025-07-07,2025-07-07 15:03:00+00,d6c2f9dc-62aa-4d66-ae36-b8dd7f048e9c,1b52f4eb-1774-4bbf-9d75-2f22061418c0
45ad046b-3e7d-4474-97eb-9fa8d1c8c3ba,9bead5bd-27cc-4bce-b348-dfdfe52bbcfa,9e8d127f-fba2-437a-b77c-7f1f0074cf2a,expense,22740.00,,2026-05-20,2026-05-20 09:47:00+00,d6c2f9dc-62aa-4d66-ae36-b8dd7f048e9c,
45bfb703-4078-48f5-99f9-3b92d36dde54,9bead5bd-27cc-4bce-b348-dfdfe52bbcfa,9e8d127f-fba2-437a-b77c-7f1f0074cf2a,expense,18000.00,-,2025-05-16,2025-05-16 20:38:00+00,d6c2f9dc-62aa-4d66-ae36-b8dd7f048e9c,
45f35807-697a-488a-b090-6966651f9e64,9bead5bd-27cc-4bce-b348-dfdfe52bbcfa,9e8d127f-fba2-437a-b77c-7f1f0074cf2a,expense,25580.00,-,2025-11-15,2025-11-15 18:11:00+00,ef945642-f8b2-43e7-8f16-1dfdf9802e69,
45f8ee27-8359-4929-91bf-beacc6cc6b8a,9bead5bd-27cc-4bce-b348-dfdfe52bbcfa,,transfer,25000.00,,2026-06-30,2026-06-30 18:35:00+00,d6c2f9dc-62aa-4d66-ae36-b8dd7f048e9c,82d51ed1-5076-450e-8ae1-4bbe92cec701
46589439-1a97-41e5-9369-5d87d57cb21c,9bead5bd-27cc-4bce-b348-dfdfe52bbcfa,96451090-fe19-4a49-923c-34e2b0645bb4,expense,1000.00,print,2025-09-09,2025-09-09 19:29:00+00,1b52f4eb-1774-4bbf-9d75-2f22061418c0,
465dab0f-4d03-4b49-8a87-d5456510a8bd,9bead5bd-27cc-4bce-b348-dfdfe52bbcfa,,transfer,200000.00,,2026-06-20,2026-06-20 10:40:00+00,ef945642-f8b2-43e7-8f16-1dfdf9802e69,82d51ed1-5076-450e-8ae1-4bbe92cec701
4694f5cf-4ca7-4c00-ae83-9fe08d9d4716,9bead5bd-27cc-4bce-b348-dfdfe52bbcfa,417ffb54-8c5d-49a6-90bd-9748bb065b43,expense,12000.00,-,2025-12-19,2025-12-19 12:13:00+00,ef0c2451-f7a3-483f-b498-009cff598508,
4695c3e0-d8da-43ad-904d-111c96eb1d3f,9bead5bd-27cc-4bce-b348-dfdfe52bbcfa,71db4328-07e5-48f3-8a41-32ddb7391fed,expense,11500.00,-,2025-12-07,2025-12-07 18:15:00+00,ef0c2451-f7a3-483f-b498-009cff598508,
46dbda08-6e05-414d-b707-2e0404dad9d0,9bead5bd-27cc-4bce-b348-dfdfe52bbcfa,9e8d127f-fba2-437a-b77c-7f1f0074cf2a,expense,11250.00,,2026-03-02,2026-03-02 19:27:00+00,d6c2f9dc-62aa-4d66-ae36-b8dd7f048e9c,
47264b82-d3cc-47e1-888d-e65bcebc43f3,9bead5bd-27cc-4bce-b348-dfdfe52bbcfa,69cbbe19-e8fa-45c5-a250-77fd8aa3d98e,expense,45000.00,-,2025-06-20,2025-06-20 15:35:00+00,d6c2f9dc-62aa-4d66-ae36-b8dd7f048e9c,
472b0a36-c2d0-433a-b8eb-aca288d1fc09,9bead5bd-27cc-4bce-b348-dfdfe52bbcfa,861e04d0-951b-45e5-bf64-e0aecaf43eb7,expense,300000.00,her regis,2025-02-17,2025-02-17 12:35:00+00,ef0c2451-f7a3-483f-b498-009cff598508,
477bb73a-19a1-45c6-97c2-e82e61e16e09,9bead5bd-27cc-4bce-b348-dfdfe52bbcfa,9e8d127f-fba2-437a-b77c-7f1f0074cf2a,expense,15000.00,,2026-03-13,2026-03-13 08:09:00+00,ef0c2451-f7a3-483f-b498-009cff598508,
479dce5a-fc58-435a-bae1-40cdb4cfa7cd,9bead5bd-27cc-4bce-b348-dfdfe52bbcfa,3d15abb3-b62b-4772-b093-5880019049e3,expense,6000.00,,2026-04-19,2026-04-19 11:31:00+00,1b52f4eb-1774-4bbf-9d75-2f22061418c0,
47a64afd-91eb-45ce-aea9-0dca83048360,9bead5bd-27cc-4bce-b348-dfdfe52bbcfa,a95286ad-558f-456c-a43e-791b6bee7426,expense,24500.00,tiket - ijen,2026-06-28,2026-06-28 11:46:00+00,ef0c2451-f7a3-483f-b498-009cff598508,
47b458a4-31bb-4520-be9d-092d3efef051,9bead5bd-27cc-4bce-b348-dfdfe52bbcfa,,transfer,85500.00,-,2025-05-28,2025-05-28 14:55:00+00,1db96cc4-753b-4ea9-bdf5-9cf9c71fb00b,ef0c2451-f7a3-483f-b498-009cff598508
47caeae4-bd1f-47f3-ab7b-1527f34cca74,9bead5bd-27cc-4bce-b348-dfdfe52bbcfa,9e8d127f-fba2-437a-b77c-7f1f0074cf2a,expense,14000.00,-,2025-01-31,2025-01-31 13:53:00+00,1b52f4eb-1774-4bbf-9d75-2f22061418c0,
47cf6bd6-1338-42a2-9f99-1fe1ef0fb01c,9bead5bd-27cc-4bce-b348-dfdfe52bbcfa,9e8d127f-fba2-437a-b77c-7f1f0074cf2a,expense,15000.00,,2026-01-10,2026-01-10 12:11:00+00,ef0c2451-f7a3-483f-b498-009cff598508,
47fae848-04b6-4e92-a5d7-3fc11678a6a1,9bead5bd-27cc-4bce-b348-dfdfe52bbcfa,,transfer,38500.00,,2026-06-26,2026-06-26 08:42:00+00,ef945642-f8b2-43e7-8f16-1dfdf9802e69,ef0c2451-f7a3-483f-b498-009cff598508
4805396b-2ea4-4bb0-92f4-40ec36f00ed0,9bead5bd-27cc-4bce-b348-dfdfe52bbcfa,,transfer,100000.00,-,2025-02-02,2025-02-02 21:08:00+00,ef0c2451-f7a3-483f-b498-009cff598508,1b52f4eb-1774-4bbf-9d75-2f22061418c0
4806482e-c63e-43d3-9add-b935312551f1,9bead5bd-27cc-4bce-b348-dfdfe52bbcfa,0413cdfe-d251-4bca-bd5f-5d520d7076f6,income,182000.00,,2026-07-07,2026-07-07 13:10:00+00,ef945642-f8b2-43e7-8f16-1dfdf9802e69,
480bcc27-0d47-46a5-963c-fb7c23d73ec9,9bead5bd-27cc-4bce-b348-dfdfe52bbcfa,04d94b74-503f-4e20-b426-649acd17779d,income,150000.00,,2026-02-28,2026-02-28 09:19:00+00,1b52f4eb-1774-4bbf-9d75-2f22061418c0,
481c046a-d0f9-45c3-89d3-353744fb3a03,9bead5bd-27cc-4bce-b348-dfdfe52bbcfa,9e8d127f-fba2-437a-b77c-7f1f0074cf2a,expense,23100.00,,2026-04-13,2026-04-13 18:28:00+00,ef0c2451-f7a3-483f-b498-009cff598508,
483867f7-e153-43d7-b605-ff1580afd498,9bead5bd-27cc-4bce-b348-dfdfe52bbcfa,73a6b95b-efdb-4afd-bda5-2a6aedd82af4,expense,183557.00,sepatu,2025-04-24,2025-04-24 11:08:00+00,d6c2f9dc-62aa-4d66-ae36-b8dd7f048e9c,
485a2b8b-c4e1-4311-b950-960a4785e34a,9bead5bd-27cc-4bce-b348-dfdfe52bbcfa,9e8d127f-fba2-437a-b77c-7f1f0074cf2a,expense,15750.00,-,2025-12-06,2025-12-06 18:15:00+00,d6c2f9dc-62aa-4d66-ae36-b8dd7f048e9c,
487e2b04-fedc-431a-8a2a-d2fbae06c720,9bead5bd-27cc-4bce-b348-dfdfe52bbcfa,9e8d127f-fba2-437a-b77c-7f1f0074cf2a,expense,24000.00,,2026-03-06,2026-03-06 18:15:00+00,ef0c2451-f7a3-483f-b498-009cff598508,
48908b05-8731-478c-b19a-3973d05b754f,9bead5bd-27cc-4bce-b348-dfdfe52bbcfa,9e8d127f-fba2-437a-b77c-7f1f0074cf2a,expense,15000.00,,2026-05-03,2026-05-03 22:19:00+00,ef0c2451-f7a3-483f-b498-009cff598508,
48bb45e5-ebbe-475b-bbe0-96c6f77768fc,9bead5bd-27cc-4bce-b348-dfdfe52bbcfa,9e8d127f-fba2-437a-b77c-7f1f0074cf2a,expense,16900.00,-,2025-05-10,2025-05-10 09:02:00+00,d6c2f9dc-62aa-4d66-ae36-b8dd7f048e9c,
48bc2565-e004-46b8-9db1-4e73c7eb14b9,9bead5bd-27cc-4bce-b348-dfdfe52bbcfa,9e8d127f-fba2-437a-b77c-7f1f0074cf2a,expense,5000.00,-,2025-07-08,2025-07-08 12:07:00+00,ef0c2451-f7a3-483f-b498-009cff598508,
48f8dc7d-d891-4478-9e1e-437c13173523,9bead5bd-27cc-4bce-b348-dfdfe52bbcfa,3d15abb3-b62b-4772-b093-5880019049e3,expense,5000.00,-,2025-12-27,2025-12-27 12:37:00+00,ef0c2451-f7a3-483f-b498-009cff598508,
492c4ede-c5dd-43d4-832a-e70cc1105d09,9bead5bd-27cc-4bce-b348-dfdfe52bbcfa,c363bb9a-e1c1-4485-a21b-d5cb69be8ac5,expense,100000.00,-,2025-06-21,2025-06-21 18:04:00+00,1b52f4eb-1774-4bbf-9d75-2f22061418c0,
493cde50-384c-4e8c-92af-50bf341b3ab5,9bead5bd-27cc-4bce-b348-dfdfe52bbcfa,a95286ad-558f-456c-a43e-791b6bee7426,expense,18000.00,cafe,2025-01-12,2025-01-12 18:59:00+00,1b52f4eb-1774-4bbf-9d75-2f22061418c0,
493e9aa0-d166-4c62-a675-225b5068dace,9bead5bd-27cc-4bce-b348-dfdfe52bbcfa,,transfer,38000.00,-,2025-12-31,2025-12-31 14:35:00+00,8d5cd0ca-c9ea-4d7b-b428-4a0dedc8d833,ef0c2451-f7a3-483f-b498-009cff598508
497ef762-c8df-479a-945e-dde82bf7988c,9bead5bd-27cc-4bce-b348-dfdfe52bbcfa,73a6b95b-efdb-4afd-bda5-2a6aedd82af4,expense,15000.00,-,2025-11-16,2025-11-16 22:08:00+00,1b52f4eb-1774-4bbf-9d75-2f22061418c0,
4984b8f8-1ff1-485b-a0dd-803befa8de56,9bead5bd-27cc-4bce-b348-dfdfe52bbcfa,73a6b95b-efdb-4afd-bda5-2a6aedd82af4,expense,103464.00,parfume,2025-09-03,2025-09-03 16:07:00+00,ef945642-f8b2-43e7-8f16-1dfdf9802e69,
49a1ec90-09f2-4e57-881c-61a0771d3968,9bead5bd-27cc-4bce-b348-dfdfe52bbcfa,ef5c334f-9678-43a1-a24d-06ddf2ae4336,income,857.00,Koreksi saldo,2025-11-01,2025-11-01 09:44:35+00,ef0c2451-f7a3-483f-b498-009cff598508,
49acfe78-e437-4253-bad4-7ee1e7906a95,9bead5bd-27cc-4bce-b348-dfdfe52bbcfa,,transfer,550000.00,-,2025-04-14,2025-04-14 09:42:00+00,1b52f4eb-1774-4bbf-9d75-2f22061418c0,ef0c2451-f7a3-483f-b498-009cff598508
49de1007-81eb-43fe-8ee7-e22fcdeeb77e,9bead5bd-27cc-4bce-b348-dfdfe52bbcfa,9e8d127f-fba2-437a-b77c-7f1f0074cf2a,expense,7000.00,,2026-06-10,2026-06-10 07:40:00+00,ef0c2451-f7a3-483f-b498-009cff598508,
49e69ee8-922a-4757-bd53-38e5d02ec06b,9bead5bd-27cc-4bce-b348-dfdfe52bbcfa,9e8d127f-fba2-437a-b77c-7f1f0074cf2a,expense,24900.00,-,2025-04-09,2025-04-09 11:59:00+00,d6c2f9dc-62aa-4d66-ae36-b8dd7f048e9c,
4a05788f-7c86-42ee-a9db-7558f8618829,9bead5bd-27cc-4bce-b348-dfdfe52bbcfa,9e8d127f-fba2-437a-b77c-7f1f0074cf2a,expense,20000.00,,2026-05-15,2026-05-15 17:09:00+00,ef0c2451-f7a3-483f-b498-009cff598508,
4a3f9cc2-67b5-4636-a68e-d150b37b8930,9bead5bd-27cc-4bce-b348-dfdfe52bbcfa,,transfer,1000000.00,,2026-01-06,2026-01-06 15:09:00+00,8d5cd0ca-c9ea-4d7b-b428-4a0dedc8d833,82d51ed1-5076-450e-8ae1-4bbe92cec701
4a436472-5e77-44bf-92be-1fb3b4e8b737,9bead5bd-27cc-4bce-b348-dfdfe52bbcfa,,transfer,10000.00,-,2025-11-28,2025-11-28 07:22:00+00,1b52f4eb-1774-4bbf-9d75-2f22061418c0,82d51ed1-5076-450e-8ae1-4bbe92cec701
4a6d1b66-869e-413e-a6f3-4b88eb35ce12,9bead5bd-27cc-4bce-b348-dfdfe52bbcfa,c363bb9a-e1c1-4485-a21b-d5cb69be8ac5,expense,50000.00,-,2025-02-26,2025-02-26 04:35:00+00,1b52f4eb-1774-4bbf-9d75-2f22061418c0,
4a725531-4f01-45d9-9dc7-44828bf1d51f,9bead5bd-27cc-4bce-b348-dfdfe52bbcfa,9e8d127f-fba2-437a-b77c-7f1f0074cf2a,expense,13000.00,-,2025-07-26,2025-07-26 18:59:00+00,82d51ed1-5076-450e-8ae1-4bbe92cec701,
4a7f47e5-9278-4792-9106-65a11d4c4b3b,9bead5bd-27cc-4bce-b348-dfdfe52bbcfa,9e8d127f-fba2-437a-b77c-7f1f0074cf2a,expense,24900.00,-,2025-05-17,2025-05-17 09:51:00+00,d6c2f9dc-62aa-4d66-ae36-b8dd7f048e9c,
4a94b570-4215-454d-ad07-3c2d1cbe5650,9bead5bd-27cc-4bce-b348-dfdfe52bbcfa,06c4dac0-5cd5-43ae-aeab-bd0ac041116b,expense,9000.00,lem,2026-08-06,2026-08-06 13:05:00+00,ef945642-f8b2-43e7-8f16-1dfdf9802e69,
4aab2b88-54f5-42a1-9e4c-b00e99bb3d9f,9bead5bd-27cc-4bce-b348-dfdfe52bbcfa,c7abc874-efb2-4281-a6cb-6f241da98254,income,433.00,,2026-06-01,2026-06-01 22:22:00+00,ef0c2451-f7a3-483f-b498-009cff598508,
4ab16a16-ede1-42b6-b7c6-c4dd85c30687,9bead5bd-27cc-4bce-b348-dfdfe52bbcfa,c363bb9a-e1c1-4485-a21b-d5cb69be8ac5,expense,50000.00,,2026-06-26,2026-06-26 11:38:00+00,1b52f4eb-1774-4bbf-9d75-2f22061418c0,
4acc01c5-0e16-4904-9883-685626798977,9bead5bd-27cc-4bce-b348-dfdfe52bbcfa,861e04d0-951b-45e5-bf64-e0aecaf43eb7,expense,3000.00,print,2025-02-19,2025-02-19 12:14:00+00,ef0c2451-f7a3-483f-b498-009cff598508,
4ae0cbd8-5834-4ecd-a355-f184966ff183,9bead5bd-27cc-4bce-b348-dfdfe52bbcfa,3dfd2937-650e-4dfa-aa82-1532855306a0,expense,14000.00,-,2025-09-13,2025-09-13 18:13:00+00,ef0c2451-f7a3-483f-b498-009cff598508,
4ae99fb6-d964-4a66-bb57-42dbc9ddbfcb,9bead5bd-27cc-4bce-b348-dfdfe52bbcfa,c363bb9a-e1c1-4485-a21b-d5cb69be8ac5,expense,50000.00,-,2025-06-10,2025-06-10 15:58:00+00,1b52f4eb-1774-4bbf-9d75-2f22061418c0,
4b1c5c81-b144-46ec-bd33-5b5bbc5fd1e3,9bead5bd-27cc-4bce-b348-dfdfe52bbcfa,,transfer,200000.00,-,2025-08-04,2025-08-04 20:11:00+00,ef0c2451-f7a3-483f-b498-009cff598508,d6c2f9dc-62aa-4d66-ae36-b8dd7f048e9c
4b5cc9ba-1c9a-4ce4-baf8-6c1b7d4c5143,9bead5bd-27cc-4bce-b348-dfdfe52bbcfa,3dfd2937-650e-4dfa-aa82-1532855306a0,expense,19000.00,kopi,2025-02-17,2025-02-17 18:44:00+00,1b52f4eb-1774-4bbf-9d75-2f22061418c0,
4b7a355d-2b8a-4ee1-82df-8d373979ae51,9bead5bd-27cc-4bce-b348-dfdfe52bbcfa,f37df41e-f249-4312-886a-c27968ccb934,expense,12000.00,-,2025-12-16,2025-12-16 19:22:00+00,ef0c2451-f7a3-483f-b498-009cff598508,
4b7e9e7e-d7a8-46c9-92ea-bfe439ce804e,9bead5bd-27cc-4bce-b348-dfdfe52bbcfa,417ffb54-8c5d-49a6-90bd-9748bb065b43,expense,13600.00,,2026-04-22,2026-04-22 12:29:00+00,3c862479-d55e-45c3-9ff5-d92e3b23f17f,
4b8a7901-8b1e-4cee-b37c-8dc185668f6a,9bead5bd-27cc-4bce-b348-dfdfe52bbcfa,,transfer,9000.00,-,2025-08-09,2025-08-09 11:18:00+00,82d51ed1-5076-450e-8ae1-4bbe92cec701,1b52f4eb-1774-4bbf-9d75-2f22061418c0
4ba89a9b-adbc-4caf-acc3-c793b4efc6a8,9bead5bd-27cc-4bce-b348-dfdfe52bbcfa,9eb96490-908d-4d01-bf88-5590e81f2e65,income,150000.00,uji data,2026-07-15,2026-07-15 18:33:00+00,ef0c2451-f7a3-483f-b498-009cff598508,
4bd51f7c-7716-4272-81a1-b18d37cbb6ce,9bead5bd-27cc-4bce-b348-dfdfe52bbcfa,9e8d127f-fba2-437a-b77c-7f1f0074cf2a,expense,26000.00,-,2025-07-01,2025-07-01 12:31:00+00,d6c2f9dc-62aa-4d66-ae36-b8dd7f048e9c,
4bfbdc53-5a69-42cf-862f-ca80c08ee50e,9bead5bd-27cc-4bce-b348-dfdfe52bbcfa,9e8d127f-fba2-437a-b77c-7f1f0074cf2a,expense,17400.00,,2026-06-08,2026-06-08 18:55:00+00,d6c2f9dc-62aa-4d66-ae36-b8dd7f048e9c,
4c110b73-1562-40d9-b634-5133a24c3d24,9bead5bd-27cc-4bce-b348-dfdfe52bbcfa,417ffb54-8c5d-49a6-90bd-9748bb065b43,expense,38500.00,,2026-06-19,2026-06-19 10:40:00+00,ef0c2451-f7a3-483f-b498-009cff598508,
4c2b9f45-e5f6-4ea0-ac18-7119e168fde2,9bead5bd-27cc-4bce-b348-dfdfe52bbcfa,0413cdfe-d251-4bca-bd5f-5d520d7076f6,income,1000000.00,,2026-02-28,2026-02-28 08:10:00+00,d1d65a47-79be-472a-8e7c-191ddef21252,
4c2c975f-33be-45cb-a105-c4125a975f97,9bead5bd-27cc-4bce-b348-dfdfe52bbcfa,,transfer,150000.00,-,2025-05-14,2025-05-14 06:58:00+00,ef0c2451-f7a3-483f-b498-009cff598508,d6c2f9dc-62aa-4d66-ae36-b8dd7f048e9c
4c50c94d-7e68-4773-8240-16c7f5faeab3,9bead5bd-27cc-4bce-b348-dfdfe52bbcfa,69cbbe19-e8fa-45c5-a250-77fd8aa3d98e,expense,49100.00,listrik,2026-02-08,2026-02-08 11:39:00+00,d6c2f9dc-62aa-4d66-ae36-b8dd7f048e9c,
4c510ae8-a032-43cf-aa1b-079c8672ea57,9bead5bd-27cc-4bce-b348-dfdfe52bbcfa,ef5c334f-9678-43a1-a24d-06ddf2ae4336,expense,7000.00,,2026-06-11,2026-06-11 17:55:00+00,1b52f4eb-1774-4bbf-9d75-2f22061418c0,
4c5ea41d-f1c7-4318-8501-ae064ab892ec,9bead5bd-27cc-4bce-b348-dfdfe52bbcfa,,transfer,100000.00,-,2025-01-27,2025-01-27 20:50:00+00,ef0c2451-f7a3-483f-b498-009cff598508,1b52f4eb-1774-4bbf-9d75-2f22061418c0
4c64b5d0-7812-464b-a3b1-830aa2fdd3bb,9bead5bd-27cc-4bce-b348-dfdfe52bbcfa,,transfer,950000.00,,2026-05-05,2026-05-05 05:15:00+00,ef0c2451-f7a3-483f-b498-009cff598508,d6c2f9dc-62aa-4d66-ae36-b8dd7f048e9c
4c6fd159-3437-40dd-b57a-bce46b77bab8,9bead5bd-27cc-4bce-b348-dfdfe52bbcfa,,transfer,200000.00,,2026-08-26,2026-08-26 03:18:00+00,ef945642-f8b2-43e7-8f16-1dfdf9802e69,82d51ed1-5076-450e-8ae1-4bbe92cec701
4c723ac1-90de-4222-b539-deab13c9e311,9bead5bd-27cc-4bce-b348-dfdfe52bbcfa,9eb96490-908d-4d01-bf88-5590e81f2e65,income,500000.00,-,2025-08-05,2025-08-05 13:24:00+00,ef0c2451-f7a3-483f-b498-009cff598508,
4c8f980e-782f-40a3-9395-ad188003cc64,9bead5bd-27cc-4bce-b348-dfdfe52bbcfa,c2fa641c-c10c-46ea-a69b-e2e8fab6d2ef,expense,15000.00,,2026-06-11,2026-06-11 19:55:00+00,ef0c2451-f7a3-483f-b498-009cff598508,
4cb68e62-65d0-4d52-9ffd-5aa2b0b467b7,9bead5bd-27cc-4bce-b348-dfdfe52bbcfa,9e8d127f-fba2-437a-b77c-7f1f0074cf2a,expense,26000.00,-,2025-02-22,2025-02-22 20:18:00+00,1b52f4eb-1774-4bbf-9d75-2f22061418c0,
4d1af657-2172-43e4-a7c7-10770b0d7845,9bead5bd-27cc-4bce-b348-dfdfe52bbcfa,c363bb9a-e1c1-4485-a21b-d5cb69be8ac5,expense,50000.00,-,2025-05-31,2025-05-31 18:05:00+00,1b52f4eb-1774-4bbf-9d75-2f22061418c0,
4d31a456-df74-41f2-acdd-4f5db1c84a07,9bead5bd-27cc-4bce-b348-dfdfe52bbcfa,9e8d127f-fba2-437a-b77c-7f1f0074cf2a,expense,20000.00,-,2025-12-29,2025-12-29 12:35:00+00,ef0c2451-f7a3-483f-b498-009cff598508,
4d51ac00-78af-4802-9145-ec8ccb8cb108,9bead5bd-27cc-4bce-b348-dfdfe52bbcfa,94c7c221-c74d-4a89-a0ee-3c71a8260ac6,expense,8500.00,-,2025-09-25,2025-09-25 19:08:00+00,ef945642-f8b2-43e7-8f16-1dfdf9802e69,
4d6dfd89-77ad-40a9-8bc9-0e71c7b10de6,9bead5bd-27cc-4bce-b348-dfdfe52bbcfa,9e8d127f-fba2-437a-b77c-7f1f0074cf2a,expense,20000.00,,2026-01-19,2026-01-19 18:30:00+00,8d5cd0ca-c9ea-4d7b-b428-4a0dedc8d833,
4d6f494b-1d37-4088-ad2b-1c0f754a8690,9bead5bd-27cc-4bce-b348-dfdfe52bbcfa,9e8d127f-fba2-437a-b77c-7f1f0074cf2a,expense,29100.00,-,2025-09-29,2025-09-29 11:20:00+00,d6c2f9dc-62aa-4d66-ae36-b8dd7f048e9c,
4df0ee41-deb0-464e-bfba-e530f44f5ffd,9bead5bd-27cc-4bce-b348-dfdfe52bbcfa,c2fa641c-c10c-46ea-a69b-e2e8fab6d2ef,expense,15000.00,-,2025-07-16,2025-07-16 11:05:00+00,1db96cc4-753b-4ea9-bdf5-9cf9c71fb00b,
4dfa493a-4ae9-4e94-ac85-cbbbcb89acc7,9bead5bd-27cc-4bce-b348-dfdfe52bbcfa,,transfer,20000.00,,2026-01-01,2026-01-01 18:59:00+00,1b52f4eb-1774-4bbf-9d75-2f22061418c0,ef0c2451-f7a3-483f-b498-009cff598508
4e0371a8-2966-42a8-b251-e8c33af09b4b,9bead5bd-27cc-4bce-b348-dfdfe52bbcfa,9e8d127f-fba2-437a-b77c-7f1f0074cf2a,expense,10000.00,,2026-02-05,2026-02-05 18:48:00+00,ef0c2451-f7a3-483f-b498-009cff598508,
4e3c6df3-ee7e-4e87-b898-5378d3ba8868,9bead5bd-27cc-4bce-b348-dfdfe52bbcfa,c363bb9a-e1c1-4485-a21b-d5cb69be8ac5,expense,50000.00,-,2025-09-07,2025-09-07 19:40:00+00,1b52f4eb-1774-4bbf-9d75-2f22061418c0,
4e5d2f87-c31f-48d3-9f45-4a93e6cba785,9bead5bd-27cc-4bce-b348-dfdfe52bbcfa,04bbb778-c16c-48b3-86d6-e5bceea67e4d,expense,5000.00,-,2025-12-27,2025-12-27 19:39:00+00,1b52f4eb-1774-4bbf-9d75-2f22061418c0,
4e6d8a39-e968-4985-acf5-aa697678a5e3,9bead5bd-27cc-4bce-b348-dfdfe52bbcfa,9e8d127f-fba2-437a-b77c-7f1f0074cf2a,expense,20000.00,,2026-02-06,2026-02-06 18:41:00+00,ef0c2451-f7a3-483f-b498-009cff598508,
4e889d69-4682-492e-97d6-99d66fb94522,9bead5bd-27cc-4bce-b348-dfdfe52bbcfa,,transfer,30000.00,-,2025-08-26,2025-08-26 19:23:00+00,82d51ed1-5076-450e-8ae1-4bbe92cec701,d6c2f9dc-62aa-4d66-ae36-b8dd7f048e9c
4eac5fc8-b00f-4761-8c44-fc379b8729ef,9bead5bd-27cc-4bce-b348-dfdfe52bbcfa,e66badba-dce0-4403-80cf-760a4f913399,expense,5000.00,-,2025-02-01,2025-02-01 07:45:00+00,ef0c2451-f7a3-483f-b498-009cff598508,
4ed59bf6-2281-4d73-ad84-faf648782f5f,9bead5bd-27cc-4bce-b348-dfdfe52bbcfa,c363bb9a-e1c1-4485-a21b-d5cb69be8ac5,expense,50000.00,-,2025-04-19,2025-04-19 18:00:00+00,1b52f4eb-1774-4bbf-9d75-2f22061418c0,
4f0ec5d8-4802-4d62-80a1-2865ef351ab8,9bead5bd-27cc-4bce-b348-dfdfe52bbcfa,9e8d127f-fba2-437a-b77c-7f1f0074cf2a,expense,10000.00,-,2025-04-25,2025-04-25 12:44:00+00,d6c2f9dc-62aa-4d66-ae36-b8dd7f048e9c,
4f2c686b-7310-4b8c-9960-780e6c1fbcf1,9bead5bd-27cc-4bce-b348-dfdfe52bbcfa,06c4dac0-5cd5-43ae-aeab-bd0ac041116b,expense,6000.00,nitrogen,2026-01-16,2026-01-16 15:20:00+00,1b52f4eb-1774-4bbf-9d75-2f22061418c0,
4f398aeb-a58f-44f2-a0e9-0ab0867fcb45,9bead5bd-27cc-4bce-b348-dfdfe52bbcfa,,transfer,400000.00,,2026-05-30,2026-05-30 11:12:00+00,5d613a77-a05e-464c-ae45-0d5540681ac7,82d51ed1-5076-450e-8ae1-4bbe92cec701
4f409632-529a-463c-8c3d-1c00a0ad5637,9bead5bd-27cc-4bce-b348-dfdfe52bbcfa,9e8d127f-fba2-437a-b77c-7f1f0074cf2a,expense,21000.00,,2026-01-28,2026-01-28 18:49:00+00,ef0c2451-f7a3-483f-b498-009cff598508,
4f7f50f9-9944-4f67-bdf4-917828f2d2e0,9bead5bd-27cc-4bce-b348-dfdfe52bbcfa,04bbb778-c16c-48b3-86d6-e5bceea67e4d,expense,7000.00,-,2025-08-12,2025-08-12 19:27:00+00,1b52f4eb-1774-4bbf-9d75-2f22061418c0,
4f87353a-0651-4541-ae55-60df0887ecb4,9bead5bd-27cc-4bce-b348-dfdfe52bbcfa,04bbb778-c16c-48b3-86d6-e5bceea67e4d,expense,12000.00,,2026-01-01,2026-01-01 18:54:00+00,d6c2f9dc-62aa-4d66-ae36-b8dd7f048e9c,
4faf27f5-5a38-4521-a35b-fa789f054c5e,9bead5bd-27cc-4bce-b348-dfdfe52bbcfa,,transfer,18000.00,-,2025-08-12,2025-08-12 18:37:00+00,1b52f4eb-1774-4bbf-9d75-2f22061418c0,82d51ed1-5076-450e-8ae1-4bbe92cec701
4fc46069-fa50-4dd9-a931-7a00ff2b0dfd,9bead5bd-27cc-4bce-b348-dfdfe52bbcfa,71db4328-07e5-48f3-8a41-32ddb7391fed,expense,14900.00,-,2025-12-02,2025-12-02 09:47:00+00,ef0c2451-f7a3-483f-b498-009cff598508,
4fddbcf0-2f82-42e5-8e00-095c308fcd8e,9bead5bd-27cc-4bce-b348-dfdfe52bbcfa,9e8d127f-fba2-437a-b77c-7f1f0074cf2a,expense,74500.00,,2026-08-12,2026-08-12 08:12:00+00,ef945642-f8b2-43e7-8f16-1dfdf9802e69,
4fea9513-46cd-4bea-8ac2-071220cfe324,9bead5bd-27cc-4bce-b348-dfdfe52bbcfa,04bbb778-c16c-48b3-86d6-e5bceea67e4d,expense,17000.00,,2026-07-07,2026-07-07 13:23:00+00,8d5cd0ca-c9ea-4d7b-b428-4a0dedc8d833,
50003b28-6cf5-4fe2-ad46-0926f16572b7,9bead5bd-27cc-4bce-b348-dfdfe52bbcfa,e53b2a49-3ff8-4f1c-b16f-7e4eb7057130,expense,5000.00,,2026-04-19,2026-04-19 15:45:00+00,1b52f4eb-1774-4bbf-9d75-2f22061418c0,
50133951-af26-47d8-8f4e-8c198244d82a,9bead5bd-27cc-4bce-b348-dfdfe52bbcfa,,transfer,38000.00,-,2025-10-02,2025-10-02 15:05:00+00,ef0c2451-f7a3-483f-b498-009cff598508,d6c2f9dc-62aa-4d66-ae36-b8dd7f048e9c
5073505f-8bfb-4391-b4df-c6b9880a967c,9bead5bd-27cc-4bce-b348-dfdfe52bbcfa,9e8d127f-fba2-437a-b77c-7f1f0074cf2a,expense,15464.00,,2026-04-20,2026-04-20 08:36:00+00,d6c2f9dc-62aa-4d66-ae36-b8dd7f048e9c,
50aaa916-c42c-4c39-8ec0-b318c2a527aa,9bead5bd-27cc-4bce-b348-dfdfe52bbcfa,c363bb9a-e1c1-4485-a21b-d5cb69be8ac5,expense,30000.00,,2026-07-09,2026-07-09 13:00:00+00,1b52f4eb-1774-4bbf-9d75-2f22061418c0,
51101184-8dc7-453a-98f5-2e61d59ee031,9bead5bd-27cc-4bce-b348-dfdfe52bbcfa,9e8d127f-fba2-437a-b77c-7f1f0074cf2a,expense,20000.00,,2026-01-30,2026-01-30 20:25:00+00,8d5cd0ca-c9ea-4d7b-b428-4a0dedc8d833,
511269b1-553e-408f-91a4-8621205ce593,9bead5bd-27cc-4bce-b348-dfdfe52bbcfa,9e8d127f-fba2-437a-b77c-7f1f0074cf2a,expense,13000.00,-,2025-02-19,2025-02-19 18:34:00+00,1b52f4eb-1774-4bbf-9d75-2f22061418c0,
5135ef39-8b51-4ac3-b682-0b40a26f7001,9bead5bd-27cc-4bce-b348-dfdfe52bbcfa,c2fa641c-c10c-46ea-a69b-e2e8fab6d2ef,expense,17000.00,-,2025-03-30,2025-03-30 23:02:00+00,1db96cc4-753b-4ea9-bdf5-9cf9c71fb00b,
514c9003-9fdd-4972-947f-87ccc01ecc1d,9bead5bd-27cc-4bce-b348-dfdfe52bbcfa,,transfer,100000.00,-,2025-04-10,2025-04-10 11:48:00+00,d6c2f9dc-62aa-4d66-ae36-b8dd7f048e9c,1b52f4eb-1774-4bbf-9d75-2f22061418c0
514ccb10-ec6c-4b72-8d55-ce4005d401ce,9bead5bd-27cc-4bce-b348-dfdfe52bbcfa,3d15abb3-b62b-4772-b093-5880019049e3,expense,6900.00,-,2025-09-25,2025-09-25 16:00:00+00,ef945642-f8b2-43e7-8f16-1dfdf9802e69,
5175b7f8-3a32-4d60-9e96-8c472372053b,9bead5bd-27cc-4bce-b348-dfdfe52bbcfa,73a6b95b-efdb-4afd-bda5-2a6aedd82af4,expense,120640.00,sandal,2026-05-05,2026-05-05 06:03:00+00,d6c2f9dc-62aa-4d66-ae36-b8dd7f048e9c,
5178eef1-bb0f-4e7d-8e02-28216e890c3e,9bead5bd-27cc-4bce-b348-dfdfe52bbcfa,9e8d127f-fba2-437a-b77c-7f1f0074cf2a,expense,13300.00,-,2025-06-18,2025-06-18 12:00:00+00,d6c2f9dc-62aa-4d66-ae36-b8dd7f048e9c,
51993e8d-2136-4bab-adcb-263f2c457730,9bead5bd-27cc-4bce-b348-dfdfe52bbcfa,,transfer,16000.00,-,2025-11-21,2025-11-21 18:35:00+00,d6c2f9dc-62aa-4d66-ae36-b8dd7f048e9c,82d51ed1-5076-450e-8ae1-4bbe92cec701
519ea1a6-c87e-494d-bb17-27ab269b73a3,9bead5bd-27cc-4bce-b348-dfdfe52bbcfa,c2fa641c-c10c-46ea-a69b-e2e8fab6d2ef,expense,2599.00,-,2025-07-14,2025-07-14 02:20:00+00,1db96cc4-753b-4ea9-bdf5-9cf9c71fb00b,
51aa8a75-5478-45a5-9750-134795144e8e,9bead5bd-27cc-4bce-b348-dfdfe52bbcfa,,income,627088.00,Koreksi saldo,2026-01-01,2026-01-01 00:00:00+00,ef0c2451-f7a3-483f-b498-009cff598508,
51aace67-c95f-49d0-8777-65018511192b,9bead5bd-27cc-4bce-b348-dfdfe52bbcfa,,transfer,300000.00,-,2025-02-11,2025-02-11 21:28:00+00,1b52f4eb-1774-4bbf-9d75-2f22061418c0,ef0c2451-f7a3-483f-b498-009cff598508
5213c47c-ae28-44ce-a7e0-c62912f78b86,9bead5bd-27cc-4bce-b348-dfdfe52bbcfa,3dfd2937-650e-4dfa-aa82-1532855306a0,expense,21400.00,"masker, foods",2025-12-09,2025-12-09 07:13:00+00,ef0c2451-f7a3-483f-b498-009cff598508,
521a0c27-5e7e-4ba0-8270-b6353509e032,9bead5bd-27cc-4bce-b348-dfdfe52bbcfa,9e8d127f-fba2-437a-b77c-7f1f0074cf2a,expense,13000.00,-,2025-02-06,2025-02-06 12:34:00+00,ef0c2451-f7a3-483f-b498-009cff598508,
52278b3a-1684-4a7c-a761-cda0aa3832c3,9bead5bd-27cc-4bce-b348-dfdfe52bbcfa,9e8d127f-fba2-437a-b77c-7f1f0074cf2a,expense,17000.00,-,2025-11-14,2025-11-14 19:23:00+00,1b52f4eb-1774-4bbf-9d75-2f22061418c0,
5229634c-cdd7-4607-9334-33ebf4cbf207,9bead5bd-27cc-4bce-b348-dfdfe52bbcfa,,transfer,315000.00,,2026-07-07,2026-07-07 08:20:00+00,ef0c2451-f7a3-483f-b498-009cff598508,82d51ed1-5076-450e-8ae1-4bbe92cec701
526ed0c5-9115-4276-818e-29b461913b5e,9bead5bd-27cc-4bce-b348-dfdfe52bbcfa,9e8d127f-fba2-437a-b77c-7f1f0074cf2a,expense,11000.00,-,2025-12-02,2025-12-02 12:49:00+00,ef0c2451-f7a3-483f-b498-009cff598508,
5270de9b-2d8c-4e5a-8127-a596664bb9fc,9bead5bd-27cc-4bce-b348-dfdfe52bbcfa,,transfer,200000.00,-,2025-08-28,2025-08-28 18:31:00+00,ef0c2451-f7a3-483f-b498-009cff598508,1b52f4eb-1774-4bbf-9d75-2f22061418c0
527b0975-d1cc-4ac7-963a-8c1e43506b5e,9bead5bd-27cc-4bce-b348-dfdfe52bbcfa,,transfer,20000.00,-,2025-07-04,2025-07-04 17:01:00+00,d6c2f9dc-62aa-4d66-ae36-b8dd7f048e9c,1b52f4eb-1774-4bbf-9d75-2f22061418c0
528513ca-630c-4efd-ab6e-d2695995f975,9bead5bd-27cc-4bce-b348-dfdfe52bbcfa,06c4dac0-5cd5-43ae-aeab-bd0ac041116b,expense,15000.00,cuci motor,2026-01-26,2026-01-26 08:58:00+00,ef0c2451-f7a3-483f-b498-009cff598508,
52e41126-3a16-4f3f-a830-f7f58c61ed75,9bead5bd-27cc-4bce-b348-dfdfe52bbcfa,04d94b74-503f-4e20-b426-649acd17779d,income,165000.00,-,2025-04-10,2025-04-10 18:25:00+00,1b52f4eb-1774-4bbf-9d75-2f22061418c0,
52f8a85b-a728-48a5-905e-fc952afc7a69,9bead5bd-27cc-4bce-b348-dfdfe52bbcfa,,transfer,15895.00,-,2025-07-31,2025-07-31 11:44:00+00,ef0c2451-f7a3-483f-b498-009cff598508,c2b7adda-52b3-4d0f-949b-8c8f2930f6b0
531439f3-193b-414f-860e-6272fa6ab333,9bead5bd-27cc-4bce-b348-dfdfe52bbcfa,,transfer,19000.00,-,2025-07-30,2025-07-30 20:30:00+00,ef0c2451-f7a3-483f-b498-009cff598508,82d51ed1-5076-450e-8ae1-4bbe92cec701
532596a8-d2f5-4d45-a293-ee8cc7602487,9bead5bd-27cc-4bce-b348-dfdfe52bbcfa,e53b2a49-3ff8-4f1c-b16f-7e4eb7057130,expense,4000.00,,2026-04-18,2026-04-18 20:56:00+00,1b52f4eb-1774-4bbf-9d75-2f22061418c0,
533e204e-6df2-4443-8ee1-76cbc6ddce07,9bead5bd-27cc-4bce-b348-dfdfe52bbcfa,ef5c334f-9678-43a1-a24d-06ddf2ae4336,expense,10000.00,-,2025-05-25,2025-05-25 12:18:00+00,1b52f4eb-1774-4bbf-9d75-2f22061418c0,
53567f1f-fa4e-49ef-a4fe-8e4f76d97fd5,9bead5bd-27cc-4bce-b348-dfdfe52bbcfa,9eb96490-908d-4d01-bf88-5590e81f2e65,income,1500000.00,joki 1/2,2026-06-02,2026-06-02 22:26:00+00,ef945642-f8b2-43e7-8f16-1dfdf9802e69,
5367e5d7-d11c-4b14-a8d9-7ae9cd60ba15,9bead5bd-27cc-4bce-b348-dfdfe52bbcfa,,transfer,200000.00,-,2025-10-20,2025-10-20 11:07:00+00,ef0c2451-f7a3-483f-b498-009cff598508,d6c2f9dc-62aa-4d66-ae36-b8dd7f048e9c
536c49ad-7b9c-4c58-99ad-7bf713a133da,9bead5bd-27cc-4bce-b348-dfdfe52bbcfa,417ffb54-8c5d-49a6-90bd-9748bb065b43,expense,14300.00,,2026-08-07,2026-08-07 20:30:00+00,1b52f4eb-1774-4bbf-9d75-2f22061418c0,
5371524c-8382-42c7-891b-b19bf2bbbfac,9bead5bd-27cc-4bce-b348-dfdfe52bbcfa,9e8d127f-fba2-437a-b77c-7f1f0074cf2a,expense,15000.00,-,2025-11-11,2025-11-11 16:40:00+00,ef0c2451-f7a3-483f-b498-009cff598508,
537a3195-2e19-4df7-a8b6-3b3ae505697e,9bead5bd-27cc-4bce-b348-dfdfe52bbcfa,,transfer,38000.00,-,2025-07-25,2025-07-25 08:19:00+00,ef0c2451-f7a3-483f-b498-009cff598508,1db96cc4-753b-4ea9-bdf5-9cf9c71fb00b
53a403c6-56b4-46e8-ac57-680d862c2e8e,9bead5bd-27cc-4bce-b348-dfdfe52bbcfa,f37df41e-f249-4312-886a-c27968ccb934,expense,4000.00,,2026-04-27,2026-04-27 19:32:00+00,1b52f4eb-1774-4bbf-9d75-2f22061418c0,
53bb5ef9-43fc-4ae8-acdc-6d6e07a82b15,9bead5bd-27cc-4bce-b348-dfdfe52bbcfa,e53b2a49-3ff8-4f1c-b16f-7e4eb7057130,expense,2000.00,-,2025-12-09,2025-12-09 16:07:00+00,1b52f4eb-1774-4bbf-9d75-2f22061418c0,
53c56c3e-ef7b-44ed-ae51-05a7b20ac622,9bead5bd-27cc-4bce-b348-dfdfe52bbcfa,9e8d127f-fba2-437a-b77c-7f1f0074cf2a,expense,15608.00,,2026-05-15,2026-05-15 09:05:00+00,d6c2f9dc-62aa-4d66-ae36-b8dd7f048e9c,
53cdff22-e8d5-479e-a017-fbce3f216d3a,9bead5bd-27cc-4bce-b348-dfdfe52bbcfa,a95286ad-558f-456c-a43e-791b6bee7426,expense,80790.00,,2026-06-09,2026-06-09 06:46:00+00,ef945642-f8b2-43e7-8f16-1dfdf9802e69,
53cee00f-3c88-4eca-aedf-c94063f5b99e,9bead5bd-27cc-4bce-b348-dfdfe52bbcfa,,transfer,18000.00,,2026-01-31,2026-01-31 23:05:00+00,82d51ed1-5076-450e-8ae1-4bbe92cec701,ef0c2451-f7a3-483f-b498-009cff598508
53e0b623-ae7f-402b-bd40-2f65359615e6,9bead5bd-27cc-4bce-b348-dfdfe52bbcfa,89af7f66-fcf6-4ede-85ce-97818d8ee5e5,expense,22899.00,mokarizo,2025-03-22,2025-03-22 16:57:00+00,d6c2f9dc-62aa-4d66-ae36-b8dd7f048e9c,
53efe0a3-734d-4ed7-96ba-3c85baf60411,9bead5bd-27cc-4bce-b348-dfdfe52bbcfa,9e8d127f-fba2-437a-b77c-7f1f0074cf2a,expense,14000.00,-,2025-02-22,2025-02-22 12:15:00+00,1b52f4eb-1774-4bbf-9d75-2f22061418c0,
54349a50-57bf-4d10-ad8c-c0f5fbdcb6ed,9bead5bd-27cc-4bce-b348-dfdfe52bbcfa,,transfer,53000.00,-,2025-08-12,2025-08-12 20:27:00+00,82d51ed1-5076-450e-8ae1-4bbe92cec701,1b52f4eb-1774-4bbf-9d75-2f22061418c0
543f2e74-27d7-423c-9afd-ff5a3fe2fb6c,9bead5bd-27cc-4bce-b348-dfdfe52bbcfa,9e8d127f-fba2-437a-b77c-7f1f0074cf2a,expense,13000.00,,2026-01-14,2026-01-14 18:15:00+00,1b52f4eb-1774-4bbf-9d75-2f22061418c0,
548ccd69-cb42-4e26-9835-d211562668b9,9bead5bd-27cc-4bce-b348-dfdfe52bbcfa,9e8d127f-fba2-437a-b77c-7f1f0074cf2a,expense,23875.00,-,2025-08-07,2025-08-07 14:36:00+00,d6c2f9dc-62aa-4d66-ae36-b8dd7f048e9c,
54d489e9-097e-442f-9b49-205a148e0a1a,9bead5bd-27cc-4bce-b348-dfdfe52bbcfa,,transfer,100000.00,,2026-07-20,2026-07-20 17:14:00+00,ef0c2451-f7a3-483f-b498-009cff598508,d6c2f9dc-62aa-4d66-ae36-b8dd7f048e9c
54d564e8-5750-483a-923c-ca81014c4f82,9bead5bd-27cc-4bce-b348-dfdfe52bbcfa,,transfer,50000.00,-,2025-06-16,2025-06-16 11:43:00+00,1b52f4eb-1774-4bbf-9d75-2f22061418c0,d6c2f9dc-62aa-4d66-ae36-b8dd7f048e9c
54dec321-07fa-4024-850f-24552ae4729f,9bead5bd-27cc-4bce-b348-dfdfe52bbcfa,9e8d127f-fba2-437a-b77c-7f1f0074cf2a,expense,11000.00,-,2025-09-14,2025-09-14 18:20:00+00,1b52f4eb-1774-4bbf-9d75-2f22061418c0,
54e3a999-120d-4de3-94ba-748fc616e502,9bead5bd-27cc-4bce-b348-dfdfe52bbcfa,d6b7f46d-c8b4-4cdf-822a-80d1083c7393,expense,6000.00,-,2025-03-01,2025-03-01 19:15:00+00,d6c2f9dc-62aa-4d66-ae36-b8dd7f048e9c,
54ece598-89bf-49e2-a5d0-17545d3ea88a,9bead5bd-27cc-4bce-b348-dfdfe52bbcfa,,transfer,7410.00,,2026-08-26,2026-08-26 05:34:00+00,5d613a77-a05e-464c-ae45-0d5540681ac7,ef945642-f8b2-43e7-8f16-1dfdf9802e69
55153e93-2675-4f62-b367-0fcb62ad8f61,9bead5bd-27cc-4bce-b348-dfdfe52bbcfa,,transfer,27454.00,-,2025-09-11,2025-09-11 14:31:00+00,ef0c2451-f7a3-483f-b498-009cff598508,82d51ed1-5076-450e-8ae1-4bbe92cec701
552a03ce-14b5-459a-95b3-97fee22e536c,9bead5bd-27cc-4bce-b348-dfdfe52bbcfa,9e8d127f-fba2-437a-b77c-7f1f0074cf2a,expense,26400.00,-,2025-06-17,2025-06-17 18:13:00+00,d6c2f9dc-62aa-4d66-ae36-b8dd7f048e9c,
552bfb11-77b4-4656-ab24-d19fdb9ffd95,9bead5bd-27cc-4bce-b348-dfdfe52bbcfa,3dfd2937-650e-4dfa-aa82-1532855306a0,expense,18000.00,"sugar, mie",2025-06-14,2025-06-14 07:14:00+00,1b52f4eb-1774-4bbf-9d75-2f22061418c0,
5531e595-a187-443a-b0b3-7112e1d3dd82,9bead5bd-27cc-4bce-b348-dfdfe52bbcfa,,transfer,22000.00,-,2025-03-18,2025-03-18 18:58:00+00,ef0c2451-f7a3-483f-b498-009cff598508,d1d65a47-79be-472a-8e7c-191ddef21252
5543b8b5-d2b8-48ad-a879-ee4726758bf4,9bead5bd-27cc-4bce-b348-dfdfe52bbcfa,,income,2640196.00,Koreksi saldo,2026-01-01,2026-01-01 00:00:00+00,8d5cd0ca-c9ea-4d7b-b428-4a0dedc8d833,
554a9289-7326-4c36-80b8-4f01c4784a32,9bead5bd-27cc-4bce-b348-dfdfe52bbcfa,9e8d127f-fba2-437a-b77c-7f1f0074cf2a,expense,13200.00,-,2025-08-27,2025-08-27 14:15:00+00,d6c2f9dc-62aa-4d66-ae36-b8dd7f048e9c,
55514906-540d-4a17-9855-1d249d1f64f7,9bead5bd-27cc-4bce-b348-dfdfe52bbcfa,,transfer,5812928.00,-,2025-05-28,2025-05-28 15:32:00+00,ef0c2451-f7a3-483f-b498-009cff598508,d1d65a47-79be-472a-8e7c-191ddef21252
5572b156-1ecf-4adc-a31e-72c059596643,9bead5bd-27cc-4bce-b348-dfdfe52bbcfa,9e8d127f-fba2-437a-b77c-7f1f0074cf2a,expense,19600.00,,2026-02-02,2026-02-02 20:33:00+00,d6c2f9dc-62aa-4d66-ae36-b8dd7f048e9c,
55a27c4d-b272-4c39-8042-10a2eb06ae72,9bead5bd-27cc-4bce-b348-dfdfe52bbcfa,e53b2a49-3ff8-4f1c-b16f-7e4eb7057130,expense,4000.00,,2026-03-04,2026-03-04 18:30:00+00,1b52f4eb-1774-4bbf-9d75-2f22061418c0,
55a4a40d-e9b1-4dfe-be3d-d3d95164068f,9bead5bd-27cc-4bce-b348-dfdfe52bbcfa,9e8d127f-fba2-437a-b77c-7f1f0074cf2a,expense,26400.00,-,2025-05-04,2025-05-04 13:56:00+00,d6c2f9dc-62aa-4d66-ae36-b8dd7f048e9c,
55b9f840-7c49-4ea7-b87d-d56b8878f894,9bead5bd-27cc-4bce-b348-dfdfe52bbcfa,9e8d127f-fba2-437a-b77c-7f1f0074cf2a,expense,13780.00,,2026-06-09,2026-06-09 06:49:00+00,d6c2f9dc-62aa-4d66-ae36-b8dd7f048e9c,
55c4e5f6-0409-4186-a8d1-65ddd742d0ea,9bead5bd-27cc-4bce-b348-dfdfe52bbcfa,3d15abb3-b62b-4772-b093-5880019049e3,expense,3300.00,-,2025-12-31,2025-12-31 19:55:00+00,ef0c2451-f7a3-483f-b498-009cff598508,
55f32e1b-1cd8-4ce7-9db1-c604b769c4bc,9bead5bd-27cc-4bce-b348-dfdfe52bbcfa,9e8d127f-fba2-437a-b77c-7f1f0074cf2a,expense,13700.00,,2026-08-22,2026-08-22 06:21:00+00,ef945642-f8b2-43e7-8f16-1dfdf9802e69,
55f8c876-37df-43b2-b6f7-2454abfb2cff,9bead5bd-27cc-4bce-b348-dfdfe52bbcfa,c2fa641c-c10c-46ea-a69b-e2e8fab6d2ef,expense,15000.00,,2026-05-17,2026-05-17 18:23:00+00,ef0c2451-f7a3-483f-b498-009cff598508,
5617fac0-6c08-4e6b-afae-2a44a6e53f2b,9bead5bd-27cc-4bce-b348-dfdfe52bbcfa,,transfer,853000.00,,2026-01-21,2026-01-21 18:57:00+00,82d51ed1-5076-450e-8ae1-4bbe92cec701,ef0c2451-f7a3-483f-b498-009cff598508
5619170d-2ecd-40d6-9c6e-6c475812ba2e,9bead5bd-27cc-4bce-b348-dfdfe52bbcfa,,transfer,25000.00,-,2025-08-01,2025-08-01 15:41:00+00,ef0c2451-f7a3-483f-b498-009cff598508,82d51ed1-5076-450e-8ae1-4bbe92cec701
5633da6a-1571-4efc-90cd-bb8563ea5058,9bead5bd-27cc-4bce-b348-dfdfe52bbcfa,04bbb778-c16c-48b3-86d6-e5bceea67e4d,expense,14500.00,,2026-05-14,2026-05-14 17:25:00+00,ef0c2451-f7a3-483f-b498-009cff598508,
564b772e-66f4-4f38-a30e-e6aedb0fc7d0,9bead5bd-27cc-4bce-b348-dfdfe52bbcfa,f37df41e-f249-4312-886a-c27968ccb934,expense,5000.00,,2026-04-03,2026-04-03 21:38:00+00,1b52f4eb-1774-4bbf-9d75-2f22061418c0,
5657c8d2-6556-49d3-ad03-6960ae5f579e,9bead5bd-27cc-4bce-b348-dfdfe52bbcfa,9e8d127f-fba2-437a-b77c-7f1f0074cf2a,expense,15000.00,-,2025-10-05,2025-10-05 13:16:00+00,1b52f4eb-1774-4bbf-9d75-2f22061418c0,
566d8d66-715e-4222-85ef-a52db63d341b,9bead5bd-27cc-4bce-b348-dfdfe52bbcfa,04bbb778-c16c-48b3-86d6-e5bceea67e4d,expense,12000.00,-,2025-12-05,2025-12-05 16:51:00+00,d6c2f9dc-62aa-4d66-ae36-b8dd7f048e9c,
568d1be5-4c20-4e4a-aff1-6c9fddb9b0e2,9bead5bd-27cc-4bce-b348-dfdfe52bbcfa,ef5c334f-9678-43a1-a24d-06ddf2ae4336,expense,1200.00,Koreksi saldo,2025-05-27,2025-05-27 08:38:47+00,d6c2f9dc-62aa-4d66-ae36-b8dd7f048e9c,
56970a1f-2df7-406d-bf06-955ed867c269,9bead5bd-27cc-4bce-b348-dfdfe52bbcfa,c2fa641c-c10c-46ea-a69b-e2e8fab6d2ef,expense,15000.00,,2026-06-19,2026-06-19 14:45:00+00,ef0c2451-f7a3-483f-b498-009cff598508,
56ab8882-3d2a-4cf8-8fb6-5852051b8743,9bead5bd-27cc-4bce-b348-dfdfe52bbcfa,,transfer,150000.00,,2026-06-30,2026-06-30 10:49:00+00,ef0c2451-f7a3-483f-b498-009cff598508,ef945642-f8b2-43e7-8f16-1dfdf9802e69
56c8bae3-97a7-4672-bacd-8001a554496e,9bead5bd-27cc-4bce-b348-dfdfe52bbcfa,,transfer,302843.00,,2026-01-04,2026-01-04 18:40:00+00,ef0c2451-f7a3-483f-b498-009cff598508,82d51ed1-5076-450e-8ae1-4bbe92cec701
56f1c7ac-3064-43e3-9496-0053f7d4b2f9,9bead5bd-27cc-4bce-b348-dfdfe52bbcfa,c2fa641c-c10c-46ea-a69b-e2e8fab6d2ef,expense,15000.00,,2026-06-17,2026-06-17 20:13:00+00,ef0c2451-f7a3-483f-b498-009cff598508,
56ffb79d-8376-4ec9-8320-a027f4c124b8,9bead5bd-27cc-4bce-b348-dfdfe52bbcfa,06c4dac0-5cd5-43ae-aeab-bd0ac041116b,expense,5000.00,nitrogen,2025-04-15,2025-04-15 18:39:00+00,1b52f4eb-1774-4bbf-9d75-2f22061418c0,
571ad147-db82-45ef-a4f5-51635d1ae2d4,9bead5bd-27cc-4bce-b348-dfdfe52bbcfa,ef5c334f-9678-43a1-a24d-06ddf2ae4336,income,400.00,Koreksi saldo,2026-02-28,2026-02-28 08:16:40+00,d6c2f9dc-62aa-4d66-ae36-b8dd7f048e9c,
573902ab-f079-43df-9c0c-02b74fca89ed,9bead5bd-27cc-4bce-b348-dfdfe52bbcfa,3d15abb3-b62b-4772-b093-5880019049e3,expense,6900.00,kopi,2025-09-24,2025-09-24 20:01:00+00,ef0c2451-f7a3-483f-b498-009cff598508,
5741b8c4-4414-4375-90cf-3b77b2aa357a,9bead5bd-27cc-4bce-b348-dfdfe52bbcfa,,transfer,43200.00,,2026-06-20,2026-06-20 20:09:00+00,82d51ed1-5076-450e-8ae1-4bbe92cec701,1b52f4eb-1774-4bbf-9d75-2f22061418c0
574fc4f3-b336-4bdf-b5de-54cabb701e35,9bead5bd-27cc-4bce-b348-dfdfe52bbcfa,,transfer,50000.00,-,2025-04-04,2025-04-04 18:31:00+00,ef0c2451-f7a3-483f-b498-009cff598508,1b52f4eb-1774-4bbf-9d75-2f22061418c0
577f38f2-30e7-4517-991e-254be4499c89,9bead5bd-27cc-4bce-b348-dfdfe52bbcfa,,transfer,100000.00,,2026-05-08,2026-05-08 09:44:00+00,ef0c2451-f7a3-483f-b498-009cff598508,1b52f4eb-1774-4bbf-9d75-2f22061418c0
5796dc39-f444-418a-97c1-e088e282df90,9bead5bd-27cc-4bce-b348-dfdfe52bbcfa,c363bb9a-e1c1-4485-a21b-d5cb69be8ac5,expense,25000.00,,2026-05-16,2026-05-16 17:08:00+00,1b52f4eb-1774-4bbf-9d75-2f22061418c0,
57a1009d-9e2a-4f84-b191-32ec8fd84860,9bead5bd-27cc-4bce-b348-dfdfe52bbcfa,9e8d127f-fba2-437a-b77c-7f1f0074cf2a,expense,14250.00,,2026-03-05,2026-03-05 21:14:00+00,d6c2f9dc-62aa-4d66-ae36-b8dd7f048e9c,
57a32900-d826-4577-ae58-aeb6eaeb23f0,9bead5bd-27cc-4bce-b348-dfdfe52bbcfa,8c36b2da-48c2-4bd2-8df4-c1b94780d823,expense,77800.00,pulau merah,2025-06-24,2025-06-24 20:31:00+00,ef0c2451-f7a3-483f-b498-009cff598508,
57a51692-8ca7-4645-a16b-5ee830651749,9bead5bd-27cc-4bce-b348-dfdfe52bbcfa,96451090-fe19-4a49-923c-34e2b0645bb4,expense,30000.00,skck,2025-09-09,2025-09-09 11:38:00+00,ef945642-f8b2-43e7-8f16-1dfdf9802e69,
57b930ab-7edd-4de1-b9de-6057c26c7ebd,9bead5bd-27cc-4bce-b348-dfdfe52bbcfa,9e8d127f-fba2-437a-b77c-7f1f0074cf2a,expense,13000.00,,2026-01-11,2026-01-11 13:36:00+00,ef0c2451-f7a3-483f-b498-009cff598508,
57bceb3f-552e-44f0-ba5e-780f919530ba,9bead5bd-27cc-4bce-b348-dfdfe52bbcfa,69cbbe19-e8fa-45c5-a250-77fd8aa3d98e,expense,58000.00,wifi,2025-10-15,2025-10-15 19:06:00+00,d6c2f9dc-62aa-4d66-ae36-b8dd7f048e9c,
57d17b2f-d2e1-4adf-a042-a7d1f12ddafc,9bead5bd-27cc-4bce-b348-dfdfe52bbcfa,,transfer,150000.00,-,2025-11-30,2025-11-30 09:07:00+00,82d51ed1-5076-450e-8ae1-4bbe92cec701,ef0c2451-f7a3-483f-b498-009cff598508
57d6e288-1786-4b82-9038-8794108f0813,9bead5bd-27cc-4bce-b348-dfdfe52bbcfa,c363bb9a-e1c1-4485-a21b-d5cb69be8ac5,expense,50000.00,-,2025-12-28,2025-12-28 22:20:00+00,1b52f4eb-1774-4bbf-9d75-2f22061418c0,
57e81717-fc3b-4fe3-834e-8ebb64864af0,9bead5bd-27cc-4bce-b348-dfdfe52bbcfa,9e8d127f-fba2-437a-b77c-7f1f0074cf2a,expense,10500.00,-,2025-12-04,2025-12-04 09:49:00+00,ef0c2451-f7a3-483f-b498-009cff598508,
58164ab1-df56-4867-9994-68d9914ef8b5,9bead5bd-27cc-4bce-b348-dfdfe52bbcfa,9e8d127f-fba2-437a-b77c-7f1f0074cf2a,expense,14000.00,-,2025-01-27,2025-01-27 11:49:00+00,1db96cc4-753b-4ea9-bdf5-9cf9c71fb00b,
5835f73c-b446-49c6-a871-98acedf5d516,9bead5bd-27cc-4bce-b348-dfdfe52bbcfa,9e8d127f-fba2-437a-b77c-7f1f0074cf2a,expense,15000.00,-,2025-02-13,2025-02-13 16:26:00+00,1b52f4eb-1774-4bbf-9d75-2f22061418c0,
58423cf5-ad21-4cf3-ba4f-c414206d061c,9bead5bd-27cc-4bce-b348-dfdfe52bbcfa,,transfer,11500.00,,2026-05-24,2026-05-24 18:00:00+00,474b878e-ac87-4a17-b5ea-e104268d14dd,5d613a77-a05e-464c-ae45-0d5540681ac7
5883fc87-c173-4bc5-9c85-aced3142dfa9,9bead5bd-27cc-4bce-b348-dfdfe52bbcfa,3dfd2937-650e-4dfa-aa82-1532855306a0,expense,24000.00,-,2025-03-01,2025-03-01 19:15:00+00,1b52f4eb-1774-4bbf-9d75-2f22061418c0,
589e4f08-4b61-48b8-8dae-c4afdc3f7137,9bead5bd-27cc-4bce-b348-dfdfe52bbcfa,,transfer,7907298.00,-,2025-11-22,2025-11-22 21:11:00+00,ef945642-f8b2-43e7-8f16-1dfdf9802e69,5d613a77-a05e-464c-ae45-0d5540681ac7
58bdc4bb-8509-4eac-98ca-bf2c418d6b44,9bead5bd-27cc-4bce-b348-dfdfe52bbcfa,3dfd2937-650e-4dfa-aa82-1532855306a0,expense,22000.00,-,2025-08-23,2025-08-23 12:18:00+00,1b52f4eb-1774-4bbf-9d75-2f22061418c0,
58c1ad91-bdec-40cb-beae-066d114065d6,9bead5bd-27cc-4bce-b348-dfdfe52bbcfa,04bbb778-c16c-48b3-86d6-e5bceea67e4d,expense,10000.00,-,2025-12-31,2025-12-31 14:36:00+00,ef0c2451-f7a3-483f-b498-009cff598508,
58e1156b-5a50-4005-8061-1e213088fcc8,9bead5bd-27cc-4bce-b348-dfdfe52bbcfa,9e8d127f-fba2-437a-b77c-7f1f0074cf2a,expense,23000.00,-,2025-12-22,2025-12-22 20:11:00+00,ef0c2451-f7a3-483f-b498-009cff598508,
58f46570-3923-40ea-b303-7963cb8a1f50,9bead5bd-27cc-4bce-b348-dfdfe52bbcfa,3dfd2937-650e-4dfa-aa82-1532855306a0,expense,3000.00,kopi,2025-01-14,2025-01-14 18:10:00+00,1b52f4eb-1774-4bbf-9d75-2f22061418c0,
58fe75e6-1e2e-45eb-b4ab-77f44ae04c10,9bead5bd-27cc-4bce-b348-dfdfe52bbcfa,04d94b74-503f-4e20-b426-649acd17779d,expense,115000.00,z,2025-01-22,2025-01-22 21:43:00+00,c2b7adda-52b3-4d0f-949b-8c8f2930f6b0,
592303a8-8e22-4737-b4c6-0f15adbbf21a,9bead5bd-27cc-4bce-b348-dfdfe52bbcfa,9e8d127f-fba2-437a-b77c-7f1f0074cf2a,expense,25000.00,,2026-01-29,2026-01-29 18:49:00+00,ef0c2451-f7a3-483f-b498-009cff598508,
5938ffb0-8357-4b52-a84f-34d595ebcbb7,9bead5bd-27cc-4bce-b348-dfdfe52bbcfa,,transfer,20000.00,-,2025-12-14,2025-12-14 18:59:00+00,ef0c2451-f7a3-483f-b498-009cff598508,82d51ed1-5076-450e-8ae1-4bbe92cec701
598066ec-0125-4633-8425-5693ff1f6988,9bead5bd-27cc-4bce-b348-dfdfe52bbcfa,c363bb9a-e1c1-4485-a21b-d5cb69be8ac5,expense,10000.00,,2026-02-23,2026-02-23 07:27:00+00,1b52f4eb-1774-4bbf-9d75-2f22061418c0,
5980a025-cbfa-4bba-90ee-202ef64ba9e8,9bead5bd-27cc-4bce-b348-dfdfe52bbcfa,,transfer,10000.00,-,2025-07-05,2025-07-05 18:41:00+00,1b52f4eb-1774-4bbf-9d75-2f22061418c0,1db96cc4-753b-4ea9-bdf5-9cf9c71fb00b
599f3345-7e1c-4df3-b420-ee0185f46acb,9bead5bd-27cc-4bce-b348-dfdfe52bbcfa,9e8d127f-fba2-437a-b77c-7f1f0074cf2a,expense,20500.00,-,2025-08-10,2025-08-10 15:58:00+00,d6c2f9dc-62aa-4d66-ae36-b8dd7f048e9c,
59b53b44-ed77-497c-b496-5bc8e7cfe2ce,9bead5bd-27cc-4bce-b348-dfdfe52bbcfa,9e8d127f-fba2-437a-b77c-7f1f0074cf2a,expense,14000.00,-,2025-01-01,2025-01-01 12:46:00+00,1b52f4eb-1774-4bbf-9d75-2f22061418c0,
5a02d676-4731-40d1-873e-a149df4952f1,9bead5bd-27cc-4bce-b348-dfdfe52bbcfa,89af7f66-fcf6-4ede-85ce-97818d8ee5e5,expense,10000.00,potram,2026-02-08,2026-02-08 11:40:00+00,1b52f4eb-1774-4bbf-9d75-2f22061418c0,
5a27376b-3424-440d-9c50-efcbfd004a9b,9bead5bd-27cc-4bce-b348-dfdfe52bbcfa,9e8d127f-fba2-437a-b77c-7f1f0074cf2a,expense,13000.00,,2026-01-17,2026-01-17 09:00:00+00,ef0c2451-f7a3-483f-b498-009cff598508,
5a281c44-b866-4b4f-8d92-4df189e27ad1,9bead5bd-27cc-4bce-b348-dfdfe52bbcfa,,transfer,15000.00,-,2025-11-17,2025-11-17 06:38:00+00,1b52f4eb-1774-4bbf-9d75-2f22061418c0,d6c2f9dc-62aa-4d66-ae36-b8dd7f048e9c
5a9b9439-435a-44f9-94e0-7f71a0225bb0,9bead5bd-27cc-4bce-b348-dfdfe52bbcfa,e53b2a49-3ff8-4f1c-b16f-7e4eb7057130,expense,4000.00,,2026-01-04,2026-01-04 15:49:00+00,1b52f4eb-1774-4bbf-9d75-2f22061418c0,
5a9b9e0b-c3f5-4a4e-8020-da3010b84c5e,9bead5bd-27cc-4bce-b348-dfdfe52bbcfa,9e8d127f-fba2-437a-b77c-7f1f0074cf2a,expense,15000.00,-,2025-10-11,2025-10-11 11:28:00+00,1b52f4eb-1774-4bbf-9d75-2f22061418c0,
5aa53d71-8c9a-4edb-849d-936cd66a4ff0,9bead5bd-27cc-4bce-b348-dfdfe52bbcfa,e66badba-dce0-4403-80cf-760a4f913399,expense,500.00,-,2025-07-23,2025-07-23 20:21:00+00,ef0c2451-f7a3-483f-b498-009cff598508,
5acf1183-8fb9-46fa-a4a8-ac006ce3fac4,9bead5bd-27cc-4bce-b348-dfdfe52bbcfa,9e8d127f-fba2-437a-b77c-7f1f0074cf2a,expense,13000.00,-,2025-09-01,2025-09-01 18:48:00+00,1b52f4eb-1774-4bbf-9d75-2f22061418c0,
5b06ab7e-a5c1-44ba-b9f2-c217abf8a9d0,9bead5bd-27cc-4bce-b348-dfdfe52bbcfa,04d94b74-503f-4e20-b426-649acd17779d,expense,89999.00,birthday gift,2026-03-08,2026-03-08 06:31:00+00,ef0c2451-f7a3-483f-b498-009cff598508,
5b2787d6-9c41-42f0-88b1-a84494c13eca,9bead5bd-27cc-4bce-b348-dfdfe52bbcfa,,transfer,51000.00,-,2025-02-28,2025-02-28 20:01:00+00,ef0c2451-f7a3-483f-b498-009cff598508,1db96cc4-753b-4ea9-bdf5-9cf9c71fb00b
5b3e4588-fd29-4d27-9f14-c0567814f629,9bead5bd-27cc-4bce-b348-dfdfe52bbcfa,9eb96490-908d-4d01-bf88-5590e81f2e65,income,50000.00,joki,2025-02-01,2025-02-01 18:53:00+00,ef0c2451-f7a3-483f-b498-009cff598508,
5b4918a3-1c95-473c-95c4-a2a6affb8f7c,9bead5bd-27cc-4bce-b348-dfdfe52bbcfa,9e8d127f-fba2-437a-b77c-7f1f0074cf2a,expense,14000.00,,2026-04-10,2026-04-10 18:19:00+00,ef0c2451-f7a3-483f-b498-009cff598508,
5b6518b8-d9d9-401e-a6fe-6326a772c8f9,9bead5bd-27cc-4bce-b348-dfdfe52bbcfa,d6b7f46d-c8b4-4cdf-822a-80d1083c7393,expense,12000.00,-,2025-12-20,2025-12-20 11:09:00+00,ef0c2451-f7a3-483f-b498-009cff598508,
5b700ee8-6aae-450b-ae00-b3faa7a69570,9bead5bd-27cc-4bce-b348-dfdfe52bbcfa,a95286ad-558f-456c-a43e-791b6bee7426,expense,12500.00,,2026-08-02,2026-08-02 15:54:00+00,ef0c2451-f7a3-483f-b498-009cff598508,
5bbbfa1c-6c2c-43a3-90bb-e463474db16f,9bead5bd-27cc-4bce-b348-dfdfe52bbcfa,04bbb778-c16c-48b3-86d6-e5bceea67e4d,expense,19000.00,,2026-07-02,2026-07-02 09:48:00+00,ef945642-f8b2-43e7-8f16-1dfdf9802e69,
5bc4d172-0fd8-4645-896c-c83e0f3e40bd,9bead5bd-27cc-4bce-b348-dfdfe52bbcfa,ef5c334f-9678-43a1-a24d-06ddf2ae4336,income,76000.00,Koreksi saldo,2025-03-22,2025-03-22 16:58:05+00,1b52f4eb-1774-4bbf-9d75-2f22061418c0,
5be10049-8e0e-49bf-98b4-548ce3551dcb,9bead5bd-27cc-4bce-b348-dfdfe52bbcfa,9e8d127f-fba2-437a-b77c-7f1f0074cf2a,expense,12000.00,-,2025-01-01,2025-01-01 19:28:00+00,1b52f4eb-1774-4bbf-9d75-2f22061418c0,
5bef6749-919e-403f-b15d-6c9178981aa0,9bead5bd-27cc-4bce-b348-dfdfe52bbcfa,e66badba-dce0-4403-80cf-760a4f913399,expense,1000.00,gopay,2025-05-02,2025-05-02 20:38:00+00,ef0c2451-f7a3-483f-b498-009cff598508,
5bf4c7b5-c430-4279-976d-849ae31e2e71,9bead5bd-27cc-4bce-b348-dfdfe52bbcfa,c363bb9a-e1c1-4485-a21b-d5cb69be8ac5,expense,50000.00,-,2025-02-02,2025-02-02 10:07:00+00,1b52f4eb-1774-4bbf-9d75-2f22061418c0,
5c08c4ae-903c-4d3f-b5e6-03f99a940c3d,9bead5bd-27cc-4bce-b348-dfdfe52bbcfa,,transfer,1000.00,,2026-07-25,2026-07-25 13:24:00+00,c2b7adda-52b3-4d0f-949b-8c8f2930f6b0,ef945642-f8b2-43e7-8f16-1dfdf9802e69
5c1bc1d6-4641-499c-afed-e1f49eab7793,9bead5bd-27cc-4bce-b348-dfdfe52bbcfa,,transfer,15000.00,-,2025-08-11,2025-08-11 12:19:00+00,ef0c2451-f7a3-483f-b498-009cff598508,82d51ed1-5076-450e-8ae1-4bbe92cec701
5c2a8ff0-d876-47c1-980b-07ac3ba20804,9bead5bd-27cc-4bce-b348-dfdfe52bbcfa,c363bb9a-e1c1-4485-a21b-d5cb69be8ac5,expense,100000.00,-,2025-12-25,2025-12-25 14:09:00+00,1b52f4eb-1774-4bbf-9d75-2f22061418c0,
5c671f4e-c458-4095-85fe-af439623d75d,9bead5bd-27cc-4bce-b348-dfdfe52bbcfa,,transfer,25000.00,,2026-06-09,2026-06-09 05:45:00+00,ef945642-f8b2-43e7-8f16-1dfdf9802e69,ef0c2451-f7a3-483f-b498-009cff598508
5c72b2e8-37c0-423f-a299-675a72a12e89,9bead5bd-27cc-4bce-b348-dfdfe52bbcfa,9e8d127f-fba2-437a-b77c-7f1f0074cf2a,expense,27000.00,-,2025-08-04,2025-08-04 10:29:00+00,d6c2f9dc-62aa-4d66-ae36-b8dd7f048e9c,
5c80f9ad-b736-48d8-ae39-508dbbac9867,9bead5bd-27cc-4bce-b348-dfdfe52bbcfa,04bbb778-c16c-48b3-86d6-e5bceea67e4d,expense,20000.00,,2026-08-30,2026-08-30 07:15:00+00,ef0c2451-f7a3-483f-b498-009cff598508,
5ca96dc1-7a4a-4626-bf48-db57939bedd8,9bead5bd-27cc-4bce-b348-dfdfe52bbcfa,,transfer,200000.00,-,2025-07-16,2025-07-16 19:52:00+00,1b52f4eb-1774-4bbf-9d75-2f22061418c0,ef0c2451-f7a3-483f-b498-009cff598508
5ccb8866-afce-4e60-ad7b-0910a0806038,9bead5bd-27cc-4bce-b348-dfdfe52bbcfa,3d15abb3-b62b-4772-b093-5880019049e3,expense,17400.00,,2026-04-03,2026-04-03 09:14:00+00,d6c2f9dc-62aa-4d66-ae36-b8dd7f048e9c,
5cefb7a8-98e3-4621-a04f-e17aeeb74cf5,9bead5bd-27cc-4bce-b348-dfdfe52bbcfa,73a6b95b-efdb-4afd-bda5-2a6aedd82af4,expense,177292.00,-,2025-11-12,2025-11-12 18:51:00+00,ef945642-f8b2-43e7-8f16-1dfdf9802e69,
5d599cb6-ac62-47ba-b069-8c69556b84d7,9bead5bd-27cc-4bce-b348-dfdfe52bbcfa,e66badba-dce0-4403-80cf-760a4f913399,expense,5000.00,,2026-03-01,2026-03-01 09:19:00+00,ef0c2451-f7a3-483f-b498-009cff598508,
5d621ba2-c697-47ce-909a-ccda458fc5c1,9bead5bd-27cc-4bce-b348-dfdfe52bbcfa,,transfer,100000.00,-,2025-04-14,2025-04-14 21:01:00+00,ef0c2451-f7a3-483f-b498-009cff598508,d6c2f9dc-62aa-4d66-ae36-b8dd7f048e9c
5d83c210-6593-4fc1-b6bd-d4dd151f0719,9bead5bd-27cc-4bce-b348-dfdfe52bbcfa,,transfer,100000.00,-,2025-05-07,2025-05-07 21:11:00+00,ef0c2451-f7a3-483f-b498-009cff598508,1db96cc4-753b-4ea9-bdf5-9cf9c71fb00b
5de37b0b-2a05-401d-8bba-e3813b931792,9bead5bd-27cc-4bce-b348-dfdfe52bbcfa,ef5c334f-9678-43a1-a24d-06ddf2ae4336,expense,2115.00,Koreksi saldo,2025-07-01,2025-07-01 10:41:44+00,ef0c2451-f7a3-483f-b498-009cff598508,
5e138dde-900d-4ed3-bc3a-15954abf46d1,9bead5bd-27cc-4bce-b348-dfdfe52bbcfa,,transfer,100000.00,-,2025-09-26,2025-09-26 13:32:00+00,ef0c2451-f7a3-483f-b498-009cff598508,1db96cc4-753b-4ea9-bdf5-9cf9c71fb00b
5e14e0b6-e0fd-42d8-b8af-0c064a815da2,9bead5bd-27cc-4bce-b348-dfdfe52bbcfa,e53b2a49-3ff8-4f1c-b16f-7e4eb7057130,expense,2000.00,,2026-01-19,2026-01-19 18:30:00+00,1b52f4eb-1774-4bbf-9d75-2f22061418c0,
5ec3e167-4307-40f2-80d8-e56cb7c44386,9bead5bd-27cc-4bce-b348-dfdfe52bbcfa,ef5c334f-9678-43a1-a24d-06ddf2ae4336,expense,18000.00,rohim cafe,2026-07-14,2026-07-14 18:39:00+00,ef0c2451-f7a3-483f-b498-009cff598508,
5ec6c7c0-d47a-4a92-a07e-5762975f3619,9bead5bd-27cc-4bce-b348-dfdfe52bbcfa,,transfer,200000.00,-,2025-12-21,2025-12-21 20:48:00+00,5d613a77-a05e-464c-ae45-0d5540681ac7,82d51ed1-5076-450e-8ae1-4bbe92cec701
5ec6faac-4941-4852-8da1-0666544d5c27,9bead5bd-27cc-4bce-b348-dfdfe52bbcfa,04d94b74-503f-4e20-b426-649acd17779d,expense,41535.00,-,2025-07-25,2025-07-25 08:41:00+00,d6c2f9dc-62aa-4d66-ae36-b8dd7f048e9c,
5ed0bf24-c152-4cf4-8b9e-f863f61cf640,9bead5bd-27cc-4bce-b348-dfdfe52bbcfa,9e8d127f-fba2-437a-b77c-7f1f0074cf2a,expense,13000.00,,2026-01-05,2026-01-05 18:33:00+00,ef0c2451-f7a3-483f-b498-009cff598508,
5ed13d9c-ed62-4c77-9ce4-98bc7d905cc2,9bead5bd-27cc-4bce-b348-dfdfe52bbcfa,73a6b95b-efdb-4afd-bda5-2a6aedd82af4,expense,10000.00,rambut,2026-01-17,2026-01-17 08:50:00+00,1b52f4eb-1774-4bbf-9d75-2f22061418c0,
5f0f93ba-5f64-49d0-88ae-5efb94356281,9bead5bd-27cc-4bce-b348-dfdfe52bbcfa,9e8d127f-fba2-437a-b77c-7f1f0074cf2a,expense,17800.00,-,2025-04-13,2025-04-13 07:49:00+00,d6c2f9dc-62aa-4d66-ae36-b8dd7f048e9c,
5f1b7068-3308-47e3-9c54-897b93f7e806,9bead5bd-27cc-4bce-b348-dfdfe52bbcfa,,transfer,400000.00,,2026-02-02,2026-02-02 06:11:00+00,ef0c2451-f7a3-483f-b498-009cff598508,d6c2f9dc-62aa-4d66-ae36-b8dd7f048e9c
5f1db243-9ae3-4122-b99d-23953d093a63,9bead5bd-27cc-4bce-b348-dfdfe52bbcfa,c2fa641c-c10c-46ea-a69b-e2e8fab6d2ef,expense,15000.00,,2026-05-27,2026-05-27 10:54:00+00,ef0c2451-f7a3-483f-b498-009cff598508,
5f2c064c-265f-49e2-b63b-d59faa952fd8,9bead5bd-27cc-4bce-b348-dfdfe52bbcfa,a95286ad-558f-456c-a43e-791b6bee7426,expense,15500.00,boom,2026-06-26,2026-06-26 11:38:00+00,1b52f4eb-1774-4bbf-9d75-2f22061418c0,
5f50d4b9-d77f-4f92-806d-db3c9f8b0764,9bead5bd-27cc-4bce-b348-dfdfe52bbcfa,06c4dac0-5cd5-43ae-aeab-bd0ac041116b,expense,270000.00,aki,2025-08-21,2025-08-21 16:15:00+00,1b52f4eb-1774-4bbf-9d75-2f22061418c0,
5f590675-52a8-46d6-b367-b703a3980d5e,9bead5bd-27cc-4bce-b348-dfdfe52bbcfa,9e8d127f-fba2-437a-b77c-7f1f0074cf2a,expense,16000.00,-,2025-11-12,2025-11-12 14:47:00+00,ef0c2451-f7a3-483f-b498-009cff598508,
5f5cb2c2-2232-4787-bbd4-90bfd72e5812,9bead5bd-27cc-4bce-b348-dfdfe52bbcfa,,transfer,500000.00,-,2025-12-22,2025-12-22 21:30:00+00,82d51ed1-5076-450e-8ae1-4bbe92cec701,ef0c2451-f7a3-483f-b498-009cff598508
5f5d18ba-7679-4718-a78c-c39aad2af52b,9bead5bd-27cc-4bce-b348-dfdfe52bbcfa,,transfer,90000.00,,2026-07-03,2026-07-03 16:12:00+00,82d51ed1-5076-450e-8ae1-4bbe92cec701,1b52f4eb-1774-4bbf-9d75-2f22061418c0
5f89b024-4bff-4241-9359-cc4f0c5b8d5f,9bead5bd-27cc-4bce-b348-dfdfe52bbcfa,04bbb778-c16c-48b3-86d6-e5bceea67e4d,expense,28000.00,,2026-05-26,2026-05-26 21:47:00+00,ef0c2451-f7a3-483f-b498-009cff598508,
5fa34f33-4320-45d6-bcb5-397ad53ef7fb,9bead5bd-27cc-4bce-b348-dfdfe52bbcfa,9e8d127f-fba2-437a-b77c-7f1f0074cf2a,expense,13000.00,-,2025-01-09,2025-01-09 19:10:00+00,1b52f4eb-1774-4bbf-9d75-2f22061418c0,
5fbd97b6-fd80-4175-9864-a579c778860a,9bead5bd-27cc-4bce-b348-dfdfe52bbcfa,ef5c334f-9678-43a1-a24d-06ddf2ae4336,income,157.00,Koreksi saldo,2026-01-21,2026-01-21 18:57:55+00,82d51ed1-5076-450e-8ae1-4bbe92cec701,
6075a1db-4b10-479b-ada6-77911a2d047b,9bead5bd-27cc-4bce-b348-dfdfe52bbcfa,,transfer,11000.00,-,2025-11-19,2025-11-19 06:51:00+00,d6c2f9dc-62aa-4d66-ae36-b8dd7f048e9c,82d51ed1-5076-450e-8ae1-4bbe92cec701
60807f44-769c-448d-81d7-36a64924ef4c,9bead5bd-27cc-4bce-b348-dfdfe52bbcfa,9eb96490-908d-4d01-bf88-5590e81f2e65,income,142000.00,joki,2026-07-25,2026-07-25 11:07:00+00,ef945642-f8b2-43e7-8f16-1dfdf9802e69,
608b9cf9-7c26-4bb8-950f-ab35ff8097a5,9bead5bd-27cc-4bce-b348-dfdfe52bbcfa,,transfer,100000.00,-,2025-12-27,2025-12-27 09:41:00+00,8d5cd0ca-c9ea-4d7b-b428-4a0dedc8d833,d6c2f9dc-62aa-4d66-ae36-b8dd7f048e9c
60e01066-7983-462f-93c7-56f357fbdbda,9bead5bd-27cc-4bce-b348-dfdfe52bbcfa,4cc387d6-39b2-4734-9cf8-c0f2c3e66205,income,1500000.00,-,2025-01-04,2025-01-04 06:00:00+00,ef0c2451-f7a3-483f-b498-009cff598508,
60ef0c8c-90f2-48b8-8005-8450d21ae4cc,9bead5bd-27cc-4bce-b348-dfdfe52bbcfa,ef5c334f-9678-43a1-a24d-06ddf2ae4336,expense,450.00,Koreksi saldo,2025-07-01,2025-07-01 10:41:09+00,d6c2f9dc-62aa-4d66-ae36-b8dd7f048e9c,
611b1a30-360d-4efa-ac89-30c26f7e6e4e,9bead5bd-27cc-4bce-b348-dfdfe52bbcfa,c2fa641c-c10c-46ea-a69b-e2e8fab6d2ef,expense,20000.00,-,2025-06-05,2025-06-05 12:09:00+00,1db96cc4-753b-4ea9-bdf5-9cf9c71fb00b,
61494d98-f690-4b07-837a-4946a52d4a5b,9bead5bd-27cc-4bce-b348-dfdfe52bbcfa,9e8d127f-fba2-437a-b77c-7f1f0074cf2a,expense,20000.00,,2026-03-30,2026-03-30 18:53:00+00,ef0c2451-f7a3-483f-b498-009cff598508,
616c301a-775f-4f34-bbd8-41031534df92,9bead5bd-27cc-4bce-b348-dfdfe52bbcfa,,transfer,300000.00,-,2025-05-03,2025-05-03 19:57:00+00,d1d65a47-79be-472a-8e7c-191ddef21252,c2b7adda-52b3-4d0f-949b-8c8f2930f6b0
61792169-9834-4364-8cdf-40d35fc60371,9bead5bd-27cc-4bce-b348-dfdfe52bbcfa,04bbb778-c16c-48b3-86d6-e5bceea67e4d,expense,8000.00,-,2025-11-14,2025-11-14 18:56:00+00,ef0c2451-f7a3-483f-b498-009cff598508,
6191bba2-76d0-4ae6-9018-a4882d1b1d38,9bead5bd-27cc-4bce-b348-dfdfe52bbcfa,9e8d127f-fba2-437a-b77c-7f1f0074cf2a,expense,15000.00,-,2025-10-16,2025-10-16 17:43:00+00,1b52f4eb-1774-4bbf-9d75-2f22061418c0,
619c8599-ae5d-4a3f-87a1-9505d822fdf5,9bead5bd-27cc-4bce-b348-dfdfe52bbcfa,,transfer,74500.00,-,2025-02-22,2025-02-22 08:11:00+00,1db96cc4-753b-4ea9-bdf5-9cf9c71fb00b,ef0c2451-f7a3-483f-b498-009cff598508
61ac930f-2383-4d33-a23e-cc0f2a3d528e,9bead5bd-27cc-4bce-b348-dfdfe52bbcfa,e53b2a49-3ff8-4f1c-b16f-7e4eb7057130,expense,3000.00,,2026-08-09,2026-08-09 11:52:00+00,1b52f4eb-1774-4bbf-9d75-2f22061418c0,
61e1fdf1-ea48-41f4-ae6f-36e82a377503,9bead5bd-27cc-4bce-b348-dfdfe52bbcfa,,transfer,1750000.00,,2026-02-24,2026-02-24 19:18:00+00,ef0c2451-f7a3-483f-b498-009cff598508,5d613a77-a05e-464c-ae45-0d5540681ac7
61ed4188-f725-4f96-b321-1a11dbbbd5ca,9bead5bd-27cc-4bce-b348-dfdfe52bbcfa,e53b2a49-3ff8-4f1c-b16f-7e4eb7057130,expense,3000.00,-,2025-12-31,2025-12-31 14:34:00+00,1b52f4eb-1774-4bbf-9d75-2f22061418c0,
61eeee15-3415-459a-bccb-d8c0aa9376a7,9bead5bd-27cc-4bce-b348-dfdfe52bbcfa,b5bba5ea-ce7d-4145-a45f-7c433a3ec442,expense,35000.00,surat keterangan sehat,2025-10-22,2025-10-22 11:13:00+00,1b52f4eb-1774-4bbf-9d75-2f22061418c0,
61f65e62-a94f-44c1-88e3-e0886007f73b,9bead5bd-27cc-4bce-b348-dfdfe52bbcfa,,transfer,50000.00,-,2025-09-23,2025-09-23 12:34:00+00,d6c2f9dc-62aa-4d66-ae36-b8dd7f048e9c,1b52f4eb-1774-4bbf-9d75-2f22061418c0
6250ad59-6240-44a3-a04b-e563c392f8df,9bead5bd-27cc-4bce-b348-dfdfe52bbcfa,9e8d127f-fba2-437a-b77c-7f1f0074cf2a,expense,10000.00,-,2025-11-30,2025-11-30 18:01:00+00,ef0c2451-f7a3-483f-b498-009cff598508,
62612b92-827a-4cf8-85f7-48788f349414,9bead5bd-27cc-4bce-b348-dfdfe52bbcfa,3dfd2937-650e-4dfa-aa82-1532855306a0,expense,22500.00,-,2025-07-09,2025-07-09 19:19:00+00,1b52f4eb-1774-4bbf-9d75-2f22061418c0,
626bdabf-9cb6-48d9-991b-dec1c2fda2a4,9bead5bd-27cc-4bce-b348-dfdfe52bbcfa,89af7f66-fcf6-4ede-85ce-97818d8ee5e5,expense,18000.00,sabun,2025-08-29,2025-08-29 19:53:00+00,ef0c2451-f7a3-483f-b498-009cff598508,
62960aba-3c2e-453d-ac7c-5b1bb24b1153,9bead5bd-27cc-4bce-b348-dfdfe52bbcfa,9e8d127f-fba2-437a-b77c-7f1f0074cf2a,expense,12000.00,-,2025-01-05,2025-01-05 19:00:00+00,1b52f4eb-1774-4bbf-9d75-2f22061418c0,
62ba7a3b-fe94-49d4-a1ee-0df8f537628a,9bead5bd-27cc-4bce-b348-dfdfe52bbcfa,c363bb9a-e1c1-4485-a21b-d5cb69be8ac5,expense,50000.00,-,2025-09-11,2025-09-11 18:05:00+00,1b52f4eb-1774-4bbf-9d75-2f22061418c0,
62c1c65f-02bf-4238-ad31-7a8932f980af,9bead5bd-27cc-4bce-b348-dfdfe52bbcfa,,transfer,18000.00,,2026-01-18,2026-01-18 15:07:00+00,ef0c2451-f7a3-483f-b498-009cff598508,5d613a77-a05e-464c-ae45-0d5540681ac7
62c5b109-8942-48c6-89cb-aca032bb761e,9bead5bd-27cc-4bce-b348-dfdfe52bbcfa,ef5c334f-9678-43a1-a24d-06ddf2ae4336,income,1000.00,Koreksi saldo,2025-09-24,2025-09-24 20:04:29+00,82d51ed1-5076-450e-8ae1-4bbe92cec701,
62c95db6-950c-4de8-8a3a-97933bf28a24,9bead5bd-27cc-4bce-b348-dfdfe52bbcfa,69cbbe19-e8fa-45c5-a250-77fd8aa3d98e,expense,46400.00,listrik,2025-02-25,2025-02-25 10:59:00+00,d6c2f9dc-62aa-4d66-ae36-b8dd7f048e9c,
62d2f943-347d-414d-9065-f7f9332c6cfd,9bead5bd-27cc-4bce-b348-dfdfe52bbcfa,9e8d127f-fba2-437a-b77c-7f1f0074cf2a,expense,18800.00,,2026-02-16,2026-02-16 11:46:00+00,ef0c2451-f7a3-483f-b498-009cff598508,
62dbec7e-3676-414f-b0c3-be78e486c302,9bead5bd-27cc-4bce-b348-dfdfe52bbcfa,9e8d127f-fba2-437a-b77c-7f1f0074cf2a,expense,54450.00,,2026-04-18,2026-04-18 18:39:00+00,ef0c2451-f7a3-483f-b498-009cff598508,
6352d0af-ad95-42f6-9a06-6e1e0860b703,9bead5bd-27cc-4bce-b348-dfdfe52bbcfa,3d15abb3-b62b-4772-b093-5880019049e3,expense,22000.00,-,2025-02-01,2025-02-01 22:44:00+00,1b52f4eb-1774-4bbf-9d75-2f22061418c0,
636109e2-c01c-4823-bd63-dccd88171e7f,9bead5bd-27cc-4bce-b348-dfdfe52bbcfa,73a6b95b-efdb-4afd-bda5-2a6aedd82af4,expense,96405.00,parfume,2026-02-10,2026-02-10 15:21:00+00,d6c2f9dc-62aa-4d66-ae36-b8dd7f048e9c,
6381c848-6f81-4800-bd72-548eb1d89da4,9bead5bd-27cc-4bce-b348-dfdfe52bbcfa,9e8d127f-fba2-437a-b77c-7f1f0074cf2a,expense,32125.00,-,2025-10-01,2025-10-01 14:19:00+00,d6c2f9dc-62aa-4d66-ae36-b8dd7f048e9c,
63bc78f4-2d5b-46ef-a58b-3de230db4a6a,9bead5bd-27cc-4bce-b348-dfdfe52bbcfa,,transfer,200000.00,-,2025-11-22,2025-11-22 09:32:00+00,5d613a77-a05e-464c-ae45-0d5540681ac7,82d51ed1-5076-450e-8ae1-4bbe92cec701
63c06392-f541-4d76-b90c-e43a6f4f2741,9bead5bd-27cc-4bce-b348-dfdfe52bbcfa,9e8d127f-fba2-437a-b77c-7f1f0074cf2a,expense,56218.00,,2026-03-03,2026-03-03 19:26:00+00,d6c2f9dc-62aa-4d66-ae36-b8dd7f048e9c,
63d42752-3e01-4149-9226-efd370b29b83,9bead5bd-27cc-4bce-b348-dfdfe52bbcfa,9e8d127f-fba2-437a-b77c-7f1f0074cf2a,expense,25000.00,-,2025-08-05,2025-08-05 13:24:00+00,d6c2f9dc-62aa-4d66-ae36-b8dd7f048e9c,
63d8840e-9a31-41a3-8bbc-cc21a753d53c,9bead5bd-27cc-4bce-b348-dfdfe52bbcfa,ef5c334f-9678-43a1-a24d-06ddf2ae4336,expense,1700.00,Koreksi saldo,2025-11-15,2025-11-15 03:05:00+00,ef0c2451-f7a3-483f-b498-009cff598508,
63da2419-aa2d-4bf7-b6d4-35e09e801731,9bead5bd-27cc-4bce-b348-dfdfe52bbcfa,9eb96490-908d-4d01-bf88-5590e81f2e65,income,225000.00,lab,2025-02-21,2025-02-21 20:24:00+00,1b52f4eb-1774-4bbf-9d75-2f22061418c0,
63e3d7ce-e214-4e1d-b296-fb288b2ee1e6,9bead5bd-27cc-4bce-b348-dfdfe52bbcfa,9e8d127f-fba2-437a-b77c-7f1f0074cf2a,expense,15000.00,-,2025-11-08,2025-11-08 19:35:00+00,1b52f4eb-1774-4bbf-9d75-2f22061418c0,
63e7bef0-1b54-43c2-af59-d38c9909c070,9bead5bd-27cc-4bce-b348-dfdfe52bbcfa,e53b2a49-3ff8-4f1c-b16f-7e4eb7057130,expense,4000.00,-,2025-09-25,2025-09-25 19:11:00+00,1b52f4eb-1774-4bbf-9d75-2f22061418c0,
63ef6fb1-ab98-42c3-a73c-eb7521c44513,9bead5bd-27cc-4bce-b348-dfdfe52bbcfa,04bbb778-c16c-48b3-86d6-e5bceea67e4d,expense,14000.00,-,2025-08-05,2025-08-05 18:51:00+00,ef0c2451-f7a3-483f-b498-009cff598508,
641535b8-ba21-4df6-bc34-154c3a163acc,9bead5bd-27cc-4bce-b348-dfdfe52bbcfa,9e8d127f-fba2-437a-b77c-7f1f0074cf2a,expense,21740.00,,2026-05-19,2026-05-19 09:35:00+00,d6c2f9dc-62aa-4d66-ae36-b8dd7f048e9c,
643b6a46-966b-4f77-ac86-695017798eb8,9bead5bd-27cc-4bce-b348-dfdfe52bbcfa,9e8d127f-fba2-437a-b77c-7f1f0074cf2a,expense,15000.00,-,2025-01-15,2025-01-15 18:58:00+00,1b52f4eb-1774-4bbf-9d75-2f22061418c0,
645b52c2-64e3-4e7e-8c10-f05fad05c5d8,9bead5bd-27cc-4bce-b348-dfdfe52bbcfa,9e8d127f-fba2-437a-b77c-7f1f0074cf2a,expense,20000.00,,2026-02-09,2026-02-09 06:55:00+00,ef0c2451-f7a3-483f-b498-009cff598508,
646c1fa0-1527-4888-b7e5-5bfb7e972e6a,9bead5bd-27cc-4bce-b348-dfdfe52bbcfa,9e8d127f-fba2-437a-b77c-7f1f0074cf2a,expense,14000.00,-,2025-08-11,2025-08-11 12:19:00+00,ef0c2451-f7a3-483f-b498-009cff598508,
6475a7bd-00e5-4e6c-a84d-9ced43730454,9bead5bd-27cc-4bce-b348-dfdfe52bbcfa,ef5c334f-9678-43a1-a24d-06ddf2ae4336,income,265.00,Koreksi saldo,2026-03-02,2026-03-02 06:25:00+00,ef945642-f8b2-43e7-8f16-1dfdf9802e69,
64951e31-7edb-4369-82f1-9bac7a4fac93,9bead5bd-27cc-4bce-b348-dfdfe52bbcfa,9e8d127f-fba2-437a-b77c-7f1f0074cf2a,expense,13000.00,,2026-02-22,2026-02-22 18:27:00+00,ef0c2451-f7a3-483f-b498-009cff598508,
650d2233-e930-4089-9767-b37ce3f4a223,9bead5bd-27cc-4bce-b348-dfdfe52bbcfa,e53b2a49-3ff8-4f1c-b16f-7e4eb7057130,expense,2000.00,-,2025-11-14,2025-11-14 19:23:00+00,1b52f4eb-1774-4bbf-9d75-2f22061418c0,
653be347-8b2c-4a44-b56a-49345268ba6f,9bead5bd-27cc-4bce-b348-dfdfe52bbcfa,417ffb54-8c5d-49a6-90bd-9748bb065b43,expense,7200.00,,2026-06-09,2026-06-09 18:20:00+00,ef945642-f8b2-43e7-8f16-1dfdf9802e69,
653cda10-d837-4eda-b995-00f1c0c0308b,9bead5bd-27cc-4bce-b348-dfdfe52bbcfa,,transfer,2969045.00,-,2025-05-28,2025-05-28 14:52:00+00,c2b7adda-52b3-4d0f-949b-8c8f2930f6b0,ef0c2451-f7a3-483f-b498-009cff598508
654e3017-1cdd-4783-8f3f-320a9cabe465,9bead5bd-27cc-4bce-b348-dfdfe52bbcfa,,transfer,110000.00,-,2025-11-29,2025-11-29 21:13:00+00,ef0c2451-f7a3-483f-b498-009cff598508,d6c2f9dc-62aa-4d66-ae36-b8dd7f048e9c
6563ef5c-16c7-44aa-b69b-7793370d56b4,9bead5bd-27cc-4bce-b348-dfdfe52bbcfa,04bbb778-c16c-48b3-86d6-e5bceea67e4d,expense,19000.00,,2026-05-16,2026-05-16 17:08:00+00,ef0c2451-f7a3-483f-b498-009cff598508,
65847628-b0e2-4254-8f6a-b2a28e8b6939,9bead5bd-27cc-4bce-b348-dfdfe52bbcfa,04d94b74-503f-4e20-b426-649acd17779d,expense,75000.00,,2026-03-14,2026-03-14 15:09:00+00,5d613a77-a05e-464c-ae45-0d5540681ac7,
65abdbbb-3962-4588-a3db-9a637142fd94,9bead5bd-27cc-4bce-b348-dfdfe52bbcfa,9e8d127f-fba2-437a-b77c-7f1f0074cf2a,expense,24000.00,,2026-03-15,2026-03-15 18:21:00+00,ef0c2451-f7a3-483f-b498-009cff598508,
65e4bd14-2de0-43aa-8f1a-db6da4b0d64c,9bead5bd-27cc-4bce-b348-dfdfe52bbcfa,3d15abb3-b62b-4772-b093-5880019049e3,expense,5000.00,-,2025-09-27,2025-09-27 18:12:00+00,1b52f4eb-1774-4bbf-9d75-2f22061418c0,
65eb6f69-1675-44d7-b723-c70daaab23e0,9bead5bd-27cc-4bce-b348-dfdfe52bbcfa,9eb96490-908d-4d01-bf88-5590e81f2e65,income,1000000.00,joki,2025-02-04,2025-02-04 12:24:00+00,ef0c2451-f7a3-483f-b498-009cff598508,
65fc0591-dbef-4586-b35c-e0e3a447a76d,9bead5bd-27cc-4bce-b348-dfdfe52bbcfa,e66badba-dce0-4403-80cf-760a4f913399,expense,5000.00,,2026-08-01,2026-08-01 10:39:00+00,ef0c2451-f7a3-483f-b498-009cff598508,
66081d4b-ef47-4261-bb2a-25e503d19dc1,9bead5bd-27cc-4bce-b348-dfdfe52bbcfa,9e8d127f-fba2-437a-b77c-7f1f0074cf2a,expense,20500.00,-,2025-11-17,2025-11-17 12:21:00+00,ef945642-f8b2-43e7-8f16-1dfdf9802e69,
6622228a-3e95-4b5b-945b-cfb41badab60,9bead5bd-27cc-4bce-b348-dfdfe52bbcfa,d6b7f46d-c8b4-4cdf-822a-80d1083c7393,expense,6000.00,,2026-01-17,2026-01-17 09:55:00+00,ef0c2451-f7a3-483f-b498-009cff598508,
668f2b00-7677-48ae-a022-c0c806433c53,9bead5bd-27cc-4bce-b348-dfdfe52bbcfa,,transfer,12000.00,-,2025-11-23,2025-11-23 19:07:00+00,d6c2f9dc-62aa-4d66-ae36-b8dd7f048e9c,82d51ed1-5076-450e-8ae1-4bbe92cec701
66a0b811-c58b-48df-bfe2-c575f6597b4d,9bead5bd-27cc-4bce-b348-dfdfe52bbcfa,9e8d127f-fba2-437a-b77c-7f1f0074cf2a,expense,27150.00,-,2025-09-25,2025-09-25 19:10:00+00,d6c2f9dc-62aa-4d66-ae36-b8dd7f048e9c,
66d1e384-2b15-4417-886f-423e510157f6,9bead5bd-27cc-4bce-b348-dfdfe52bbcfa,c2fa641c-c10c-46ea-a69b-e2e8fab6d2ef,expense,15000.00,,2026-06-23,2026-06-23 09:00:00+00,ef0c2451-f7a3-483f-b498-009cff598508,
66e17a6c-04c4-400f-991b-e2b7608415f3,9bead5bd-27cc-4bce-b348-dfdfe52bbcfa,ef5c334f-9678-43a1-a24d-06ddf2ae4336,expense,15000.00,Koreksi saldo,2025-07-16,2025-07-16 19:56:22+00,ef0c2451-f7a3-483f-b498-009cff598508,
67215727-7bd9-4914-b136-8be175a85973,9bead5bd-27cc-4bce-b348-dfdfe52bbcfa,,transfer,150000.00,-,2025-09-21,2025-09-21 13:06:00+00,82d51ed1-5076-450e-8ae1-4bbe92cec701,1b52f4eb-1774-4bbf-9d75-2f22061418c0
67631bbb-0321-4c82-a4c2-ddcc490e4f6d,9bead5bd-27cc-4bce-b348-dfdfe52bbcfa,,transfer,17400.00,,2026-04-03,2026-04-03 16:01:00+00,d6c2f9dc-62aa-4d66-ae36-b8dd7f048e9c,ef0c2451-f7a3-483f-b498-009cff598508
67b0dd2f-c70d-442a-87d2-76084793fc6a,9bead5bd-27cc-4bce-b348-dfdfe52bbcfa,9e8d127f-fba2-437a-b77c-7f1f0074cf2a,expense,16000.00,-,2025-08-21,2025-08-21 16:14:00+00,1b52f4eb-1774-4bbf-9d75-2f22061418c0,
67ef7b2c-96dd-4d66-8e6d-910b5fa49fba,9bead5bd-27cc-4bce-b348-dfdfe52bbcfa,94c7c221-c74d-4a89-a0ee-3c71a8260ac6,expense,5000.00,,2026-04-03,2026-04-03 21:40:00+00,1b52f4eb-1774-4bbf-9d75-2f22061418c0,
684d9820-37e3-47ec-b5a9-cfd7cb3be6d4,9bead5bd-27cc-4bce-b348-dfdfe52bbcfa,,transfer,400000.00,-,2025-04-18,2025-04-18 06:55:00+00,ef0c2451-f7a3-483f-b498-009cff598508,1b52f4eb-1774-4bbf-9d75-2f22061418c0
6856315e-ee71-4c0b-bda7-aad570627452,9bead5bd-27cc-4bce-b348-dfdfe52bbcfa,,transfer,176750.00,,2026-03-23,2026-03-23 08:27:00+00,ef0c2451-f7a3-483f-b498-009cff598508,82d51ed1-5076-450e-8ae1-4bbe92cec701
68588941-d287-473d-bbde-220c422b3983,9bead5bd-27cc-4bce-b348-dfdfe52bbcfa,,transfer,45000.00,,2026-05-18,2026-05-18 09:21:00+00,ef0c2451-f7a3-483f-b498-009cff598508,82d51ed1-5076-450e-8ae1-4bbe92cec701
68653227-afab-4e0d-a4de-786f7e6a5ef2,9bead5bd-27cc-4bce-b348-dfdfe52bbcfa,,transfer,250000.00,-,2025-04-24,2025-04-24 10:59:00+00,ef0c2451-f7a3-483f-b498-009cff598508,d6c2f9dc-62aa-4d66-ae36-b8dd7f048e9c
68bb22a2-cc5a-4100-a2e8-7a984a202c6b,9bead5bd-27cc-4bce-b348-dfdfe52bbcfa,9eb96490-908d-4d01-bf88-5590e81f2e65,income,600000.00,joki,2026-05-31,2026-05-31 13:15:00+00,82d51ed1-5076-450e-8ae1-4bbe92cec701,
68bb9753-fd44-464c-91bc-878f52caf4b2,9bead5bd-27cc-4bce-b348-dfdfe52bbcfa,ef5c334f-9678-43a1-a24d-06ddf2ae4336,income,1000.00,Koreksi saldo,2025-01-02,2025-01-02 21:55:28+00,1db96cc4-753b-4ea9-bdf5-9cf9c71fb00b,
68c493f7-17e6-48a5-960d-e42d9f5952ff,9bead5bd-27cc-4bce-b348-dfdfe52bbcfa,c2fa641c-c10c-46ea-a69b-e2e8fab6d2ef,expense,20000.00,-,2025-06-09,2025-06-09 20:58:00+00,1db96cc4-753b-4ea9-bdf5-9cf9c71fb00b,
6912673b-8b7d-452a-a0cb-3ec495847833,9bead5bd-27cc-4bce-b348-dfdfe52bbcfa,04bbb778-c16c-48b3-86d6-e5bceea67e4d,expense,14000.00,-,2025-08-02,2025-08-02 20:11:00+00,ef0c2451-f7a3-483f-b498-009cff598508,
698a3ffa-3410-4380-9e09-ff9ae90ac931,9bead5bd-27cc-4bce-b348-dfdfe52bbcfa,c363bb9a-e1c1-4485-a21b-d5cb69be8ac5,expense,50000.00,,2026-04-24,2026-04-24 18:47:00+00,1b52f4eb-1774-4bbf-9d75-2f22061418c0,
69af393a-32e4-48e7-a6ab-e88989b678cb,9bead5bd-27cc-4bce-b348-dfdfe52bbcfa,9e8d127f-fba2-437a-b77c-7f1f0074cf2a,expense,16000.00,,2026-01-11,2026-01-11 19:30:00+00,82d51ed1-5076-450e-8ae1-4bbe92cec701,
69b0800e-e3a8-4549-be78-3a2c1c544a1a,9bead5bd-27cc-4bce-b348-dfdfe52bbcfa,96451090-fe19-4a49-923c-34e2b0645bb4,expense,170001.00,Sim,2025-08-14,2025-08-14 10:25:00+00,ef0c2451-f7a3-483f-b498-009cff598508,
69fa1264-6a2b-41d0-a0a4-08de8f760033,9bead5bd-27cc-4bce-b348-dfdfe52bbcfa,9e8d127f-fba2-437a-b77c-7f1f0074cf2a,expense,13300.00,-,2025-06-16,2025-06-16 15:30:00+00,d6c2f9dc-62aa-4d66-ae36-b8dd7f048e9c,
6a2328b7-b1e5-48a3-98f3-53c3b42f38c9,9bead5bd-27cc-4bce-b348-dfdfe52bbcfa,9e8d127f-fba2-437a-b77c-7f1f0074cf2a,expense,24000.00,-,2025-03-16,2025-03-16 18:24:00+00,d6c2f9dc-62aa-4d66-ae36-b8dd7f048e9c,
6a384ce3-24bc-4a3a-a502-fd50fd02d6e4,9bead5bd-27cc-4bce-b348-dfdfe52bbcfa,9eb96490-908d-4d01-bf88-5590e81f2e65,income,60000.00,joki,2025-04-26,2025-04-26 22:19:00+00,ef0c2451-f7a3-483f-b498-009cff598508,
6a699714-fae2-4b64-a769-a7d2911dd930,9bead5bd-27cc-4bce-b348-dfdfe52bbcfa,94c7c221-c74d-4a89-a0ee-3c71a8260ac6,expense,9000.00,jus,2026-04-16,2026-04-16 06:02:00+00,ef0c2451-f7a3-483f-b498-009cff598508,
6a6a1b47-f01d-4dda-9aeb-c310643305ae,9bead5bd-27cc-4bce-b348-dfdfe52bbcfa,9e8d127f-fba2-437a-b77c-7f1f0074cf2a,expense,12000.00,-,2025-11-15,2025-11-15 15:54:00+00,1b52f4eb-1774-4bbf-9d75-2f22061418c0,
6a6c4e76-fdff-4a28-8913-b2fd011ee673,9bead5bd-27cc-4bce-b348-dfdfe52bbcfa,3dfd2937-650e-4dfa-aa82-1532855306a0,expense,22700.00,"kopi, snack",2025-08-29,2025-08-29 19:51:00+00,ef0c2451-f7a3-483f-b498-009cff598508,
6a818fb8-5d8a-4a99-a8a1-55a268283f33,9bead5bd-27cc-4bce-b348-dfdfe52bbcfa,d6b7f46d-c8b4-4cdf-822a-80d1083c7393,expense,5000.00,-,2025-11-30,2025-11-30 20:12:00+00,ef0c2451-f7a3-483f-b498-009cff598508,
6a83a6aa-69aa-4fae-ab42-66da9b6a12bb,9bead5bd-27cc-4bce-b348-dfdfe52bbcfa,69cbbe19-e8fa-45c5-a250-77fd8aa3d98e,expense,50000.00,kost,2026-02-06,2026-02-06 13:14:00+00,ef0c2451-f7a3-483f-b498-009cff598508,
6a8993e3-dce1-48fc-9149-4d1959fe26b7,9bead5bd-27cc-4bce-b348-dfdfe52bbcfa,ef5c334f-9678-43a1-a24d-06ddf2ae4336,expense,9000.00,,2026-05-21,2026-05-21 17:52:00+00,ef0c2451-f7a3-483f-b498-009cff598508,
6aa07e3f-1c80-4983-a301-918675851903,9bead5bd-27cc-4bce-b348-dfdfe52bbcfa,,transfer,30000.00,-,2025-08-23,2025-08-23 02:49:00+00,82d51ed1-5076-450e-8ae1-4bbe92cec701,d6c2f9dc-62aa-4d66-ae36-b8dd7f048e9c
6aaa6cda-6365-4e56-b902-58b2f6a2763e,9bead5bd-27cc-4bce-b348-dfdfe52bbcfa,9e8d127f-fba2-437a-b77c-7f1f0074cf2a,expense,15000.00,-,2025-02-16,2025-02-16 08:45:00+00,1b52f4eb-1774-4bbf-9d75-2f22061418c0,
6ad0457c-9edd-426b-b1bf-e59ca5c017af,9bead5bd-27cc-4bce-b348-dfdfe52bbcfa,ef5c334f-9678-43a1-a24d-06ddf2ae4336,income,9000000.00,Koreksi saldo,2025-02-07,2025-02-07 09:51:40+00,ef0c2451-f7a3-483f-b498-009cff598508,
6ae1a9c2-9748-4906-87da-8fcfd72f1435,9bead5bd-27cc-4bce-b348-dfdfe52bbcfa,ef5c334f-9678-43a1-a24d-06ddf2ae4336,income,1000.00,Koreksi saldo,2025-01-27,2025-01-27 17:00:20+00,c2b7adda-52b3-4d0f-949b-8c8f2930f6b0,
6b1edaf1-3b2c-4441-9175-830ebe44776c,9bead5bd-27cc-4bce-b348-dfdfe52bbcfa,ef5c334f-9678-43a1-a24d-06ddf2ae4336,income,200.00,Koreksi saldo,2025-05-04,2025-05-04 13:57:31+00,d6c2f9dc-62aa-4d66-ae36-b8dd7f048e9c,
6b416bd2-a876-472f-8884-79a70f8df677,9bead5bd-27cc-4bce-b348-dfdfe52bbcfa,a95286ad-558f-456c-a43e-791b6bee7426,expense,16000.00,-,2025-05-27,2025-05-27 21:54:00+00,ef0c2451-f7a3-483f-b498-009cff598508,
6b4d1d99-f493-4172-96a8-ed6ff79ff27c,9bead5bd-27cc-4bce-b348-dfdfe52bbcfa,04bbb778-c16c-48b3-86d6-e5bceea67e4d,expense,22000.00,,2026-07-26,2026-07-26 17:53:00+00,ef0c2451-f7a3-483f-b498-009cff598508,
6b6fb202-dcdf-47fb-bbdf-63a4c3a2f455,9bead5bd-27cc-4bce-b348-dfdfe52bbcfa,c363bb9a-e1c1-4485-a21b-d5cb69be8ac5,expense,50000.00,-,2025-12-27,2025-12-27 18:38:00+00,1b52f4eb-1774-4bbf-9d75-2f22061418c0,
6b802719-eae3-446f-9881-2a930b6d1015,9bead5bd-27cc-4bce-b348-dfdfe52bbcfa,a95286ad-558f-456c-a43e-791b6bee7426,expense,10000.00,cafe,2025-01-24,2025-01-24 20:01:00+00,1b52f4eb-1774-4bbf-9d75-2f22061418c0,
6bc8436e-a40d-415f-8789-317fd9962a1b,9bead5bd-27cc-4bce-b348-dfdfe52bbcfa,,transfer,500.00,,2026-05-10,2026-05-10 15:48:00+00,d6c2f9dc-62aa-4d66-ae36-b8dd7f048e9c,ef945642-f8b2-43e7-8f16-1dfdf9802e69
6c253d0b-3d7e-4d34-911a-46a5e7cc1dc1,9bead5bd-27cc-4bce-b348-dfdfe52bbcfa,,transfer,300000.00,,2026-01-04,2026-01-04 15:51:00+00,5d613a77-a05e-464c-ae45-0d5540681ac7,ef0c2451-f7a3-483f-b498-009cff598508
6c753224-8189-4dd4-a167-90670c56f738,9bead5bd-27cc-4bce-b348-dfdfe52bbcfa,3d15abb3-b62b-4772-b093-5880019049e3,expense,8800.00,UC,2026-04-07,2026-04-07 13:36:00+00,ef0c2451-f7a3-483f-b498-009cff598508,
6c81b784-131e-4251-ad63-6371fdccc14d,9bead5bd-27cc-4bce-b348-dfdfe52bbcfa,3dfd2937-650e-4dfa-aa82-1532855306a0,expense,10000.00,-,2025-07-04,2025-07-04 20:35:00+00,1b52f4eb-1774-4bbf-9d75-2f22061418c0,
6d068156-d281-4843-8384-e78141ab2a1e,9bead5bd-27cc-4bce-b348-dfdfe52bbcfa,ef5c334f-9678-43a1-a24d-06ddf2ae4336,income,100000.00,Koreksi saldo,2025-03-04,2025-03-04 06:55:43+00,1b52f4eb-1774-4bbf-9d75-2f22061418c0,
6d0ab275-31ff-4cd5-aeb7-5e71c2cdbe74,9bead5bd-27cc-4bce-b348-dfdfe52bbcfa,73a6b95b-efdb-4afd-bda5-2a6aedd82af4,expense,81420.00,baju,2026-05-05,2026-05-05 06:47:00+00,d6c2f9dc-62aa-4d66-ae36-b8dd7f048e9c,
6d980725-a16b-42b7-bdbe-07426002b973,9bead5bd-27cc-4bce-b348-dfdfe52bbcfa,a50b33fc-71c6-4286-a8e7-b8130e6cc2d1,expense,105000.00,bpjs,2026-05-06,2026-05-06 15:16:00+00,ef0c2451-f7a3-483f-b498-009cff598508,
6ddda3d8-aa85-40d2-8dce-c9bda9a1937e,9bead5bd-27cc-4bce-b348-dfdfe52bbcfa,94c7c221-c74d-4a89-a0ee-3c71a8260ac6,expense,50000.00,zakat,2026-03-20,2026-03-20 18:39:00+00,d6c2f9dc-62aa-4d66-ae36-b8dd7f048e9c,
6e04d4cb-f116-48a5-be45-7628a36d536a,9bead5bd-27cc-4bce-b348-dfdfe52bbcfa,9e8d127f-fba2-437a-b77c-7f1f0074cf2a,expense,20000.00,-,2025-12-20,2025-12-20 10:54:00+00,ef0c2451-f7a3-483f-b498-009cff598508,
6e0eaac9-c35a-4847-afc6-69048875ac25,9bead5bd-27cc-4bce-b348-dfdfe52bbcfa,,transfer,18000.00,-,2025-07-20,2025-07-20 08:40:00+00,ef0c2451-f7a3-483f-b498-009cff598508,82d51ed1-5076-450e-8ae1-4bbe92cec701
6e2a7b4b-0c36-4317-b9d9-89eb84b8d189,9bead5bd-27cc-4bce-b348-dfdfe52bbcfa,9e8d127f-fba2-437a-b77c-7f1f0074cf2a,expense,25000.00,,2026-04-09,2026-04-09 18:18:00+00,ef0c2451-f7a3-483f-b498-009cff598508,
6e4a632e-830a-431c-890e-6f2e25f98090,9bead5bd-27cc-4bce-b348-dfdfe52bbcfa,c363bb9a-e1c1-4485-a21b-d5cb69be8ac5,expense,30000.00,,2026-05-25,2026-05-25 21:47:00+00,1b52f4eb-1774-4bbf-9d75-2f22061418c0,
6e57aab2-f7be-446d-8e50-97ee6508af4d,9bead5bd-27cc-4bce-b348-dfdfe52bbcfa,,transfer,250000.00,-,2025-09-02,2025-09-02 20:35:00+00,82d51ed1-5076-450e-8ae1-4bbe92cec701,ef0c2451-f7a3-483f-b498-009cff598508
6e689bba-6506-4706-8988-0f58f85dd096,9bead5bd-27cc-4bce-b348-dfdfe52bbcfa,,transfer,10000.00,-,2025-07-17,2025-07-17 20:55:00+00,d6c2f9dc-62aa-4d66-ae36-b8dd7f048e9c,82d51ed1-5076-450e-8ae1-4bbe92cec701
6e79492d-fea9-43a1-bb80-7ab0fb5bbd9d,9bead5bd-27cc-4bce-b348-dfdfe52bbcfa,d6b7f46d-c8b4-4cdf-822a-80d1083c7393,expense,12000.00,-,2025-09-06,2025-09-06 20:49:00+00,ef0c2451-f7a3-483f-b498-009cff598508,
6e9e66bf-f9ee-43f5-8637-8e4939e4ad4b,9bead5bd-27cc-4bce-b348-dfdfe52bbcfa,9eb96490-908d-4d01-bf88-5590e81f2e65,income,150000.00,joki,2026-07-23,2026-07-23 15:09:00+00,ef0c2451-f7a3-483f-b498-009cff598508,
6ebeaefe-19d7-4ec5-b9cb-231439cff21b,9bead5bd-27cc-4bce-b348-dfdfe52bbcfa,f37df41e-f249-4312-886a-c27968ccb934,expense,10000.00,-,2025-02-07,2025-02-07 08:58:00+00,1b52f4eb-1774-4bbf-9d75-2f22061418c0,
6efa407d-ec6e-40e1-ba02-2ac3763dc8c2,9bead5bd-27cc-4bce-b348-dfdfe52bbcfa,ffea2dd4-8c8d-4442-a93a-c4cee0ccee55,expense,141100.00,helm,2026-05-05,2026-05-05 06:48:00+00,d6c2f9dc-62aa-4d66-ae36-b8dd7f048e9c,
6efe472f-8cbc-49b9-844f-49be6c9a1f20,9bead5bd-27cc-4bce-b348-dfdfe52bbcfa,04bbb778-c16c-48b3-86d6-e5bceea67e4d,expense,8000.00,-,2025-11-30,2025-11-30 09:00:00+00,ef0c2451-f7a3-483f-b498-009cff598508,
6f09570e-38c6-4c25-ba6b-e2ea89af605c,9bead5bd-27cc-4bce-b348-dfdfe52bbcfa,f37df41e-f249-4312-886a-c27968ccb934,expense,4700.00,-,2025-11-29,2025-11-29 11:26:00+00,ef0c2451-f7a3-483f-b498-009cff598508,
6f0bfdc0-6675-45cc-bd1f-81e14543a122,9bead5bd-27cc-4bce-b348-dfdfe52bbcfa,,transfer,500000.00,,2026-04-21,2026-04-21 15:38:00+00,ef0c2451-f7a3-483f-b498-009cff598508,82d51ed1-5076-450e-8ae1-4bbe92cec701
6f4b4da7-237e-4c29-a268-6c4db3f3c431,9bead5bd-27cc-4bce-b348-dfdfe52bbcfa,9e8d127f-fba2-437a-b77c-7f1f0074cf2a,expense,15000.00,-,2025-08-25,2025-08-25 19:06:00+00,ef0c2451-f7a3-483f-b498-009cff598508,
6f5c7401-4db5-4bf7-afcb-6e1ba5f2826e,9bead5bd-27cc-4bce-b348-dfdfe52bbcfa,,transfer,300000.00,-,2025-06-21,2025-06-21 18:04:00+00,ef0c2451-f7a3-483f-b498-009cff598508,1b52f4eb-1774-4bbf-9d75-2f22061418c0
6faeeb4d-a3e4-425b-a322-51cf59f388b0,9bead5bd-27cc-4bce-b348-dfdfe52bbcfa,,transfer,3355395.00,-,2025-11-22,2025-11-22 19:42:00+00,ef0c2451-f7a3-483f-b498-009cff598508,ef945642-f8b2-43e7-8f16-1dfdf9802e69
6fb089cf-ece2-4270-af0a-b70c682f5167,9bead5bd-27cc-4bce-b348-dfdfe52bbcfa,9e8d127f-fba2-437a-b77c-7f1f0074cf2a,expense,10000.00,-,2025-10-29,2025-10-29 13:11:00+00,1b52f4eb-1774-4bbf-9d75-2f22061418c0,
6fbacb88-c38e-4a10-9b81-149177efe6e9,9bead5bd-27cc-4bce-b348-dfdfe52bbcfa,9e8d127f-fba2-437a-b77c-7f1f0074cf2a,expense,26900.00,-,2025-05-22,2025-05-22 11:22:00+00,d6c2f9dc-62aa-4d66-ae36-b8dd7f048e9c,
6fbb219e-a4a4-4952-a729-e623ccafa5a6,9bead5bd-27cc-4bce-b348-dfdfe52bbcfa,9e8d127f-fba2-437a-b77c-7f1f0074cf2a,expense,26900.00,-,2025-05-14,2025-05-14 07:57:00+00,d6c2f9dc-62aa-4d66-ae36-b8dd7f048e9c,
6fc496b1-1e64-4e09-9970-a33553e7a478,9bead5bd-27cc-4bce-b348-dfdfe52bbcfa,a95286ad-558f-456c-a43e-791b6bee7426,expense,23500.00,baluran,2026-06-27,2026-06-27 11:45:00+00,d6c2f9dc-62aa-4d66-ae36-b8dd7f048e9c,
7005a02e-f8a2-466c-a4fa-78cffb455f66,9bead5bd-27cc-4bce-b348-dfdfe52bbcfa,,transfer,72000.00,-,2025-12-31,2025-12-31 19:57:00+00,8d5cd0ca-c9ea-4d7b-b428-4a0dedc8d833,ef0c2451-f7a3-483f-b498-009cff598508
700f827c-7cad-4c14-9c0d-540f84c188d1,9bead5bd-27cc-4bce-b348-dfdfe52bbcfa,417ffb54-8c5d-49a6-90bd-9748bb065b43,expense,14300.00,,2026-07-25,2026-07-25 14:06:00+00,ef0c2451-f7a3-483f-b498-009cff598508,
702cf5b7-5550-48c8-8421-3cf2a3991c22,9bead5bd-27cc-4bce-b348-dfdfe52bbcfa,,transfer,31000.00,-,2025-02-15,2025-02-15 08:46:00+00,d6c2f9dc-62aa-4d66-ae36-b8dd7f048e9c,1db96cc4-753b-4ea9-bdf5-9cf9c71fb00b
7037e506-08c3-49c8-a994-ba40b862c5ad,9bead5bd-27cc-4bce-b348-dfdfe52bbcfa,9e8d127f-fba2-437a-b77c-7f1f0074cf2a,expense,10000.00,-,2025-11-05,2025-11-05 11:33:00+00,d6c2f9dc-62aa-4d66-ae36-b8dd7f048e9c,
70571714-f7ff-44eb-8322-a06824a1a068,9bead5bd-27cc-4bce-b348-dfdfe52bbcfa,e53b2a49-3ff8-4f1c-b16f-7e4eb7057130,expense,2500.00,-,2025-08-12,2025-08-12 18:42:00+00,1b52f4eb-1774-4bbf-9d75-2f22061418c0,
706ee6b9-7952-4a38-a5cb-12a7328fd4f9,9bead5bd-27cc-4bce-b348-dfdfe52bbcfa,,transfer,26000.00,-,2025-12-29,2025-12-29 20:46:00+00,ef0c2451-f7a3-483f-b498-009cff598508,82d51ed1-5076-450e-8ae1-4bbe92cec701
708f7ffb-502c-4563-b940-ab6b65b779d0,9bead5bd-27cc-4bce-b348-dfdfe52bbcfa,9e8d127f-fba2-437a-b77c-7f1f0074cf2a,expense,20000.00,,2026-01-01,2026-01-01 14:00:00+00,8d5cd0ca-c9ea-4d7b-b428-4a0dedc8d833,
70a4909e-a84d-43d1-b3c1-719f37366467,9bead5bd-27cc-4bce-b348-dfdfe52bbcfa,96451090-fe19-4a49-923c-34e2b0645bb4,expense,16000.00,print,2025-09-09,2025-09-09 18:21:00+00,ef945642-f8b2-43e7-8f16-1dfdf9802e69,
70a549bd-92c5-48c2-8534-94a38dd168b3,9bead5bd-27cc-4bce-b348-dfdfe52bbcfa,9e8d127f-fba2-437a-b77c-7f1f0074cf2a,expense,15000.00,-,2025-03-12,2025-03-12 23:13:00+00,d6c2f9dc-62aa-4d66-ae36-b8dd7f048e9c,
710b559f-a9ef-4052-b690-6a19193626d2,9bead5bd-27cc-4bce-b348-dfdfe52bbcfa,9e8d127f-fba2-437a-b77c-7f1f0074cf2a,expense,15000.00,,2026-02-27,2026-02-27 18:16:00+00,1b52f4eb-1774-4bbf-9d75-2f22061418c0,
7119b99d-fec0-45ed-a0fd-a3ca9f560055,9bead5bd-27cc-4bce-b348-dfdfe52bbcfa,69cbbe19-e8fa-45c5-a250-77fd8aa3d98e,expense,52000.00,wifi,2026-04-21,2026-04-21 12:36:00+00,5d613a77-a05e-464c-ae45-0d5540681ac7,
716ddd21-2aee-4585-a6d9-7ce4b99a39b3,9bead5bd-27cc-4bce-b348-dfdfe52bbcfa,9e8d127f-fba2-437a-b77c-7f1f0074cf2a,expense,17800.00,-,2025-04-14,2025-04-14 15:42:00+00,d6c2f9dc-62aa-4d66-ae36-b8dd7f048e9c,
716e448c-27fe-4ca9-a0e6-2d7980b541ff,9bead5bd-27cc-4bce-b348-dfdfe52bbcfa,,transfer,50200.00,,2026-05-04,2026-05-04 17:16:00+00,ef0c2451-f7a3-483f-b498-009cff598508,82d51ed1-5076-450e-8ae1-4bbe92cec701
717941fc-f87b-4029-b80f-6d2a58694d6f,9bead5bd-27cc-4bce-b348-dfdfe52bbcfa,a50b33fc-71c6-4286-a8e7-b8130e6cc2d1,expense,23000.00,bpjs kesehatan,2025-10-05,2025-10-05 12:12:00+00,ef945642-f8b2-43e7-8f16-1dfdf9802e69,
7182745c-7bb7-4379-9b79-ff9aaccdfc9b,9bead5bd-27cc-4bce-b348-dfdfe52bbcfa,9e8d127f-fba2-437a-b77c-7f1f0074cf2a,expense,10000.00,-,2025-01-25,2025-01-25 16:08:00+00,1b52f4eb-1774-4bbf-9d75-2f22061418c0,
71ea9dbb-77fb-4570-941c-9719bec54f54,9bead5bd-27cc-4bce-b348-dfdfe52bbcfa,,transfer,248700.00,,2026-04-20,2026-04-20 17:10:00+00,82d51ed1-5076-450e-8ae1-4bbe92cec701,ef0c2451-f7a3-483f-b498-009cff598508
72025ff9-c1f9-4456-b148-c8364e3ded3e,9bead5bd-27cc-4bce-b348-dfdfe52bbcfa,9e8d127f-fba2-437a-b77c-7f1f0074cf2a,expense,17000.00,-,2025-12-15,2025-12-15 19:21:00+00,ef0c2451-f7a3-483f-b498-009cff598508,
72097993-a941-41da-9f3f-a34d0d1b2065,9bead5bd-27cc-4bce-b348-dfdfe52bbcfa,,transfer,77000.00,,2026-08-01,2026-08-01 10:39:00+00,ef0c2451-f7a3-483f-b498-009cff598508,d6c2f9dc-62aa-4d66-ae36-b8dd7f048e9c
72196461-d784-4e92-bbd5-9ad4ee7c50ec,9bead5bd-27cc-4bce-b348-dfdfe52bbcfa,9e8d127f-fba2-437a-b77c-7f1f0074cf2a,expense,16000.00,-,2025-11-04,2025-11-04 11:33:00+00,d6c2f9dc-62aa-4d66-ae36-b8dd7f048e9c,
726422ef-cae8-42be-9ca7-e5a742816d4f,9bead5bd-27cc-4bce-b348-dfdfe52bbcfa,9e8d127f-fba2-437a-b77c-7f1f0074cf2a,expense,15000.00,-,2025-10-20,2025-10-20 13:12:00+00,ef0c2451-f7a3-483f-b498-009cff598508,
72b8ccf4-648c-4141-9cad-fcd94ac0c151,9bead5bd-27cc-4bce-b348-dfdfe52bbcfa,9e8d127f-fba2-437a-b77c-7f1f0074cf2a,expense,15000.00,-,2025-11-08,2025-11-08 10:02:00+00,d6c2f9dc-62aa-4d66-ae36-b8dd7f048e9c,
72ee8d61-8a9f-4605-88d8-f00146173eb8,9bead5bd-27cc-4bce-b348-dfdfe52bbcfa,9e8d127f-fba2-437a-b77c-7f1f0074cf2a,expense,13000.00,-,2025-12-12,2025-12-12 07:03:00+00,ef0c2451-f7a3-483f-b498-009cff598508,
73375ad3-51a2-49f9-8875-15ff8dd70843,9bead5bd-27cc-4bce-b348-dfdfe52bbcfa,9e8d127f-fba2-437a-b77c-7f1f0074cf2a,expense,15600.00,-,2025-08-09,2025-08-09 21:56:00+00,d6c2f9dc-62aa-4d66-ae36-b8dd7f048e9c,
73545b55-f448-4dca-98c1-4284c680be33,9bead5bd-27cc-4bce-b348-dfdfe52bbcfa,3d15abb3-b62b-4772-b093-5880019049e3,expense,23500.00,galon,2025-12-28,2025-12-28 22:19:00+00,ef0c2451-f7a3-483f-b498-009cff598508,
736f314a-4ea7-476e-b15d-c26d4dfe34e1,9bead5bd-27cc-4bce-b348-dfdfe52bbcfa,9e8d127f-fba2-437a-b77c-7f1f0074cf2a,expense,18000.00,-,2025-10-25,2025-10-25 14:44:00+00,1b52f4eb-1774-4bbf-9d75-2f22061418c0,
73901104-2539-4116-b2a0-c48fb6c42716,9bead5bd-27cc-4bce-b348-dfdfe52bbcfa,,transfer,167000.00,-,2025-02-10,2025-02-10 06:39:00+00,ef0c2451-f7a3-483f-b498-009cff598508,1db96cc4-753b-4ea9-bdf5-9cf9c71fb00b
739d2ff0-59fa-4c0a-bb0c-0a909e6ec55c,9bead5bd-27cc-4bce-b348-dfdfe52bbcfa,,transfer,3525.00,,2026-08-11,2026-08-11 22:23:00+00,ef945642-f8b2-43e7-8f16-1dfdf9802e69,d1d65a47-79be-472a-8e7c-191ddef21252
73c7231e-7ed4-441e-82f3-4ef84e68f3cc,9bead5bd-27cc-4bce-b348-dfdfe52bbcfa,9e8d127f-fba2-437a-b77c-7f1f0074cf2a,expense,14760.00,,2026-04-19,2026-04-19 11:31:00+00,d6c2f9dc-62aa-4d66-ae36-b8dd7f048e9c,
73ced837-c2e9-41e5-91e5-7d5556564919,9bead5bd-27cc-4bce-b348-dfdfe52bbcfa,9e8d127f-fba2-437a-b77c-7f1f0074cf2a,expense,22000.00,-,2025-05-24,2025-05-24 12:01:00+00,d6c2f9dc-62aa-4d66-ae36-b8dd7f048e9c,
73df09d6-408c-4bbe-8dc1-3a34b211efee,9bead5bd-27cc-4bce-b348-dfdfe52bbcfa,9e8d127f-fba2-437a-b77c-7f1f0074cf2a,expense,23560.00,-,2025-11-22,2025-11-22 18:43:00+00,5d613a77-a05e-464c-ae45-0d5540681ac7,
73f63207-f746-4ff4-9cdf-9c5dc42f0cb1,9bead5bd-27cc-4bce-b348-dfdfe52bbcfa,94c7c221-c74d-4a89-a0ee-3c71a8260ac6,expense,10000.00,-,2025-11-05,2025-11-05 18:34:00+00,d6c2f9dc-62aa-4d66-ae36-b8dd7f048e9c,
746170c5-7957-400c-881b-6c1908df1c19,9bead5bd-27cc-4bce-b348-dfdfe52bbcfa,,transfer,50000.00,,2026-01-12,2026-01-12 18:20:00+00,ef0c2451-f7a3-483f-b498-009cff598508,82d51ed1-5076-450e-8ae1-4bbe92cec701
7495b0f1-77b2-42e7-8185-195e176c74ee,9bead5bd-27cc-4bce-b348-dfdfe52bbcfa,c363bb9a-e1c1-4485-a21b-d5cb69be8ac5,expense,25000.00,-,2025-10-29,2025-10-29 18:03:00+00,d6c2f9dc-62aa-4d66-ae36-b8dd7f048e9c,
74a4064c-2a13-48fb-aa99-8bcd5f55ee6d,9bead5bd-27cc-4bce-b348-dfdfe52bbcfa,,transfer,100000.00,,2026-08-26,2026-08-26 06:31:00+00,ef945642-f8b2-43e7-8f16-1dfdf9802e69,d6c2f9dc-62aa-4d66-ae36-b8dd7f048e9c
74a61ceb-b816-4d41-bc09-f08e144b8b81,9bead5bd-27cc-4bce-b348-dfdfe52bbcfa,417ffb54-8c5d-49a6-90bd-9748bb065b43,expense,12500.00,,2026-08-31,2026-08-31 12:15:00+00,ef0c2451-f7a3-483f-b498-009cff598508,
74af9a46-f7c8-4dfb-87b9-009d844af6e1,9bead5bd-27cc-4bce-b348-dfdfe52bbcfa,9e8d127f-fba2-437a-b77c-7f1f0074cf2a,expense,13000.00,,2026-01-16,2026-01-16 18:06:00+00,ef0c2451-f7a3-483f-b498-009cff598508,
74e4530d-d72f-4107-9a32-06f9292abbb9,9bead5bd-27cc-4bce-b348-dfdfe52bbcfa,,transfer,200000.00,-,2025-05-30,2025-05-30 09:06:00+00,ef0c2451-f7a3-483f-b498-009cff598508,d6c2f9dc-62aa-4d66-ae36-b8dd7f048e9c
74e8bfa1-4021-49b5-99c0-4a15e7dda622,9bead5bd-27cc-4bce-b348-dfdfe52bbcfa,f37df41e-f249-4312-886a-c27968ccb934,expense,22000.00,-,2025-03-18,2025-03-18 08:17:00+00,d1d65a47-79be-472a-8e7c-191ddef21252,
74f8515a-63ac-46cf-b23d-0ddb63576b79,9bead5bd-27cc-4bce-b348-dfdfe52bbcfa,3dfd2937-650e-4dfa-aa82-1532855306a0,expense,27200.00,"kopi, gula, mie",2025-05-24,2025-05-24 17:55:00+00,ef0c2451-f7a3-483f-b498-009cff598508,
74fe5c86-ba1d-4fdd-b487-c7f62bdc5a8a,9bead5bd-27cc-4bce-b348-dfdfe52bbcfa,,income,102058.00,Koreksi saldo,2026-01-01,2026-01-01 00:00:00+00,c2b7adda-52b3-4d0f-949b-8c8f2930f6b0,
75193df8-2bfc-48a0-a443-514cc8b1401e,9bead5bd-27cc-4bce-b348-dfdfe52bbcfa,ffea2dd4-8c8d-4442-a93a-c4cee0ccee55,expense,45739.00,Kendaraan,2026-06-13,2026-06-13 14:03:00+00,d6c2f9dc-62aa-4d66-ae36-b8dd7f048e9c,
754fafa8-7775-4092-9cd0-e2db3d8178bd,9bead5bd-27cc-4bce-b348-dfdfe52bbcfa,,transfer,34000.00,-,2025-05-27,2025-05-27 21:54:00+00,ef0c2451-f7a3-483f-b498-009cff598508,1db96cc4-753b-4ea9-bdf5-9cf9c71fb00b
756f8796-071a-4216-969a-de44d7a49e33,9bead5bd-27cc-4bce-b348-dfdfe52bbcfa,,income,4640.00,Koreksi saldo,2026-01-15,2026-01-15 08:21:05+00,ef0c2451-f7a3-483f-b498-009cff598508,
75832c32-1f01-4b32-aabd-77a289141c70,9bead5bd-27cc-4bce-b348-dfdfe52bbcfa,d6b7f46d-c8b4-4cdf-822a-80d1083c7393,expense,5000.00,-,2025-08-24,2025-08-24 20:22:00+00,d6c2f9dc-62aa-4d66-ae36-b8dd7f048e9c,
7589f529-c2e3-40a5-a65a-507f1adb46d4,9bead5bd-27cc-4bce-b348-dfdfe52bbcfa,a95286ad-558f-456c-a43e-791b6bee7426,expense,71500.00,Jacket,2025-04-24,2025-04-24 14:30:00+00,d6c2f9dc-62aa-4d66-ae36-b8dd7f048e9c,
75b27cf4-3976-4a14-a78e-d7dadb7dbfa1,9bead5bd-27cc-4bce-b348-dfdfe52bbcfa,9e8d127f-fba2-437a-b77c-7f1f0074cf2a,expense,15000.00,-,2025-08-14,2025-08-14 18:48:00+00,1b52f4eb-1774-4bbf-9d75-2f22061418c0,
75c6476d-22bb-4fea-9a01-a976f2a26647,9bead5bd-27cc-4bce-b348-dfdfe52bbcfa,a95286ad-558f-456c-a43e-791b6bee7426,expense,34000.00,kalipait,2025-02-03,2025-02-03 10:24:00+00,1b52f4eb-1774-4bbf-9d75-2f22061418c0,
75e68fad-28e1-4a95-adb7-c449cd45fb3e,9bead5bd-27cc-4bce-b348-dfdfe52bbcfa,,transfer,5000.00,-,2025-09-11,2025-09-11 21:47:00+00,ef945642-f8b2-43e7-8f16-1dfdf9802e69,1b52f4eb-1774-4bbf-9d75-2f22061418c0
760b943d-8f31-49e7-a87c-6446ecba2316,9bead5bd-27cc-4bce-b348-dfdfe52bbcfa,9e8d127f-fba2-437a-b77c-7f1f0074cf2a,expense,83000.00,#beras,2026-08-30,2026-08-30 07:15:00+00,ef0c2451-f7a3-483f-b498-009cff598508,
760ec266-d409-4f19-8db3-c3511614047b,9bead5bd-27cc-4bce-b348-dfdfe52bbcfa,a50b33fc-71c6-4286-a8e7-b8130e6cc2d1,expense,105000.00,,2026-02-04,2026-02-04 13:15:00+00,ef0c2451-f7a3-483f-b498-009cff598508,
761abb87-bd49-4d35-9611-7a9e80b296c2,9bead5bd-27cc-4bce-b348-dfdfe52bbcfa,,transfer,87000.00,-,2025-07-30,2025-07-30 20:25:00+00,1db96cc4-753b-4ea9-bdf5-9cf9c71fb00b,ef0c2451-f7a3-483f-b498-009cff598508
7636bd42-e870-4786-a1e1-bedc87921922,9bead5bd-27cc-4bce-b348-dfdfe52bbcfa,861e04d0-951b-45e5-bf64-e0aecaf43eb7,expense,58500.00,buku,2026-05-05,2026-05-05 06:50:00+00,d6c2f9dc-62aa-4d66-ae36-b8dd7f048e9c,
7672d995-6903-456d-806f-179b2e6f7ef0,9bead5bd-27cc-4bce-b348-dfdfe52bbcfa,417ffb54-8c5d-49a6-90bd-9748bb065b43,expense,14500.00,,2026-05-09,2026-05-09 12:42:00+00,3c862479-d55e-45c3-9ff5-d92e3b23f17f,
76899416-d808-4fcb-84be-cecb12c64bb3,9bead5bd-27cc-4bce-b348-dfdfe52bbcfa,9e8d127f-fba2-437a-b77c-7f1f0074cf2a,expense,30000.00,-,2025-02-23,2025-02-23 10:57:00+00,1b52f4eb-1774-4bbf-9d75-2f22061418c0,
768a57bc-5b76-4d2d-b66a-7ac7657075d2,9bead5bd-27cc-4bce-b348-dfdfe52bbcfa,a95286ad-558f-456c-a43e-791b6bee7426,expense,6800.00,game,2025-07-17,2025-07-17 20:57:00+00,d6c2f9dc-62aa-4d66-ae36-b8dd7f048e9c,
76912a06-33a9-4c65-8ad6-8f4fd990019a,9bead5bd-27cc-4bce-b348-dfdfe52bbcfa,04bbb778-c16c-48b3-86d6-e5bceea67e4d,expense,9000.00,-,2025-12-07,2025-12-07 18:33:00+00,ef0c2451-f7a3-483f-b498-009cff598508,
76a7dbc0-bbea-4565-ad89-b8ef17547024,9bead5bd-27cc-4bce-b348-dfdfe52bbcfa,500f226a-f4fd-4bc4-a67e-99214d233267,expense,14000.00,-,2025-05-02,2025-05-02 17:17:00+00,4d401094-2758-4a23-b355-6f5250d51a16,
76be3ce7-7d59-4690-9dba-6c61a9efa7e3,9bead5bd-27cc-4bce-b348-dfdfe52bbcfa,9e8d127f-fba2-437a-b77c-7f1f0074cf2a,expense,18000.00,,2026-03-26,2026-03-26 16:28:00+00,ef0c2451-f7a3-483f-b498-009cff598508,
76d5ac29-a6e9-42f7-81ba-6f2f7742391d,9bead5bd-27cc-4bce-b348-dfdfe52bbcfa,,transfer,200000.00,-,2025-03-30,2025-03-30 09:43:00+00,ef0c2451-f7a3-483f-b498-009cff598508,1b52f4eb-1774-4bbf-9d75-2f22061418c0
76e747d7-2ece-43dd-b89e-282a574c1ce8,9bead5bd-27cc-4bce-b348-dfdfe52bbcfa,89af7f66-fcf6-4ede-85ce-97818d8ee5e5,expense,79790.00,Shampoo,2025-05-14,2025-05-14 17:17:00+00,ef0c2451-f7a3-483f-b498-009cff598508,
76eb6b31-8713-4113-91f2-4a82838ff92f,9bead5bd-27cc-4bce-b348-dfdfe52bbcfa,,transfer,5000.00,-,2025-12-27,2025-12-27 08:36:00+00,ef0c2451-f7a3-483f-b498-009cff598508,1b52f4eb-1774-4bbf-9d75-2f22061418c0
76f15f70-3763-4015-8b88-c21e4f6229cf,9bead5bd-27cc-4bce-b348-dfdfe52bbcfa,9e8d127f-fba2-437a-b77c-7f1f0074cf2a,expense,15000.00,-,2025-06-14,2025-06-14 16:15:00+00,1b52f4eb-1774-4bbf-9d75-2f22061418c0,
772146d3-9524-4cb6-aa62-44e119fc3491,9bead5bd-27cc-4bce-b348-dfdfe52bbcfa,04bbb778-c16c-48b3-86d6-e5bceea67e4d,expense,27000.00,,2026-08-22,2026-08-22 06:20:00+00,ef945642-f8b2-43e7-8f16-1dfdf9802e69,
7749d608-83e0-4ef5-b755-06f936de092f,9bead5bd-27cc-4bce-b348-dfdfe52bbcfa,,transfer,250000.00,,2026-05-01,2026-05-01 06:22:00+00,1b52f4eb-1774-4bbf-9d75-2f22061418c0,5d613a77-a05e-464c-ae45-0d5540681ac7
774a1170-f642-4c25-ae8f-85c010aa4bc3,9bead5bd-27cc-4bce-b348-dfdfe52bbcfa,9e8d127f-fba2-437a-b77c-7f1f0074cf2a,expense,13000.00,,2026-01-07,2026-01-07 18:08:00+00,ef0c2451-f7a3-483f-b498-009cff598508,
77531f47-dfe4-405e-86a4-563af93e706a,9bead5bd-27cc-4bce-b348-dfdfe52bbcfa,417ffb54-8c5d-49a6-90bd-9748bb065b43,expense,23700.00,,2026-04-12,2026-04-12 16:29:00+00,ef0c2451-f7a3-483f-b498-009cff598508,
775a75b1-c531-4417-b971-7e9e00018b3a,9bead5bd-27cc-4bce-b348-dfdfe52bbcfa,,transfer,176000.00,,2026-07-24,2026-07-24 15:09:00+00,ef0c2451-f7a3-483f-b498-009cff598508,82d51ed1-5076-450e-8ae1-4bbe92cec701
77bdc540-f574-4dc6-991b-cf68a765856d,9bead5bd-27cc-4bce-b348-dfdfe52bbcfa,9e8d127f-fba2-437a-b77c-7f1f0074cf2a,expense,20000.00,,2026-02-04,2026-02-04 12:23:00+00,ef0c2451-f7a3-483f-b498-009cff598508,
77ca17a0-3089-4259-af0b-a632b254da21,9bead5bd-27cc-4bce-b348-dfdfe52bbcfa,9e8d127f-fba2-437a-b77c-7f1f0074cf2a,expense,15000.00,-,2025-01-20,2025-01-20 11:47:00+00,1b52f4eb-1774-4bbf-9d75-2f22061418c0,
77ed768c-d146-48c7-9eaf-9ba40fd95796,9bead5bd-27cc-4bce-b348-dfdfe52bbcfa,,transfer,1300000.00,-,2025-09-21,2025-09-21 05:34:00+00,d6c2f9dc-62aa-4d66-ae36-b8dd7f048e9c,ef945642-f8b2-43e7-8f16-1dfdf9802e69
77f14a24-84b0-4eb1-8315-2eda6ef221a0,9bead5bd-27cc-4bce-b348-dfdfe52bbcfa,9e8d127f-fba2-437a-b77c-7f1f0074cf2a,expense,21500.00,-,2025-11-23,2025-11-23 22:22:00+00,ef945642-f8b2-43e7-8f16-1dfdf9802e69,
7819e4e2-df1c-4403-becc-b5971ba4e0b7,9bead5bd-27cc-4bce-b348-dfdfe52bbcfa,417ffb54-8c5d-49a6-90bd-9748bb065b43,expense,8000.00,,2026-04-16,2026-04-16 12:53:00+00,ef0c2451-f7a3-483f-b498-009cff598508,
7835e0f9-ea84-4e1f-90ed-1e5650c72e3b,9bead5bd-27cc-4bce-b348-dfdfe52bbcfa,04bbb778-c16c-48b3-86d6-e5bceea67e4d,expense,10500.00,,2026-04-06,2026-04-06 18:54:00+00,ef0c2451-f7a3-483f-b498-009cff598508,
783a3c68-d888-4759-86df-679085e15ea5,9bead5bd-27cc-4bce-b348-dfdfe52bbcfa,04bbb778-c16c-48b3-86d6-e5bceea67e4d,expense,8000.00,-,2025-12-28,2025-12-28 22:19:00+00,8d5cd0ca-c9ea-4d7b-b428-4a0dedc8d833,
784140a0-0099-455b-86fc-3eb4c0734c4c,9bead5bd-27cc-4bce-b348-dfdfe52bbcfa,861e04d0-951b-45e5-bf64-e0aecaf43eb7,income,150000.00,lamemba,2025-04-21,2025-04-21 15:14:00+00,1db96cc4-753b-4ea9-bdf5-9cf9c71fb00b,
78491fb2-8fa1-4ccd-8686-2e7b461c63cb,9bead5bd-27cc-4bce-b348-dfdfe52bbcfa,3d15abb3-b62b-4772-b093-5880019049e3,expense,9200.00,,2026-08-02,2026-08-02 12:53:00+00,ef0c2451-f7a3-483f-b498-009cff598508,
785145bd-659c-4231-96f2-68467bd7a961,9bead5bd-27cc-4bce-b348-dfdfe52bbcfa,,transfer,784.00,,2026-01-17,2026-01-17 06:30:00+00,5d613a77-a05e-464c-ae45-0d5540681ac7,ef945642-f8b2-43e7-8f16-1dfdf9802e69
786dd178-6ad0-4d10-b6fa-1da3f34bb5f8,9bead5bd-27cc-4bce-b348-dfdfe52bbcfa,ef5c334f-9678-43a1-a24d-06ddf2ae4336,expense,1800.00,,2026-07-03,2026-07-03 16:12:00+00,82d51ed1-5076-450e-8ae1-4bbe92cec701,
7886e5b1-7a7d-4e9b-8bbe-d26e49dae70e,9bead5bd-27cc-4bce-b348-dfdfe52bbcfa,69cbbe19-e8fa-45c5-a250-77fd8aa3d98e,expense,45000.00,-,2025-04-22,2025-04-22 09:49:00+00,d6c2f9dc-62aa-4d66-ae36-b8dd7f048e9c,
78870b62-8aeb-44f5-a21c-e0baa18d941e,9bead5bd-27cc-4bce-b348-dfdfe52bbcfa,69cbbe19-e8fa-45c5-a250-77fd8aa3d98e,expense,47250.00,,2026-03-03,2026-03-03 22:07:00+00,d6c2f9dc-62aa-4d66-ae36-b8dd7f048e9c,
78d79d6c-5767-4a5d-8c1e-354ca9da6a52,9bead5bd-27cc-4bce-b348-dfdfe52bbcfa,9e8d127f-fba2-437a-b77c-7f1f0074cf2a,expense,12000.00,-,2025-08-20,2025-08-20 11:38:00+00,1b52f4eb-1774-4bbf-9d75-2f22061418c0,
78ded8e3-421c-490d-877b-eee133ad9d26,9bead5bd-27cc-4bce-b348-dfdfe52bbcfa,0413cdfe-d251-4bca-bd5f-5d520d7076f6,income,298920.00,Crypto,2025-01-28,2025-01-28 21:24:00+00,ef0c2451-f7a3-483f-b498-009cff598508,
78e54ae8-1c9f-47f0-a1cc-1097c4b020de,9bead5bd-27cc-4bce-b348-dfdfe52bbcfa,,transfer,101000.00,-,2025-09-09,2025-09-09 22:28:00+00,ef0c2451-f7a3-483f-b498-009cff598508,1db96cc4-753b-4ea9-bdf5-9cf9c71fb00b
79048cdd-4c7c-4504-83bf-61833dbc8619,9bead5bd-27cc-4bce-b348-dfdfe52bbcfa,9e8d127f-fba2-437a-b77c-7f1f0074cf2a,expense,15000.00,,2026-02-08,2026-02-08 11:00:00+00,ef0c2451-f7a3-483f-b498-009cff598508,
790dff54-de3c-4499-8a07-ad257591e728,9bead5bd-27cc-4bce-b348-dfdfe52bbcfa,,transfer,10000.00,-,2025-11-22,2025-11-22 19:39:00+00,ef0c2451-f7a3-483f-b498-009cff598508,82d51ed1-5076-450e-8ae1-4bbe92cec701
791fcb79-29d9-4d4a-9abe-31ec61c09cc0,9bead5bd-27cc-4bce-b348-dfdfe52bbcfa,,transfer,100000.00,-,2025-07-14,2025-07-14 02:20:00+00,1b52f4eb-1774-4bbf-9d75-2f22061418c0,ef0c2451-f7a3-483f-b498-009cff598508
79393017-58c0-4e76-b5dc-66b157c01da6,9bead5bd-27cc-4bce-b348-dfdfe52bbcfa,ef5c334f-9678-43a1-a24d-06ddf2ae4336,income,1200.00,Koreksi saldo,2026-01-20,2026-01-20 09:46:05+00,d6c2f9dc-62aa-4d66-ae36-b8dd7f048e9c,
79590965-d47f-431b-8dc7-aac72e3d509e,9bead5bd-27cc-4bce-b348-dfdfe52bbcfa,a95286ad-558f-456c-a43e-791b6bee7426,expense,10000.00,cafe,2025-01-15,2025-01-15 20:37:00+00,1b52f4eb-1774-4bbf-9d75-2f22061418c0,
79623a92-48a6-4042-abfb-73a88ff153df,9bead5bd-27cc-4bce-b348-dfdfe52bbcfa,d6b7f46d-c8b4-4cdf-822a-80d1083c7393,expense,6000.00,,2026-04-05,2026-04-05 14:18:00+00,ef0c2451-f7a3-483f-b498-009cff598508,
7963073a-d5aa-40d3-b0f1-ce059dedc11d,9bead5bd-27cc-4bce-b348-dfdfe52bbcfa,4cc387d6-39b2-4734-9cf8-c0f2c3e66205,income,100000.00,parent,2025-06-22,2025-06-22 18:06:00+00,ef0c2451-f7a3-483f-b498-009cff598508,
797967cd-c4ba-429c-bfba-927a6765f07a,9bead5bd-27cc-4bce-b348-dfdfe52bbcfa,,transfer,57300.00,,2026-08-10,2026-08-10 22:24:00+00,ef945642-f8b2-43e7-8f16-1dfdf9802e69,ef0c2451-f7a3-483f-b498-009cff598508
798f213d-ebcd-4afb-aa3f-8f38c24d5682,9bead5bd-27cc-4bce-b348-dfdfe52bbcfa,04bbb778-c16c-48b3-86d6-e5bceea67e4d,expense,19800.00,,2026-05-10,2026-05-10 19:26:00+00,ef0c2451-f7a3-483f-b498-009cff598508,
799ab1d0-009b-4fc9-8748-28e8b9ffc7e1,9bead5bd-27cc-4bce-b348-dfdfe52bbcfa,e53b2a49-3ff8-4f1c-b16f-7e4eb7057130,expense,5000.00,,2026-02-13,2026-02-13 20:48:00+00,1b52f4eb-1774-4bbf-9d75-2f22061418c0,
79ce4b59-745f-41bc-b79d-6212150aace9,9bead5bd-27cc-4bce-b348-dfdfe52bbcfa,ef5c334f-9678-43a1-a24d-06ddf2ae4336,expense,4600.00,Koreksi saldo,2025-01-30,2025-01-30 08:25:20+00,ef0c2451-f7a3-483f-b498-009cff598508,
7a1ff024-ab40-45fe-9327-0ddf537ca724,9bead5bd-27cc-4bce-b348-dfdfe52bbcfa,ef5c334f-9678-43a1-a24d-06ddf2ae4336,expense,11890.00,Koreksi saldo,2026-06-13,2026-06-13 14:26:22+00,5d613a77-a05e-464c-ae45-0d5540681ac7,
7a599a43-7687-46a4-a1a1-4e1be22bc3fd,9bead5bd-27cc-4bce-b348-dfdfe52bbcfa,,transfer,16500.00,,2026-08-17,2026-08-17 10:14:00+00,ef945642-f8b2-43e7-8f16-1dfdf9802e69,ef0c2451-f7a3-483f-b498-009cff598508
7a626550-5211-4c85-9c7d-051d01201f84,9bead5bd-27cc-4bce-b348-dfdfe52bbcfa,9e8d127f-fba2-437a-b77c-7f1f0074cf2a,expense,16000.00,-,2025-08-25,2025-08-25 21:20:00+00,d6c2f9dc-62aa-4d66-ae36-b8dd7f048e9c,
7a8110e7-3ad6-4b62-988e-a5f7f26e99f9,9bead5bd-27cc-4bce-b348-dfdfe52bbcfa,417ffb54-8c5d-49a6-90bd-9748bb065b43,expense,12900.00,,2026-08-25,2026-08-25 06:25:00+00,ef0c2451-f7a3-483f-b498-009cff598508,
7a8cab35-718a-46c8-9967-f802215f139c,9bead5bd-27cc-4bce-b348-dfdfe52bbcfa,06c4dac0-5cd5-43ae-aeab-bd0ac041116b,expense,10000.00,aki,2025-08-11,2025-08-11 19:53:00+00,1b52f4eb-1774-4bbf-9d75-2f22061418c0,
7ae7371c-47fa-4461-ab63-6613408c7c49,9bead5bd-27cc-4bce-b348-dfdfe52bbcfa,ef5c334f-9678-43a1-a24d-06ddf2ae4336,income,5000.00,Koreksi saldo,2025-03-29,2025-03-29 20:23:39+00,1b52f4eb-1774-4bbf-9d75-2f22061418c0,
7b111d13-5236-4efc-926c-ca3a30e15040,9bead5bd-27cc-4bce-b348-dfdfe52bbcfa,,transfer,50000.00,,2026-03-27,2026-03-27 10:29:00+00,ef0c2451-f7a3-483f-b498-009cff598508,82d51ed1-5076-450e-8ae1-4bbe92cec701
7b39742f-1911-46c7-ac42-12b5e72ec9aa,9bead5bd-27cc-4bce-b348-dfdfe52bbcfa,9e8d127f-fba2-437a-b77c-7f1f0074cf2a,expense,13608.00,,2026-05-06,2026-05-06 11:57:00+00,d6c2f9dc-62aa-4d66-ae36-b8dd7f048e9c,
7b77c3ac-5d03-43d5-926e-0c0dabfc6d09,9bead5bd-27cc-4bce-b348-dfdfe52bbcfa,9e8d127f-fba2-437a-b77c-7f1f0074cf2a,expense,15000.00,-,2025-01-12,2025-01-12 18:58:00+00,1b52f4eb-1774-4bbf-9d75-2f22061418c0,
7b7dbf42-7fb7-43f7-8e7f-9146165cf9ca,9bead5bd-27cc-4bce-b348-dfdfe52bbcfa,9e8d127f-fba2-437a-b77c-7f1f0074cf2a,expense,16000.00,-,2025-02-08,2025-02-08 12:36:00+00,1b52f4eb-1774-4bbf-9d75-2f22061418c0,
7be1eddf-b3f8-4fd2-ae75-8f7359fe2e2a,9bead5bd-27cc-4bce-b348-dfdfe52bbcfa,,transfer,100000.00,-,2025-04-06,2025-04-06 18:57:00+00,1db96cc4-753b-4ea9-bdf5-9cf9c71fb00b,d6c2f9dc-62aa-4d66-ae36-b8dd7f048e9c
7be72da8-4c78-486a-831b-34fcdfd0ea86,9bead5bd-27cc-4bce-b348-dfdfe52bbcfa,06c4dac0-5cd5-43ae-aeab-bd0ac041116b,expense,5000.00,,2026-02-14,2026-02-14 10:45:00+00,1b52f4eb-1774-4bbf-9d75-2f22061418c0,
7c02ba50-2531-43f2-a0e7-6614fabe28e2,9bead5bd-27cc-4bce-b348-dfdfe52bbcfa,c363bb9a-e1c1-4485-a21b-d5cb69be8ac5,expense,30000.00,,2026-07-24,2026-07-24 15:10:00+00,1b52f4eb-1774-4bbf-9d75-2f22061418c0,
7c092fe9-24b2-409d-abd3-2ca7037ae8da,9bead5bd-27cc-4bce-b348-dfdfe52bbcfa,ef5c334f-9678-43a1-a24d-06ddf2ae4336,expense,7000.00,-,2025-09-23,2025-09-23 12:37:00+00,1b52f4eb-1774-4bbf-9d75-2f22061418c0,
7c098e2b-4b57-4f4c-9d79-5fe14175b060,9bead5bd-27cc-4bce-b348-dfdfe52bbcfa,a95286ad-558f-456c-a43e-791b6bee7426,expense,16934.00,headlamp,2025-04-24,2025-04-24 14:27:00+00,d6c2f9dc-62aa-4d66-ae36-b8dd7f048e9c,
7c0f12ff-5373-41f0-8dec-90ff62b00325,9bead5bd-27cc-4bce-b348-dfdfe52bbcfa,9e8d127f-fba2-437a-b77c-7f1f0074cf2a,expense,13000.00,-,2025-02-16,2025-02-16 16:59:00+00,ef0c2451-f7a3-483f-b498-009cff598508,
7c33abdf-736a-44ab-a5be-d597542d4f81,9bead5bd-27cc-4bce-b348-dfdfe52bbcfa,9e8d127f-fba2-437a-b77c-7f1f0074cf2a,expense,30000.00,-,2025-01-31,2025-01-31 01:56:00+00,d6c2f9dc-62aa-4d66-ae36-b8dd7f048e9c,
7c386cfe-eede-4991-af22-5e7ccf9f6b59,9bead5bd-27cc-4bce-b348-dfdfe52bbcfa,,transfer,75000.00,-,2025-03-14,2025-03-14 23:11:00+00,ef0c2451-f7a3-483f-b498-009cff598508,d6c2f9dc-62aa-4d66-ae36-b8dd7f048e9c
7c4fbc11-1961-4ed6-9a29-f5ee384d54ac,9bead5bd-27cc-4bce-b348-dfdfe52bbcfa,9e8d127f-fba2-437a-b77c-7f1f0074cf2a,expense,18000.00,-,2025-05-13,2025-05-13 09:50:00+00,d6c2f9dc-62aa-4d66-ae36-b8dd7f048e9c,
7c78e231-7a09-4eaa-867b-aa087652e51b,9bead5bd-27cc-4bce-b348-dfdfe52bbcfa,417ffb54-8c5d-49a6-90bd-9748bb065b43,expense,8000.00,,2026-05-22,2026-05-22 20:01:00+00,ef0c2451-f7a3-483f-b498-009cff598508,
7c93f9a7-4b30-4c9d-9cb5-01e718d3f241,9bead5bd-27cc-4bce-b348-dfdfe52bbcfa,3dfd2937-650e-4dfa-aa82-1532855306a0,expense,15000.00,kopi,2025-06-30,2025-06-30 10:39:00+00,1b52f4eb-1774-4bbf-9d75-2f22061418c0,
7cb293c3-6474-40f0-893f-fa92b2292f0c,9bead5bd-27cc-4bce-b348-dfdfe52bbcfa,9e8d127f-fba2-437a-b77c-7f1f0074cf2a,expense,19650.00,,2026-02-20,2026-02-20 03:03:00+00,d6c2f9dc-62aa-4d66-ae36-b8dd7f048e9c,
7cb2baca-ab4b-4b38-bc14-b1c0a06d419b,9bead5bd-27cc-4bce-b348-dfdfe52bbcfa,c363bb9a-e1c1-4485-a21b-d5cb69be8ac5,expense,50000.00,-,2025-07-29,2025-07-29 15:24:00+00,1b52f4eb-1774-4bbf-9d75-2f22061418c0,
7ccfde0a-9d31-4519-a59d-8adb0922220d,9bead5bd-27cc-4bce-b348-dfdfe52bbcfa,861e04d0-951b-45e5-bf64-e0aecaf43eb7,expense,33900.00,buku,2026-07-05,2026-07-05 08:16:00+00,d6c2f9dc-62aa-4d66-ae36-b8dd7f048e9c,
7cd6bf90-7fe6-4969-b8de-83483058a80e,9bead5bd-27cc-4bce-b348-dfdfe52bbcfa,,transfer,20000.00,-,2025-04-27,2025-04-27 23:16:00+00,ef0c2451-f7a3-483f-b498-009cff598508,1b52f4eb-1774-4bbf-9d75-2f22061418c0
7cf2f717-5544-420d-a41c-8e087b1d2728,9bead5bd-27cc-4bce-b348-dfdfe52bbcfa,ef5c334f-9678-43a1-a24d-06ddf2ae4336,income,116.00,Koreksi saldo,2025-11-01,2025-11-01 09:32:09+00,c2b7adda-52b3-4d0f-949b-8c8f2930f6b0,
7cff4049-4167-4041-8b49-d6956f2e8de0,9bead5bd-27cc-4bce-b348-dfdfe52bbcfa,73a6b95b-efdb-4afd-bda5-2a6aedd82af4,expense,65624.00,parfume,2026-07-20,2026-07-20 12:30:00+00,d6c2f9dc-62aa-4d66-ae36-b8dd7f048e9c,
7d027942-646a-43f2-b199-cd896f5a638e,9bead5bd-27cc-4bce-b348-dfdfe52bbcfa,04bbb778-c16c-48b3-86d6-e5bceea67e4d,expense,24200.00,,2026-08-09,2026-08-09 21:04:00+00,ef945642-f8b2-43e7-8f16-1dfdf9802e69,
7d08288c-f654-49a6-a5d4-bde046747bc9,9bead5bd-27cc-4bce-b348-dfdfe52bbcfa,9e8d127f-fba2-437a-b77c-7f1f0074cf2a,expense,13000.00,,2026-01-05,2026-01-05 12:43:00+00,ef0c2451-f7a3-483f-b498-009cff598508,
7d375434-5ec6-42db-89f5-571fb1bb3642,9bead5bd-27cc-4bce-b348-dfdfe52bbcfa,,transfer,200000.00,-,2025-04-14,2025-04-14 20:35:00+00,1b52f4eb-1774-4bbf-9d75-2f22061418c0,d6c2f9dc-62aa-4d66-ae36-b8dd7f048e9c
7d9fa09f-cfd5-451e-9867-ea7121cd12d1,9bead5bd-27cc-4bce-b348-dfdfe52bbcfa,d6b7f46d-c8b4-4cdf-822a-80d1083c7393,expense,6000.00,,2026-01-31,2026-01-31 12:04:00+00,ef0c2451-f7a3-483f-b498-009cff598508,
7da77dd2-f106-4da0-aaa0-07b665fb0440,9bead5bd-27cc-4bce-b348-dfdfe52bbcfa,3dfd2937-650e-4dfa-aa82-1532855306a0,expense,13700.00,,2026-03-26,2026-03-26 10:46:00+00,ef0c2451-f7a3-483f-b498-009cff598508,
7dae7e52-9363-4a73-a90c-e9caf1bf885f,9bead5bd-27cc-4bce-b348-dfdfe52bbcfa,ef5c334f-9678-43a1-a24d-06ddf2ae4336,expense,2000.00,-,2025-01-24,2025-01-24 20:12:00+00,1b52f4eb-1774-4bbf-9d75-2f22061418c0,
7daf1d5d-1a24-44d7-804b-3ff75e0fdea6,9bead5bd-27cc-4bce-b348-dfdfe52bbcfa,a50b33fc-71c6-4286-a8e7-b8130e6cc2d1,expense,105000.00,bpjs,2026-03-04,2026-03-04 05:48:00+00,ef0c2451-f7a3-483f-b498-009cff598508,
7e06615f-f174-4388-8f65-4ebef3a3fe85,9bead5bd-27cc-4bce-b348-dfdfe52bbcfa,9e8d127f-fba2-437a-b77c-7f1f0074cf2a,expense,14000.00,-,2025-06-01,2025-06-01 08:06:00+00,ef0c2451-f7a3-483f-b498-009cff598508,
7e0ba711-b4bd-42a8-ae52-8f99c7faeb56,9bead5bd-27cc-4bce-b348-dfdfe52bbcfa,3dfd2937-650e-4dfa-aa82-1532855306a0,expense,8000.00,-,2025-05-03,2025-05-03 17:17:00+00,1b52f4eb-1774-4bbf-9d75-2f22061418c0,
7e2e5538-f6c6-4f11-aba5-c2532a8b49d6,9bead5bd-27cc-4bce-b348-dfdfe52bbcfa,,transfer,200000.00,-,2025-02-23,2025-02-23 19:43:00+00,1db96cc4-753b-4ea9-bdf5-9cf9c71fb00b,ef0c2451-f7a3-483f-b498-009cff598508
7e4b559d-4f72-45e1-879a-c2a5fa54a126,9bead5bd-27cc-4bce-b348-dfdfe52bbcfa,d6b7f46d-c8b4-4cdf-822a-80d1083c7393,expense,12000.00,-,2025-07-05,2025-07-05 17:32:00+00,ef0c2451-f7a3-483f-b498-009cff598508,
7e6f9adb-d8a8-437e-a2bd-0969f84c814c,9bead5bd-27cc-4bce-b348-dfdfe52bbcfa,,transfer,50000.00,,2026-05-03,2026-05-03 10:15:00+00,82d51ed1-5076-450e-8ae1-4bbe92cec701,ef0c2451-f7a3-483f-b498-009cff598508
7e828f13-d541-4be9-a417-03abd46150e4,9bead5bd-27cc-4bce-b348-dfdfe52bbcfa,9e8d127f-fba2-437a-b77c-7f1f0074cf2a,expense,13000.00,-,2025-10-29,2025-10-29 18:02:00+00,1b52f4eb-1774-4bbf-9d75-2f22061418c0,
7e9f1cb0-1fb7-4b2c-ae52-8349425bff2c,9bead5bd-27cc-4bce-b348-dfdfe52bbcfa,9e8d127f-fba2-437a-b77c-7f1f0074cf2a,expense,13000.00,-,2025-08-16,2025-08-16 18:09:00+00,ef0c2451-f7a3-483f-b498-009cff598508,
7ea2946a-09ce-4ec0-9b21-6f5dc95118c2,9bead5bd-27cc-4bce-b348-dfdfe52bbcfa,3d15abb3-b62b-4772-b093-5880019049e3,expense,22000.00,galon,2025-05-04,2025-05-04 19:32:00+00,1b52f4eb-1774-4bbf-9d75-2f22061418c0,
7f00305f-77a9-47af-b2f4-fa52e30ad37a,9bead5bd-27cc-4bce-b348-dfdfe52bbcfa,9e8d127f-fba2-437a-b77c-7f1f0074cf2a,expense,13000.00,,2026-01-26,2026-01-26 19:57:00+00,ef0c2451-f7a3-483f-b498-009cff598508,
7f0405ab-c1c0-4da6-8d65-dd23301d51e6,9bead5bd-27cc-4bce-b348-dfdfe52bbcfa,9e8d127f-fba2-437a-b77c-7f1f0074cf2a,expense,10000.00,,2026-02-24,2026-02-24 19:16:00+00,1b52f4eb-1774-4bbf-9d75-2f22061418c0,
7f0c17cb-d895-44a7-9032-ead66a00b66e,9bead5bd-27cc-4bce-b348-dfdfe52bbcfa,9e8d127f-fba2-437a-b77c-7f1f0074cf2a,expense,50000.00,,2026-07-20,2026-07-20 17:14:00+00,1b52f4eb-1774-4bbf-9d75-2f22061418c0,
7f2c0bc3-268e-4790-aea7-c58df40de411,9bead5bd-27cc-4bce-b348-dfdfe52bbcfa,04d94b74-503f-4e20-b426-649acd17779d,income,100000.00,parent,2025-04-12,2025-04-12 11:10:00+00,1b52f4eb-1774-4bbf-9d75-2f22061418c0,
7f39f76e-e064-4c4a-b34e-a04b20da59b6,9bead5bd-27cc-4bce-b348-dfdfe52bbcfa,9e8d127f-fba2-437a-b77c-7f1f0074cf2a,expense,16250.00,,2026-03-06,2026-03-06 19:16:00+00,d6c2f9dc-62aa-4d66-ae36-b8dd7f048e9c,
7f78a463-35ea-4af4-86f8-8e95c6a15805,9bead5bd-27cc-4bce-b348-dfdfe52bbcfa,4cc387d6-39b2-4734-9cf8-c0f2c3e66205,income,1920000.00,-,2025-04-19,2025-04-19 06:56:00+00,c2b7adda-52b3-4d0f-949b-8c8f2930f6b0,
7fa20714-d3b7-4f0c-98d0-03699bb7bdec,9bead5bd-27cc-4bce-b348-dfdfe52bbcfa,04bbb778-c16c-48b3-86d6-e5bceea67e4d,expense,24000.00,-,2025-12-16,2025-12-16 19:01:00+00,ef0c2451-f7a3-483f-b498-009cff598508,
7fb84b42-39b9-4eb4-bd48-8d14350f3d79,9bead5bd-27cc-4bce-b348-dfdfe52bbcfa,,transfer,500000.00,-,2025-11-01,2025-11-01 10:04:00+00,ef0c2451-f7a3-483f-b498-009cff598508,ef945642-f8b2-43e7-8f16-1dfdf9802e69
7fc2d7db-ad0a-45b7-a2cc-d7abf5636932,9bead5bd-27cc-4bce-b348-dfdfe52bbcfa,e53b2a49-3ff8-4f1c-b16f-7e4eb7057130,expense,4000.00,,2026-02-25,2026-02-25 20:52:00+00,1b52f4eb-1774-4bbf-9d75-2f22061418c0,
8001fbb5-d3e6-4839-83b4-4eac1f9bd64c,9bead5bd-27cc-4bce-b348-dfdfe52bbcfa,,transfer,129001.00,,2026-01-20,2026-01-20 09:43:00+00,1db96cc4-753b-4ea9-bdf5-9cf9c71fb00b,ef0c2451-f7a3-483f-b498-009cff598508
800b9df5-f960-4b26-a125-f56d55108146,9bead5bd-27cc-4bce-b348-dfdfe52bbcfa,04bbb778-c16c-48b3-86d6-e5bceea67e4d,expense,25000.00,,2026-04-11,2026-04-11 10:05:00+00,ef0c2451-f7a3-483f-b498-009cff598508,
803d5be7-cc47-446e-9b89-9ce2c2a29ad5,9bead5bd-27cc-4bce-b348-dfdfe52bbcfa,9e8d127f-fba2-437a-b77c-7f1f0074cf2a,expense,25900.00,-,2025-05-12,2025-05-12 18:52:00+00,d6c2f9dc-62aa-4d66-ae36-b8dd7f048e9c,
80502594-f195-4b1c-a368-f81afd6ad405,9bead5bd-27cc-4bce-b348-dfdfe52bbcfa,9eb96490-908d-4d01-bf88-5590e81f2e65,income,100000.00,-,2025-07-24,2025-07-24 12:15:00+00,1db96cc4-753b-4ea9-bdf5-9cf9c71fb00b,
80e9d6e9-0688-4a6f-a4dc-d2ad25ae6921,9bead5bd-27cc-4bce-b348-dfdfe52bbcfa,9e8d127f-fba2-437a-b77c-7f1f0074cf2a,expense,15000.00,,2026-02-23,2026-02-23 17:22:00+00,ef0c2451-f7a3-483f-b498-009cff598508,
80ffdb3a-a84b-4f21-8d01-01b2e1acd8eb,9bead5bd-27cc-4bce-b348-dfdfe52bbcfa,94c7c221-c74d-4a89-a0ee-3c71a8260ac6,expense,10000.00,,2026-04-05,2026-04-05 20:10:00+00,1b52f4eb-1774-4bbf-9d75-2f22061418c0,
8107257f-ed8a-449b-be24-e22579c12478,9bead5bd-27cc-4bce-b348-dfdfe52bbcfa,,transfer,50000.00,-,2025-09-20,2025-09-20 10:16:00+00,ef945642-f8b2-43e7-8f16-1dfdf9802e69,d6c2f9dc-62aa-4d66-ae36-b8dd7f048e9c
81158257-f0aa-419b-8262-430a411a0f6a,9bead5bd-27cc-4bce-b348-dfdfe52bbcfa,ef5c334f-9678-43a1-a24d-06ddf2ae4336,expense,150.00,Koreksi saldo,2025-09-26,2025-09-26 13:30:03+00,1b52f4eb-1774-4bbf-9d75-2f22061418c0,
814935b4-2617-45ac-a876-e959c839d360,9bead5bd-27cc-4bce-b348-dfdfe52bbcfa,9e8d127f-fba2-437a-b77c-7f1f0074cf2a,expense,5000.00,,2026-01-03,2026-01-03 07:58:00+00,1b52f4eb-1774-4bbf-9d75-2f22061418c0,
8175c3ef-76d2-45bb-947b-09cf82564250,9bead5bd-27cc-4bce-b348-dfdfe52bbcfa,,transfer,136161.00,-,2025-01-27,2025-01-27 11:45:00+00,ef0c2451-f7a3-483f-b498-009cff598508,d6c2f9dc-62aa-4d66-ae36-b8dd7f048e9c
818755bf-943e-4cbc-9f59-b12f7001f277,9bead5bd-27cc-4bce-b348-dfdfe52bbcfa,a729f02d-cd4d-4ee1-98fb-56147ad0f773,income,3362490.00,,2026-03-25,2026-03-25 17:58:00+00,ef0c2451-f7a3-483f-b498-009cff598508,
819cfec3-5772-4096-b1f9-2662e2e4ee34,9bead5bd-27cc-4bce-b348-dfdfe52bbcfa,3d15abb3-b62b-4772-b093-5880019049e3,expense,7000.00,,2026-02-13,2026-02-13 13:34:00+00,ef0c2451-f7a3-483f-b498-009cff598508,
81bac4de-45b4-47d4-9193-4b31d5df6937,9bead5bd-27cc-4bce-b348-dfdfe52bbcfa,ef5c334f-9678-43a1-a24d-06ddf2ae4336,income,15000.00,Koreksi saldo,2025-03-30,2025-03-30 23:03:29+00,1b52f4eb-1774-4bbf-9d75-2f22061418c0,
81d5404e-924c-47bf-ae86-c342d0b600a6,9bead5bd-27cc-4bce-b348-dfdfe52bbcfa,,transfer,200000.00,-,2025-04-22,2025-04-22 09:47:00+00,ef0c2451-f7a3-483f-b498-009cff598508,d6c2f9dc-62aa-4d66-ae36-b8dd7f048e9c
81e8f7ed-b2ec-4169-bbec-5ef18d711427,9bead5bd-27cc-4bce-b348-dfdfe52bbcfa,,transfer,10000.00,,2026-05-14,2026-05-14 07:22:00+00,1b52f4eb-1774-4bbf-9d75-2f22061418c0,ef0c2451-f7a3-483f-b498-009cff598508
81ec7d6e-aad6-45a0-8e35-5583e7e1e984,9bead5bd-27cc-4bce-b348-dfdfe52bbcfa,9eb96490-908d-4d01-bf88-5590e81f2e65,income,200000.00,joki,2025-01-09,2025-01-09 06:00:00+00,1db96cc4-753b-4ea9-bdf5-9cf9c71fb00b,
81ecc9dc-cf31-4290-a38e-41a92568ed84,9bead5bd-27cc-4bce-b348-dfdfe52bbcfa,69cbbe19-e8fa-45c5-a250-77fd8aa3d98e,expense,50000.00,listrik,2025-10-11,2025-10-11 11:40:00+00,d6c2f9dc-62aa-4d66-ae36-b8dd7f048e9c,
82065699-477d-4471-8c04-628fb8e8f9e5,9bead5bd-27cc-4bce-b348-dfdfe52bbcfa,9e8d127f-fba2-437a-b77c-7f1f0074cf2a,expense,28000.00,-,2025-07-07,2025-07-07 15:03:00+00,d6c2f9dc-62aa-4d66-ae36-b8dd7f048e9c,
8231e885-cf01-4290-8aab-f856f32a194f,9bead5bd-27cc-4bce-b348-dfdfe52bbcfa,,transfer,2174978.00,-,2025-01-30,2025-01-30 07:20:00+00,c2b7adda-52b3-4d0f-949b-8c8f2930f6b0,ef0c2451-f7a3-483f-b498-009cff598508
829e01c9-47f5-4687-aa6d-b824c0867c8a,9bead5bd-27cc-4bce-b348-dfdfe52bbcfa,ef5c334f-9678-43a1-a24d-06ddf2ae4336,expense,546.00,Koreksi saldo,2025-09-15,2025-09-15 11:22:13+00,1b52f4eb-1774-4bbf-9d75-2f22061418c0,
82b7f975-8fc3-47b1-8ac5-e51298e80175,9bead5bd-27cc-4bce-b348-dfdfe52bbcfa,9e8d127f-fba2-437a-b77c-7f1f0074cf2a,expense,14000.00,-,2025-01-19,2025-01-19 11:28:00+00,1b52f4eb-1774-4bbf-9d75-2f22061418c0,
82e1aa6c-17a5-438e-8bd4-4ca0776cc378,9bead5bd-27cc-4bce-b348-dfdfe52bbcfa,9e8d127f-fba2-437a-b77c-7f1f0074cf2a,expense,26400.00,,2026-03-31,2026-03-31 05:37:00+00,ef0c2451-f7a3-483f-b498-009cff598508,
832fe862-5c6e-475c-8954-d56251ca4cba,9bead5bd-27cc-4bce-b348-dfdfe52bbcfa,c363bb9a-e1c1-4485-a21b-d5cb69be8ac5,expense,40000.00,-,2025-07-13,2025-07-13 18:24:00+00,1b52f4eb-1774-4bbf-9d75-2f22061418c0,
835af437-ab3b-4d7f-926d-17b2bd07b4c0,9bead5bd-27cc-4bce-b348-dfdfe52bbcfa,9e8d127f-fba2-437a-b77c-7f1f0074cf2a,expense,39900.00,-,2025-04-10,2025-04-10 19:31:00+00,d6c2f9dc-62aa-4d66-ae36-b8dd7f048e9c,
83b2de43-f22d-409a-9532-57d0d7070247,9bead5bd-27cc-4bce-b348-dfdfe52bbcfa,,transfer,16000.00,-,2025-11-01,2025-11-01 09:20:00+00,1b52f4eb-1774-4bbf-9d75-2f22061418c0,d6c2f9dc-62aa-4d66-ae36-b8dd7f048e9c
83ba944f-36e1-4c24-84ac-134764b09cd5,9bead5bd-27cc-4bce-b348-dfdfe52bbcfa,c363bb9a-e1c1-4485-a21b-d5cb69be8ac5,expense,30000.00,,2026-06-12,2026-06-12 18:58:00+00,ef0c2451-f7a3-483f-b498-009cff598508,
83ba9ded-c4a6-4900-a3c6-a02c9a0ddfa5,9bead5bd-27cc-4bce-b348-dfdfe52bbcfa,9e8d127f-fba2-437a-b77c-7f1f0074cf2a,expense,14608.00,,2026-05-05,2026-05-05 09:28:00+00,d6c2f9dc-62aa-4d66-ae36-b8dd7f048e9c,
83ce47d2-cc0e-4c30-b993-cb7b3c50945c,9bead5bd-27cc-4bce-b348-dfdfe52bbcfa,,transfer,100000.00,,2026-07-20,2026-07-20 14:12:00+00,ef0c2451-f7a3-483f-b498-009cff598508,d6c2f9dc-62aa-4d66-ae36-b8dd7f048e9c
83dc9970-e31d-4aa5-b3d4-563a1bbf5e44,9bead5bd-27cc-4bce-b348-dfdfe52bbcfa,,transfer,500000.00,,2026-01-12,2026-01-12 12:31:00+00,d1d65a47-79be-472a-8e7c-191ddef21252,ef0c2451-f7a3-483f-b498-009cff598508
83e07f8e-496c-4e98-9fa1-70cde99f1f48,9bead5bd-27cc-4bce-b348-dfdfe52bbcfa,417ffb54-8c5d-49a6-90bd-9748bb065b43,expense,10000.00,,2026-08-22,2026-08-22 06:22:00+00,ef945642-f8b2-43e7-8f16-1dfdf9802e69,
83e4e41b-68a9-46fc-baf4-f3404b3af29a,9bead5bd-27cc-4bce-b348-dfdfe52bbcfa,ef5c334f-9678-43a1-a24d-06ddf2ae4336,expense,4000.00,,2026-05-19,2026-05-19 22:14:00+00,ef0c2451-f7a3-483f-b498-009cff598508,
83f2e0d2-1648-4911-be6d-df8b2670f557,9bead5bd-27cc-4bce-b348-dfdfe52bbcfa,9e8d127f-fba2-437a-b77c-7f1f0074cf2a,expense,10000.00,,2026-01-03,2026-01-03 19:01:00+00,ef0c2451-f7a3-483f-b498-009cff598508,
840744f9-5ba5-4441-a9b9-6b0b5264af4e,9bead5bd-27cc-4bce-b348-dfdfe52bbcfa,3c5231bc-d29d-4b03-991b-b59211c737f2,expense,190000.00,baterai,2025-04-02,2025-04-02 09:42:00+00,c2b7adda-52b3-4d0f-949b-8c8f2930f6b0,
841b741f-1557-4858-8a99-a19cfdeb8b64,9bead5bd-27cc-4bce-b348-dfdfe52bbcfa,ef5c334f-9678-43a1-a24d-06ddf2ae4336,income,1000.00,Koreksi saldo,2025-01-01,2025-01-01 06:00:00+00,1db96cc4-753b-4ea9-bdf5-9cf9c71fb00b,
8454da7d-4c74-4a1c-aa0a-975d78d92633,9bead5bd-27cc-4bce-b348-dfdfe52bbcfa,04bbb778-c16c-48b3-86d6-e5bceea67e4d,expense,30000.00,,2026-07-03,2026-07-03 18:22:00+00,ef0c2451-f7a3-483f-b498-009cff598508,
8494590a-1d1a-47f4-a651-9cb593848554,9bead5bd-27cc-4bce-b348-dfdfe52bbcfa,89af7f66-fcf6-4ede-85ce-97818d8ee5e5,expense,89900.00,shampoo,2025-01-25,2025-01-25 10:03:00+00,ef0c2451-f7a3-483f-b498-009cff598508,
84b8d288-22b0-421a-8e1f-b754dc83e738,9bead5bd-27cc-4bce-b348-dfdfe52bbcfa,e66badba-dce0-4403-80cf-760a4f913399,expense,5000.00,-,2025-11-01,2025-11-01 05:25:00+00,ef0c2451-f7a3-483f-b498-009cff598508,
84cd5033-47e5-4db7-9e37-7786e2e8c9b3,9bead5bd-27cc-4bce-b348-dfdfe52bbcfa,9e8d127f-fba2-437a-b77c-7f1f0074cf2a,expense,16800.00,-,2025-09-30,2025-09-30 09:13:00+00,d6c2f9dc-62aa-4d66-ae36-b8dd7f048e9c,
84f4a080-e998-4d57-9ec4-f433f42fec1c,9bead5bd-27cc-4bce-b348-dfdfe52bbcfa,ef5c334f-9678-43a1-a24d-06ddf2ae4336,expense,1000.00,Koreksi saldo,2025-12-06,2025-12-06 09:56:11+00,82d51ed1-5076-450e-8ae1-4bbe92cec701,
85130aaa-0f21-4dcb-8443-47a1143a8dc8,9bead5bd-27cc-4bce-b348-dfdfe52bbcfa,c2fa641c-c10c-46ea-a69b-e2e8fab6d2ef,expense,15000.00,-,2025-06-08,2025-06-08 20:53:00+00,1db96cc4-753b-4ea9-bdf5-9cf9c71fb00b,
8528b732-9ad5-4a7c-a828-90965714178e,9bead5bd-27cc-4bce-b348-dfdfe52bbcfa,,transfer,319125.00,-,2025-09-17,2025-09-17 16:52:00+00,ef945642-f8b2-43e7-8f16-1dfdf9802e69,82d51ed1-5076-450e-8ae1-4bbe92cec701
852c9802-8557-47ad-9f34-41b5bb07668f,9bead5bd-27cc-4bce-b348-dfdfe52bbcfa,04d94b74-503f-4e20-b426-649acd17779d,expense,97000.00,,2026-02-10,2026-02-10 18:52:00+00,ef0c2451-f7a3-483f-b498-009cff598508,
85543836-dea6-4936-91d9-fba7084704ac,9bead5bd-27cc-4bce-b348-dfdfe52bbcfa,,transfer,45000.00,,2026-06-11,2026-06-11 17:51:00+00,ef0c2451-f7a3-483f-b498-009cff598508,1b52f4eb-1774-4bbf-9d75-2f22061418c0
856e4fe9-a673-4fd9-98a9-773214c383ed,9bead5bd-27cc-4bce-b348-dfdfe52bbcfa,9e8d127f-fba2-437a-b77c-7f1f0074cf2a,expense,15000.00,-,2025-01-05,2025-01-05 10:14:00+00,1b52f4eb-1774-4bbf-9d75-2f22061418c0,
857cde18-d353-4082-9185-15ab1ca7e791,9bead5bd-27cc-4bce-b348-dfdfe52bbcfa,9e8d127f-fba2-437a-b77c-7f1f0074cf2a,expense,20000.00,,2026-03-03,2026-03-03 18:26:00+00,ef0c2451-f7a3-483f-b498-009cff598508,
8589d2a9-6d23-4a57-a5b2-e98685ca39cb,9bead5bd-27cc-4bce-b348-dfdfe52bbcfa,,transfer,27100.00,,2026-04-20,2026-04-20 15:39:00+00,ef0c2451-f7a3-483f-b498-009cff598508,3c862479-d55e-45c3-9ff5-d92e3b23f17f
858cbe10-9414-4a4d-a0a6-07b238a3e300,9bead5bd-27cc-4bce-b348-dfdfe52bbcfa,9e8d127f-fba2-437a-b77c-7f1f0074cf2a,expense,16000.00,-,2025-01-19,2025-01-19 11:27:00+00,1b52f4eb-1774-4bbf-9d75-2f22061418c0,
859b3719-e55d-421f-8294-de52a8cd9859,9bead5bd-27cc-4bce-b348-dfdfe52bbcfa,9e8d127f-fba2-437a-b77c-7f1f0074cf2a,expense,13000.00,,2026-05-18,2026-05-18 17:20:00+00,ef0c2451-f7a3-483f-b498-009cff598508,
85b0e304-f8d2-4418-978c-29188e1fe9e2,9bead5bd-27cc-4bce-b348-dfdfe52bbcfa,e53b2a49-3ff8-4f1c-b16f-7e4eb7057130,expense,7000.00,-,2025-12-15,2025-12-15 17:55:00+00,1b52f4eb-1774-4bbf-9d75-2f22061418c0,
85bd24c3-656c-4d79-b2e1-f0ac71bf1f7e,9bead5bd-27cc-4bce-b348-dfdfe52bbcfa,d6b7f46d-c8b4-4cdf-822a-80d1083c7393,expense,12000.00,,2026-01-11,2026-01-11 15:21:00+00,ef0c2451-f7a3-483f-b498-009cff598508,
85d881ed-0402-48c0-87cc-2509f940fc53,9bead5bd-27cc-4bce-b348-dfdfe52bbcfa,9e8d127f-fba2-437a-b77c-7f1f0074cf2a,expense,15000.00,-,2025-03-04,2025-03-04 18:44:00+00,d6c2f9dc-62aa-4d66-ae36-b8dd7f048e9c,
85e2ead1-2338-4cf8-a379-c2aea1f0b800,9bead5bd-27cc-4bce-b348-dfdfe52bbcfa,9e8d127f-fba2-437a-b77c-7f1f0074cf2a,expense,50000.00,,2026-06-11,2026-06-11 17:51:00+00,1b52f4eb-1774-4bbf-9d75-2f22061418c0,
864646b4-318a-4643-b9a5-12044f6d3676,9bead5bd-27cc-4bce-b348-dfdfe52bbcfa,9e8d127f-fba2-437a-b77c-7f1f0074cf2a,expense,13000.00,-,2025-12-10,2025-12-10 18:29:00+00,ef0c2451-f7a3-483f-b498-009cff598508,
8646d47b-371f-42a6-9214-5f0e4b02a00a,9bead5bd-27cc-4bce-b348-dfdfe52bbcfa,,transfer,100000.00,-,2025-03-05,2025-03-05 22:10:00+00,ef0c2451-f7a3-483f-b498-009cff598508,1db96cc4-753b-4ea9-bdf5-9cf9c71fb00b
8661ef71-3545-4c63-b908-63eaf0ebdb62,9bead5bd-27cc-4bce-b348-dfdfe52bbcfa,9e8d127f-fba2-437a-b77c-7f1f0074cf2a,expense,13000.00,-,2025-07-06,2025-07-06 08:33:00+00,ef0c2451-f7a3-483f-b498-009cff598508,
868544f7-13e6-43f9-a137-07712ec7ea72,9bead5bd-27cc-4bce-b348-dfdfe52bbcfa,3d15abb3-b62b-4772-b093-5880019049e3,expense,6000.00,-,2025-04-05,2025-04-05 07:24:00+00,1b52f4eb-1774-4bbf-9d75-2f22061418c0,
86a90dee-65d7-4b3d-afb2-8dc0df3491b6,9bead5bd-27cc-4bce-b348-dfdfe52bbcfa,c2fa641c-c10c-46ea-a69b-e2e8fab6d2ef,expense,35000.00,-,2025-12-02,2025-12-02 09:46:00+00,ef0c2451-f7a3-483f-b498-009cff598508,
86c2598d-7943-4eba-84d9-6e659053f000,9bead5bd-27cc-4bce-b348-dfdfe52bbcfa,9e8d127f-fba2-437a-b77c-7f1f0074cf2a,expense,8000.00,-,2025-09-23,2025-09-23 15:26:00+00,ef0c2451-f7a3-483f-b498-009cff598508,
86dacdb6-16a3-4143-b915-4a4d1ed6c277,9bead5bd-27cc-4bce-b348-dfdfe52bbcfa,c363bb9a-e1c1-4485-a21b-d5cb69be8ac5,expense,50000.00,-,2025-04-12,2025-04-12 11:10:00+00,1b52f4eb-1774-4bbf-9d75-2f22061418c0,
86ed15b2-3d89-4e9a-aeba-e51110ef4800,9bead5bd-27cc-4bce-b348-dfdfe52bbcfa,c363bb9a-e1c1-4485-a21b-d5cb69be8ac5,expense,30000.00,,2026-06-28,2026-06-28 18:33:00+00,1b52f4eb-1774-4bbf-9d75-2f22061418c0,
86f31954-fcf8-4738-bb01-a601a8eef7a3,9bead5bd-27cc-4bce-b348-dfdfe52bbcfa,,transfer,50000.00,-,2025-08-02,2025-08-02 15:41:00+00,82d51ed1-5076-450e-8ae1-4bbe92cec701,1b52f4eb-1774-4bbf-9d75-2f22061418c0
871cd6d6-0b7b-42d3-b0d5-7bed374ed506,9bead5bd-27cc-4bce-b348-dfdfe52bbcfa,,transfer,34000.00,-,2025-07-01,2025-07-01 13:39:00+00,ef0c2451-f7a3-483f-b498-009cff598508,1b52f4eb-1774-4bbf-9d75-2f22061418c0
872fc93a-d80c-4250-97b0-42c00271ad75,9bead5bd-27cc-4bce-b348-dfdfe52bbcfa,9e8d127f-fba2-437a-b77c-7f1f0074cf2a,expense,12000.00,-,2025-04-27,2025-04-27 12:17:00+00,1b52f4eb-1774-4bbf-9d75-2f22061418c0,
8746fef9-4941-44bf-bbae-82e8b51341dd,9bead5bd-27cc-4bce-b348-dfdfe52bbcfa,69cbbe19-e8fa-45c5-a250-77fd8aa3d98e,expense,48500.00,listrik,2026-01-16,2026-01-16 09:40:00+00,ef0c2451-f7a3-483f-b498-009cff598508,
87651236-c702-4153-abb4-01a98f8a1a1f,9bead5bd-27cc-4bce-b348-dfdfe52bbcfa,,transfer,100000.00,,2026-01-17,2026-01-17 18:05:00+00,5d613a77-a05e-464c-ae45-0d5540681ac7,1db96cc4-753b-4ea9-bdf5-9cf9c71fb00b
876b2d1a-0ed2-4914-b7cd-3d3cb6f84c2b,9bead5bd-27cc-4bce-b348-dfdfe52bbcfa,73a6b95b-efdb-4afd-bda5-2a6aedd82af4,expense,36500.00,pomade,2026-05-09,2026-05-09 12:43:00+00,3c862479-d55e-45c3-9ff5-d92e3b23f17f,
876f6998-2b3c-4a1e-a21c-a44eeae51679,9bead5bd-27cc-4bce-b348-dfdfe52bbcfa,,transfer,200000.00,-,2025-08-12,2025-08-12 18:36:00+00,ef0c2451-f7a3-483f-b498-009cff598508,1b52f4eb-1774-4bbf-9d75-2f22061418c0
8792567d-7de4-49db-8aa4-6ecc4e1e3d5e,9bead5bd-27cc-4bce-b348-dfdfe52bbcfa,9e8d127f-fba2-437a-b77c-7f1f0074cf2a,expense,17600.00,-,2025-01-11,2025-01-11 21:51:00+00,ef0c2451-f7a3-483f-b498-009cff598508,
87d71969-23b8-45dc-9326-c062e3e5d668,9bead5bd-27cc-4bce-b348-dfdfe52bbcfa,e66badba-dce0-4403-80cf-760a4f913399,expense,5000.00,-,2025-06-01,2025-06-01 13:04:00+00,ef0c2451-f7a3-483f-b498-009cff598508,
87e7bbbc-6198-46a2-a480-327724e1b5da,9bead5bd-27cc-4bce-b348-dfdfe52bbcfa,,transfer,27500.00,-,2025-12-13,2025-12-13 07:04:00+00,ef0c2451-f7a3-483f-b498-009cff598508,82d51ed1-5076-450e-8ae1-4bbe92cec701
87e7e1a3-62c7-4b2c-94d6-2af07892a243,9bead5bd-27cc-4bce-b348-dfdfe52bbcfa,,transfer,97890.00,,2026-04-30,2026-04-30 12:49:00+00,5d613a77-a05e-464c-ae45-0d5540681ac7,ef0c2451-f7a3-483f-b498-009cff598508
87ef07eb-8c6f-4397-baea-40ce1ee6ea85,9bead5bd-27cc-4bce-b348-dfdfe52bbcfa,06c4dac0-5cd5-43ae-aeab-bd0ac041116b,expense,6000.00,,2026-03-18,2026-03-18 11:49:00+00,1b52f4eb-1774-4bbf-9d75-2f22061418c0,
87fee840-765a-4c53-a912-8a0ea5bdd06c,9bead5bd-27cc-4bce-b348-dfdfe52bbcfa,9e8d127f-fba2-437a-b77c-7f1f0074cf2a,expense,26000.00,,2026-02-14,2026-02-14 12:38:00+00,1b52f4eb-1774-4bbf-9d75-2f22061418c0,
88065d95-5d5a-41a0-88cd-fdd124b1ba91,9bead5bd-27cc-4bce-b348-dfdfe52bbcfa,9e8d127f-fba2-437a-b77c-7f1f0074cf2a,expense,17000.00,-,2025-07-21,2025-07-21 10:47:00+00,1b52f4eb-1774-4bbf-9d75-2f22061418c0,
88327c24-7c80-40ee-ab4e-77e841909a75,9bead5bd-27cc-4bce-b348-dfdfe52bbcfa,fbc816ab-9344-4a18-bac0-35bc12bb587b,expense,15000.00,-,2025-05-03,2025-05-03 19:57:00+00,c2b7adda-52b3-4d0f-949b-8c8f2930f6b0,
88b1dd10-7028-45e9-8a93-e59b09adebf7,9bead5bd-27cc-4bce-b348-dfdfe52bbcfa,,transfer,38000.00,-,2025-10-25,2025-10-25 20:21:00+00,ef945642-f8b2-43e7-8f16-1dfdf9802e69,ef0c2451-f7a3-483f-b498-009cff598508
88bb302d-b8fc-4477-be29-f19ff44a99d5,9bead5bd-27cc-4bce-b348-dfdfe52bbcfa,,transfer,43200.00,,2026-06-17,2026-06-17 10:42:00+00,ef0c2451-f7a3-483f-b498-009cff598508,82d51ed1-5076-450e-8ae1-4bbe92cec701
88e21956-d50f-4690-830d-5407a5bf43a9,9bead5bd-27cc-4bce-b348-dfdfe52bbcfa,3d15abb3-b62b-4772-b093-5880019049e3,expense,9200.00,,2026-08-22,2026-08-22 06:21:00+00,ef945642-f8b2-43e7-8f16-1dfdf9802e69,
8900c351-d1b0-44f5-b3d9-99a4b34880fc,9bead5bd-27cc-4bce-b348-dfdfe52bbcfa,9e8d127f-fba2-437a-b77c-7f1f0074cf2a,expense,14300.00,-,2025-10-16,2025-10-16 12:24:00+00,d6c2f9dc-62aa-4d66-ae36-b8dd7f048e9c,
89168a1f-27ff-4a44-83ef-3dac1365439a,9bead5bd-27cc-4bce-b348-dfdfe52bbcfa,9e8d127f-fba2-437a-b77c-7f1f0074cf2a,expense,33000.00,,2026-03-11,2026-03-11 18:33:00+00,ef0c2451-f7a3-483f-b498-009cff598508,
89281812-740c-433e-8fbc-94823407f5f2,9bead5bd-27cc-4bce-b348-dfdfe52bbcfa,,transfer,5000.00,-,2025-04-27,2025-04-27 23:19:00+00,d6c2f9dc-62aa-4d66-ae36-b8dd7f048e9c,1b52f4eb-1774-4bbf-9d75-2f22061418c0
892ecec1-22ef-4d20-82ff-5c374f1e3d7c,9bead5bd-27cc-4bce-b348-dfdfe52bbcfa,9e8d127f-fba2-437a-b77c-7f1f0074cf2a,expense,14000.00,-,2025-02-10,2025-02-10 12:12:00+00,1b52f4eb-1774-4bbf-9d75-2f22061418c0,
89318d4c-a1d4-46fd-ae77-2eb871e8b532,9bead5bd-27cc-4bce-b348-dfdfe52bbcfa,e53b2a49-3ff8-4f1c-b16f-7e4eb7057130,expense,2000.00,,2026-06-20,2026-06-20 20:08:00+00,1b52f4eb-1774-4bbf-9d75-2f22061418c0,
893554a4-cb7d-4b58-bb12-81bb21dfbd46,9bead5bd-27cc-4bce-b348-dfdfe52bbcfa,9e8d127f-fba2-437a-b77c-7f1f0074cf2a,expense,12000.00,-,2025-06-20,2025-06-20 18:31:00+00,1b52f4eb-1774-4bbf-9d75-2f22061418c0,
89524ceb-8493-46ac-9850-e34d5a176a25,9bead5bd-27cc-4bce-b348-dfdfe52bbcfa,,income,2079824.00,Penyesuaian Saldo Awal - Dana,2025-01-01,2025-01-01 00:00:00+00,c2b7adda-52b3-4d0f-949b-8c8f2930f6b0,
895c96d0-5401-42ab-a88e-384ed22c0b89,9bead5bd-27cc-4bce-b348-dfdfe52bbcfa,,transfer,20000.00,,2026-07-09,2026-07-09 17:18:00+00,d6c2f9dc-62aa-4d66-ae36-b8dd7f048e9c,ef0c2451-f7a3-483f-b498-009cff598508
89a22779-5e12-4aa2-91a5-7872bb9cacce,9bead5bd-27cc-4bce-b348-dfdfe52bbcfa,9e8d127f-fba2-437a-b77c-7f1f0074cf2a,expense,14000.00,-,2025-01-08,2025-01-08 09:45:00+00,1b52f4eb-1774-4bbf-9d75-2f22061418c0,
89fab19e-86a3-4959-a13c-6450e1174d0f,9bead5bd-27cc-4bce-b348-dfdfe52bbcfa,,transfer,176000.00,,2026-07-26,2026-07-26 14:06:00+00,82d51ed1-5076-450e-8ae1-4bbe92cec701,ef0c2451-f7a3-483f-b498-009cff598508
89fea1d0-184a-49f9-aee0-afea4c4985f9,9bead5bd-27cc-4bce-b348-dfdfe52bbcfa,9e8d127f-fba2-437a-b77c-7f1f0074cf2a,expense,15000.00,-,2025-11-23,2025-11-23 10:23:00+00,d6c2f9dc-62aa-4d66-ae36-b8dd7f048e9c,
8a0f2a5f-8733-4b65-b7ab-60432f64c610,9bead5bd-27cc-4bce-b348-dfdfe52bbcfa,,transfer,100000.00,-,2025-07-24,2025-07-24 12:15:00+00,1db96cc4-753b-4ea9-bdf5-9cf9c71fb00b,ef0c2451-f7a3-483f-b498-009cff598508
8a1b0b8a-5aac-48ac-97de-66dfba49f3f9,9bead5bd-27cc-4bce-b348-dfdfe52bbcfa,9e8d127f-fba2-437a-b77c-7f1f0074cf2a,expense,23500.00,-,2025-07-27,2025-07-27 16:19:00+00,d6c2f9dc-62aa-4d66-ae36-b8dd7f048e9c,
8a2094fc-8d37-4ba3-8c4e-3786b715f154,9bead5bd-27cc-4bce-b348-dfdfe52bbcfa,,transfer,15000.00,-,2025-11-23,2025-11-23 10:23:00+00,ef0c2451-f7a3-483f-b498-009cff598508,82d51ed1-5076-450e-8ae1-4bbe92cec701
8a4817c6-330d-44a4-9cc1-c1a779f5c80a,9bead5bd-27cc-4bce-b348-dfdfe52bbcfa,73a6b95b-efdb-4afd-bda5-2a6aedd82af4,expense,10000.00,potram,2025-09-02,2025-09-02 18:13:00+00,1b52f4eb-1774-4bbf-9d75-2f22061418c0,
8a5b6e60-df4f-4c47-ae06-2052db162d0a,9bead5bd-27cc-4bce-b348-dfdfe52bbcfa,417ffb54-8c5d-49a6-90bd-9748bb065b43,expense,28000.00,,2026-07-10,2026-07-10 12:59:00+00,d6c2f9dc-62aa-4d66-ae36-b8dd7f048e9c,
8a5d9c11-5ab7-4b67-9df8-f78a99cd3110,9bead5bd-27cc-4bce-b348-dfdfe52bbcfa,,transfer,18000.00,-,2025-07-11,2025-07-11 22:31:00+00,ef0c2451-f7a3-483f-b498-009cff598508,1b52f4eb-1774-4bbf-9d75-2f22061418c0
8a7ad93b-f287-4d40-98b3-eda10dea8042,9bead5bd-27cc-4bce-b348-dfdfe52bbcfa,,transfer,80000.00,,2026-01-19,2026-01-19 16:15:00+00,d6c2f9dc-62aa-4d66-ae36-b8dd7f048e9c,82d51ed1-5076-450e-8ae1-4bbe92cec701
8a91bb31-0448-465b-9c81-eef8964cad23,9bead5bd-27cc-4bce-b348-dfdfe52bbcfa,e66badba-dce0-4403-80cf-760a4f913399,expense,5000.00,BNI,2025-01-01,2025-01-01 07:05:00+00,ef0c2451-f7a3-483f-b498-009cff598508,
8acfb37c-5a48-437a-9e92-b10a54cc92e0,9bead5bd-27cc-4bce-b348-dfdfe52bbcfa,c2fa641c-c10c-46ea-a69b-e2e8fab6d2ef,expense,15000.00,,2026-06-16,2026-06-16 20:13:00+00,ef0c2451-f7a3-483f-b498-009cff598508,
8adbbe50-1212-40cf-b139-5f66f353312b,9bead5bd-27cc-4bce-b348-dfdfe52bbcfa,a95286ad-558f-456c-a43e-791b6bee7426,expense,16000.00,cafe,2025-05-31,2025-05-31 20:05:00+00,ef0c2451-f7a3-483f-b498-009cff598508,
8af783a7-71d5-4993-950d-30b6e049ae10,9bead5bd-27cc-4bce-b348-dfdfe52bbcfa,69cbbe19-e8fa-45c5-a250-77fd8aa3d98e,expense,50000.00,listrik,2025-09-20,2025-09-20 19:48:00+00,d6c2f9dc-62aa-4d66-ae36-b8dd7f048e9c,
8b0cb2a3-a95a-4ab2-9c9d-3b6f29d4a5f0,9bead5bd-27cc-4bce-b348-dfdfe52bbcfa,,transfer,24000.00,-,2025-07-22,2025-07-22 10:50:00+00,ef0c2451-f7a3-483f-b498-009cff598508,1b52f4eb-1774-4bbf-9d75-2f22061418c0
8b1254dd-4535-4393-8c65-7d2a8246e9ab,9bead5bd-27cc-4bce-b348-dfdfe52bbcfa,,transfer,8800000.00,-,2025-02-07,2025-02-07 12:03:00+00,ef0c2451-f7a3-483f-b498-009cff598508,c2b7adda-52b3-4d0f-949b-8c8f2930f6b0
8b1a0775-b60c-4bb6-ade2-d8e70223b3e7,9bead5bd-27cc-4bce-b348-dfdfe52bbcfa,ef5c334f-9678-43a1-a24d-06ddf2ae4336,income,519.00,Koreksi saldo,2025-09-15,2025-09-15 11:23:43+00,ef945642-f8b2-43e7-8f16-1dfdf9802e69,
8b4d3383-cf91-4f2d-94e0-fccb2a75c907,9bead5bd-27cc-4bce-b348-dfdfe52bbcfa,9e8d127f-fba2-437a-b77c-7f1f0074cf2a,expense,15000.00,,2026-01-20,2026-01-20 20:08:00+00,ef0c2451-f7a3-483f-b498-009cff598508,
8b51623a-9c0d-48d7-a4f6-e25ede76b8a9,9bead5bd-27cc-4bce-b348-dfdfe52bbcfa,73a6b95b-efdb-4afd-bda5-2a6aedd82af4,expense,10000.00,-,2025-01-19,2025-01-19 11:27:00+00,1b52f4eb-1774-4bbf-9d75-2f22061418c0,
8b5b9cf3-9876-45fa-b710-ef1e46a032cc,9bead5bd-27cc-4bce-b348-dfdfe52bbcfa,9e8d127f-fba2-437a-b77c-7f1f0074cf2a,expense,20000.00,-,2025-11-27,2025-11-27 18:39:00+00,ef0c2451-f7a3-483f-b498-009cff598508,
8b5bf3aa-83e7-4e73-b334-4b6f75700308,9bead5bd-27cc-4bce-b348-dfdfe52bbcfa,04bbb778-c16c-48b3-86d6-e5bceea67e4d,expense,7000.00,-,2025-08-17,2025-08-17 22:15:00+00,ef0c2451-f7a3-483f-b498-009cff598508,
8b62f263-2826-42e9-a3d3-eb083bc7731a,9bead5bd-27cc-4bce-b348-dfdfe52bbcfa,9e8d127f-fba2-437a-b77c-7f1f0074cf2a,expense,25000.00,-,2025-02-21,2025-02-21 20:23:00+00,1b52f4eb-1774-4bbf-9d75-2f22061418c0,
8b6753a7-495d-4dbd-a59a-52470a611fc3,9bead5bd-27cc-4bce-b348-dfdfe52bbcfa,9e8d127f-fba2-437a-b77c-7f1f0074cf2a,expense,22000.00,-,2025-03-15,2025-03-15 18:24:00+00,d6c2f9dc-62aa-4d66-ae36-b8dd7f048e9c,
8b777890-9a51-4d89-8e2e-4149925e98ca,9bead5bd-27cc-4bce-b348-dfdfe52bbcfa,a729f02d-cd4d-4ee1-98fb-56147ad0f773,income,4165000.00,Aslab 24,2025-03-11,2025-03-11 14:02:00+00,ef0c2451-f7a3-483f-b498-009cff598508,
8b9e2771-4d9c-44ba-a9b6-0ac2faf2ccbe,9bead5bd-27cc-4bce-b348-dfdfe52bbcfa,9e8d127f-fba2-437a-b77c-7f1f0074cf2a,expense,20000.00,,2026-02-02,2026-02-02 12:33:00+00,ef0c2451-f7a3-483f-b498-009cff598508,
8bc98287-7b23-46b9-af61-4ac68604246a,9bead5bd-27cc-4bce-b348-dfdfe52bbcfa,c2fa641c-c10c-46ea-a69b-e2e8fab6d2ef,expense,45000.00,,2026-02-06,2026-02-06 13:14:00+00,ef0c2451-f7a3-483f-b498-009cff598508,
8bcdb19c-e4e3-4ff9-bfca-aa489842841b,9bead5bd-27cc-4bce-b348-dfdfe52bbcfa,,transfer,13686.00,,2026-06-13,2026-06-13 14:12:00+00,ef945642-f8b2-43e7-8f16-1dfdf9802e69,d6c2f9dc-62aa-4d66-ae36-b8dd7f048e9c
8bd39f48-5dbd-473d-b623-488ee2a47f65,9bead5bd-27cc-4bce-b348-dfdfe52bbcfa,e66badba-dce0-4403-80cf-760a4f913399,expense,5000.00,,2026-02-01,2026-02-01 09:04:00+00,ef0c2451-f7a3-483f-b498-009cff598508,
8be6cc7c-3d55-4ad2-80cf-959c8fb1d8ef,9bead5bd-27cc-4bce-b348-dfdfe52bbcfa,c2fa641c-c10c-46ea-a69b-e2e8fab6d2ef,expense,45000.00,,2026-02-25,2026-02-25 06:23:00+00,1db96cc4-753b-4ea9-bdf5-9cf9c71fb00b,
8c1175b4-f59e-4b40-bb7e-9c6302f7240b,9bead5bd-27cc-4bce-b348-dfdfe52bbcfa,89af7f66-fcf6-4ede-85ce-97818d8ee5e5,expense,20000.00,potram,2026-03-29,2026-03-29 14:52:00+00,1b52f4eb-1774-4bbf-9d75-2f22061418c0,
8c128cdb-0542-41be-96f4-57b2240029dd,9bead5bd-27cc-4bce-b348-dfdfe52bbcfa,3dfd2937-650e-4dfa-aa82-1532855306a0,expense,18000.00,"kopi, obat",2025-08-13,2025-08-13 10:28:00+00,1b52f4eb-1774-4bbf-9d75-2f22061418c0,
8c1d9c20-2e99-4275-a210-b3785e11a09c,9bead5bd-27cc-4bce-b348-dfdfe52bbcfa,c363bb9a-e1c1-4485-a21b-d5cb69be8ac5,expense,50000.00,-,2025-04-15,2025-04-15 12:24:00+00,d6c2f9dc-62aa-4d66-ae36-b8dd7f048e9c,
8ca0fa40-c5d1-4c1b-9a66-0226f05f666c,9bead5bd-27cc-4bce-b348-dfdfe52bbcfa,c2fa641c-c10c-46ea-a69b-e2e8fab6d2ef,expense,17000.00,-,2025-03-22,2025-03-22 10:35:00+00,1db96cc4-753b-4ea9-bdf5-9cf9c71fb00b,
8ca76451-8319-46b4-9da2-d21d31b2da08,9bead5bd-27cc-4bce-b348-dfdfe52bbcfa,04bbb778-c16c-48b3-86d6-e5bceea67e4d,expense,10000.00,,2026-01-04,2026-01-04 15:47:00+00,5d613a77-a05e-464c-ae45-0d5540681ac7,
8cad8bdc-d040-43c7-843e-f6e26581333f,9bead5bd-27cc-4bce-b348-dfdfe52bbcfa,,transfer,100000.00,-,2025-11-15,2025-11-15 11:19:00+00,ef0c2451-f7a3-483f-b498-009cff598508,1b52f4eb-1774-4bbf-9d75-2f22061418c0
8cba1a7c-b321-49be-b8bd-c09b2dfec07b,9bead5bd-27cc-4bce-b348-dfdfe52bbcfa,e53b2a49-3ff8-4f1c-b16f-7e4eb7057130,expense,2000.00,,2026-03-12,2026-03-12 15:07:00+00,1b52f4eb-1774-4bbf-9d75-2f22061418c0,
8ced0663-9b28-4361-a9c0-c2fe9652e81b,9bead5bd-27cc-4bce-b348-dfdfe52bbcfa,,transfer,100000.00,-,2025-09-02,2025-09-02 18:53:00+00,ef945642-f8b2-43e7-8f16-1dfdf9802e69,d6c2f9dc-62aa-4d66-ae36-b8dd7f048e9c
8d04e24d-451f-4731-b8a8-5dbeb0a64b7a,9bead5bd-27cc-4bce-b348-dfdfe52bbcfa,ef5c334f-9678-43a1-a24d-06ddf2ae4336,income,66.00,Koreksi saldo,2026-01-27,2026-01-27 08:54:17+00,ef945642-f8b2-43e7-8f16-1dfdf9802e69,
8d28cf94-e57e-4417-807e-06719ecea747,9bead5bd-27cc-4bce-b348-dfdfe52bbcfa,9e8d127f-fba2-437a-b77c-7f1f0074cf2a,expense,20000.00,,2026-04-06,2026-04-06 17:09:00+00,ef0c2451-f7a3-483f-b498-009cff598508,
8d2cc609-18a3-4f1f-9c8d-ae5d0ce7c601,9bead5bd-27cc-4bce-b348-dfdfe52bbcfa,9e8d127f-fba2-437a-b77c-7f1f0074cf2a,expense,26000.00,-,2025-08-30,2025-08-30 20:50:00+00,ef0c2451-f7a3-483f-b498-009cff598508,
8d2f0b53-cdf9-4a7a-8cd8-92f1148273a0,9bead5bd-27cc-4bce-b348-dfdfe52bbcfa,,transfer,400000.00,,2026-07-23,2026-07-23 15:11:00+00,ef0c2451-f7a3-483f-b498-009cff598508,1b52f4eb-1774-4bbf-9d75-2f22061418c0
8d3d4a66-c6e7-43f2-a3d0-bfc3d3b216e0,9bead5bd-27cc-4bce-b348-dfdfe52bbcfa,a50b33fc-71c6-4286-a8e7-b8130e6cc2d1,expense,107500.00,bpjs,2025-12-08,2025-12-08 08:17:00+00,5d613a77-a05e-464c-ae45-0d5540681ac7,
8d3f6a71-9166-47c9-bd47-b264dc5f56f0,9bead5bd-27cc-4bce-b348-dfdfe52bbcfa,,income,64.00,Koreksi saldo,2026-01-03,2026-01-03 07:11:24+00,ef0c2451-f7a3-483f-b498-009cff598508,
8d499ebe-f8d5-471e-a91a-7e8553a6ee52,9bead5bd-27cc-4bce-b348-dfdfe52bbcfa,,transfer,35000.00,-,2025-06-16,2025-06-16 11:43:00+00,d6c2f9dc-62aa-4d66-ae36-b8dd7f048e9c,ef0c2451-f7a3-483f-b498-009cff598508
8d700834-d8d7-455d-a542-4879d90c840b,9bead5bd-27cc-4bce-b348-dfdfe52bbcfa,9e8d127f-fba2-437a-b77c-7f1f0074cf2a,expense,15000.00,-,2025-10-02,2025-10-02 19:25:00+00,1b52f4eb-1774-4bbf-9d75-2f22061418c0,
8d74cb78-c7d1-4aaa-b4d7-59c9e816e1ad,9bead5bd-27cc-4bce-b348-dfdfe52bbcfa,c363bb9a-e1c1-4485-a21b-d5cb69be8ac5,expense,50000.00,-,2025-06-04,2025-06-04 12:09:00+00,1b52f4eb-1774-4bbf-9d75-2f22061418c0,
8dac52eb-780c-4414-9afd-02bdb2c4db2a,9bead5bd-27cc-4bce-b348-dfdfe52bbcfa,,income,7291226.00,Koreksi saldo,2026-01-01,2026-01-01 00:00:00+00,5d613a77-a05e-464c-ae45-0d5540681ac7,
8dbd3596-18aa-418d-8fae-b1b0d2aa897d,9bead5bd-27cc-4bce-b348-dfdfe52bbcfa,9e8d127f-fba2-437a-b77c-7f1f0074cf2a,expense,18000.00,-,2025-12-11,2025-12-11 18:20:00+00,ef0c2451-f7a3-483f-b498-009cff598508,
8dbde213-a8ac-41f0-8d67-51eb983a9f89,9bead5bd-27cc-4bce-b348-dfdfe52bbcfa,,transfer,356520.00,,2026-07-22,2026-07-22 15:12:00+00,d1d65a47-79be-472a-8e7c-191ddef21252,ef945642-f8b2-43e7-8f16-1dfdf9802e69
8dc294d4-baca-49db-94b9-eb84df820ce2,9bead5bd-27cc-4bce-b348-dfdfe52bbcfa,3d15abb3-b62b-4772-b093-5880019049e3,expense,22000.00,-,2025-08-31,2025-08-31 14:01:00+00,1b52f4eb-1774-4bbf-9d75-2f22061418c0,
8e20f802-1fd6-4491-bce3-d379cf579393,9bead5bd-27cc-4bce-b348-dfdfe52bbcfa,ef5c334f-9678-43a1-a24d-06ddf2ae4336,expense,5000.00,-,2025-03-16,2025-03-16 17:25:00+00,ef0c2451-f7a3-483f-b498-009cff598508,
8e38f728-fa78-4d52-b6c4-4906a50e67d3,9bead5bd-27cc-4bce-b348-dfdfe52bbcfa,04d94b74-503f-4e20-b426-649acd17779d,income,100000.00,ortu,2025-06-13,2025-06-13 11:17:00+00,1b52f4eb-1774-4bbf-9d75-2f22061418c0,
8e4ebf2e-4fb1-4c2b-8671-36d571067bf4,9bead5bd-27cc-4bce-b348-dfdfe52bbcfa,9e8d127f-fba2-437a-b77c-7f1f0074cf2a,expense,10000.00,,2026-02-11,2026-02-11 08:21:00+00,1b52f4eb-1774-4bbf-9d75-2f22061418c0,
8e62ec51-1133-4f10-b5c0-c119a89e4031,9bead5bd-27cc-4bce-b348-dfdfe52bbcfa,9e8d127f-fba2-437a-b77c-7f1f0074cf2a,expense,15000.00,-,2025-12-01,2025-12-01 09:44:00+00,ef0c2451-f7a3-483f-b498-009cff598508,
8e711acb-c5cb-420f-b570-e5b278665a65,9bead5bd-27cc-4bce-b348-dfdfe52bbcfa,e53b2a49-3ff8-4f1c-b16f-7e4eb7057130,expense,2000.00,,2026-02-26,2026-02-26 17:20:00+00,1b52f4eb-1774-4bbf-9d75-2f22061418c0,
8e7219c8-9b54-4dc5-bbc6-bfcf07ebe263,9bead5bd-27cc-4bce-b348-dfdfe52bbcfa,69cbbe19-e8fa-45c5-a250-77fd8aa3d98e,expense,51400.00,-,2025-06-02,2025-06-02 17:03:00+00,d6c2f9dc-62aa-4d66-ae36-b8dd7f048e9c,
8e949ac3-c2f2-4b77-9eb6-10b52f39cc6e,9bead5bd-27cc-4bce-b348-dfdfe52bbcfa,73a6b95b-efdb-4afd-bda5-2a6aedd82af4,expense,88700.00,kemeja,2026-04-04,2026-04-04 15:13:00+00,d6c2f9dc-62aa-4d66-ae36-b8dd7f048e9c,
8e972e09-458e-4bcd-82f5-c49549c1a2ee,9bead5bd-27cc-4bce-b348-dfdfe52bbcfa,ef5c334f-9678-43a1-a24d-06ddf2ae4336,expense,5000.00,-,2025-04-18,2025-04-18 18:07:00+00,1b52f4eb-1774-4bbf-9d75-2f22061418c0,
8ea8972c-1e2f-4a92-a3d8-a4aa5c496b21,9bead5bd-27cc-4bce-b348-dfdfe52bbcfa,c363bb9a-e1c1-4485-a21b-d5cb69be8ac5,expense,25000.00,,2026-01-26,2026-01-26 11:20:00+00,ef0c2451-f7a3-483f-b498-009cff598508,
8eb07d07-32b9-4e96-adeb-4815e3b0c1b3,9bead5bd-27cc-4bce-b348-dfdfe52bbcfa,69cbbe19-e8fa-45c5-a250-77fd8aa3d98e,expense,49750.00,listrik,2025-07-07,2025-07-07 17:11:00+00,d6c2f9dc-62aa-4d66-ae36-b8dd7f048e9c,
8ebfdff0-9dd4-4cc7-8de5-5263e6a5845a,9bead5bd-27cc-4bce-b348-dfdfe52bbcfa,861e04d0-951b-45e5-bf64-e0aecaf43eb7,expense,2000.00,print,2025-03-03,2025-03-03 23:46:00+00,1b52f4eb-1774-4bbf-9d75-2f22061418c0,
8ed3b66f-a42b-4140-90c8-d846012c020c,9bead5bd-27cc-4bce-b348-dfdfe52bbcfa,,transfer,50000.00,,2026-06-12,2026-06-12 15:36:00+00,ef0c2451-f7a3-483f-b498-009cff598508,1b52f4eb-1774-4bbf-9d75-2f22061418c0
8ee83bf3-21c5-4b56-9e6f-ea00f9f98a54,9bead5bd-27cc-4bce-b348-dfdfe52bbcfa,9e8d127f-fba2-437a-b77c-7f1f0074cf2a,expense,15000.00,,2026-03-31,2026-03-31 05:38:00+00,1b52f4eb-1774-4bbf-9d75-2f22061418c0,
8eef6fce-b9cd-4257-b318-001d311b48b4,9bead5bd-27cc-4bce-b348-dfdfe52bbcfa,a729f02d-cd4d-4ee1-98fb-56147ad0f773,income,3736101.00,,2026-04-20,2026-04-20 15:38:00+00,ef0c2451-f7a3-483f-b498-009cff598508,
8ef13280-337b-4356-b17a-bf3d23a6f164,9bead5bd-27cc-4bce-b348-dfdfe52bbcfa,9e8d127f-fba2-437a-b77c-7f1f0074cf2a,expense,16500.00,,2026-06-08,2026-06-08 06:54:00+00,ef0c2451-f7a3-483f-b498-009cff598508,
8f153398-5d33-47ed-a353-1b60d27b646a,9bead5bd-27cc-4bce-b348-dfdfe52bbcfa,,transfer,14000.00,,2026-01-11,2026-01-11 19:21:00+00,ef0c2451-f7a3-483f-b498-009cff598508,1b52f4eb-1774-4bbf-9d75-2f22061418c0
8f23ee15-567f-4eda-81ab-e5acc090d033,9bead5bd-27cc-4bce-b348-dfdfe52bbcfa,9e8d127f-fba2-437a-b77c-7f1f0074cf2a,expense,14000.00,,2026-05-11,2026-05-11 07:57:00+00,ef0c2451-f7a3-483f-b498-009cff598508,
8f2b2e7c-6ce7-400e-b966-d17f8c5ff5b5,9bead5bd-27cc-4bce-b348-dfdfe52bbcfa,,transfer,10000.00,-,2025-09-19,2025-09-19 18:08:00+00,d6c2f9dc-62aa-4d66-ae36-b8dd7f048e9c,82d51ed1-5076-450e-8ae1-4bbe92cec701
8f59121b-5072-4c5e-a396-5e8e613957b8,9bead5bd-27cc-4bce-b348-dfdfe52bbcfa,9e8d127f-fba2-437a-b77c-7f1f0074cf2a,expense,18000.00,-,2025-07-22,2025-07-22 18:18:00+00,1b52f4eb-1774-4bbf-9d75-2f22061418c0,
8f8934bc-9bea-41f8-95f6-e962bf781b8f,9bead5bd-27cc-4bce-b348-dfdfe52bbcfa,69cbbe19-e8fa-45c5-a250-77fd8aa3d98e,expense,21400.00,listrik,2025-08-26,2025-08-26 20:15:00+00,d6c2f9dc-62aa-4d66-ae36-b8dd7f048e9c,
8f89c583-cc39-4e1e-bc28-1fe7972e52a2,9bead5bd-27cc-4bce-b348-dfdfe52bbcfa,c7abc874-efb2-4281-a6cb-6f241da98254,income,998.00,-,2025-01-01,2025-01-01 05:00:00+00,c2b7adda-52b3-4d0f-949b-8c8f2930f6b0,
8f8a10d8-b98d-463f-a824-f844c520a62a,9bead5bd-27cc-4bce-b348-dfdfe52bbcfa,417ffb54-8c5d-49a6-90bd-9748bb065b43,expense,8500.00,-,2025-11-25,2025-11-25 18:28:00+00,ef0c2451-f7a3-483f-b498-009cff598508,
8fd91071-ac26-45f3-8bc1-939dd9498113,9bead5bd-27cc-4bce-b348-dfdfe52bbcfa,,transfer,500000.00,,2026-01-04,2026-01-04 12:50:00+00,8d5cd0ca-c9ea-4d7b-b428-4a0dedc8d833,d1d65a47-79be-472a-8e7c-191ddef21252
8ff17b7d-8e43-4ada-8bb0-c256b5941ee9,9bead5bd-27cc-4bce-b348-dfdfe52bbcfa,3d15abb3-b62b-4772-b093-5880019049e3,expense,8000.00,,2026-03-17,2026-03-17 18:22:00+00,ef0c2451-f7a3-483f-b498-009cff598508,
901aa7c5-6655-4c4c-ad98-7f1a4b1a6eb7,9bead5bd-27cc-4bce-b348-dfdfe52bbcfa,9e8d127f-fba2-437a-b77c-7f1f0074cf2a,expense,25000.00,,2026-03-01,2026-03-01 21:04:00+00,ef0c2451-f7a3-483f-b498-009cff598508,
902701df-6aa2-4060-9c69-c5ff904afe67,9bead5bd-27cc-4bce-b348-dfdfe52bbcfa,9e8d127f-fba2-437a-b77c-7f1f0074cf2a,expense,15000.00,,2026-04-07,2026-04-07 18:46:00+00,ef0c2451-f7a3-483f-b498-009cff598508,
903cacec-dbba-412e-b177-0f9f3cc8df98,9bead5bd-27cc-4bce-b348-dfdfe52bbcfa,9e8d127f-fba2-437a-b77c-7f1f0074cf2a,expense,14000.00,-,2025-01-21,2025-01-21 21:16:00+00,1b52f4eb-1774-4bbf-9d75-2f22061418c0,
907e07ad-2e5a-4089-afb6-6641f6deb218,9bead5bd-27cc-4bce-b348-dfdfe52bbcfa,69cbbe19-e8fa-45c5-a250-77fd8aa3d98e,expense,45000.00,wifi,2025-05-22,2025-05-22 10:17:00+00,4d401094-2758-4a23-b355-6f5250d51a16,
90b9ee8b-3154-4ada-b368-a9bb4059fd27,9bead5bd-27cc-4bce-b348-dfdfe52bbcfa,a50b33fc-71c6-4286-a8e7-b8130e6cc2d1,expense,105000.00,bpjs,2026-06-05,2026-06-05 13:01:00+00,ef0c2451-f7a3-483f-b498-009cff598508,
90df9f2b-3fd4-4c75-bf9e-851fe25d15f5,9bead5bd-27cc-4bce-b348-dfdfe52bbcfa,3d15abb3-b62b-4772-b093-5880019049e3,expense,3000.00,,2026-04-08,2026-04-08 08:46:00+00,ef0c2451-f7a3-483f-b498-009cff598508,
90e66a02-d37b-4334-92df-cc3000ec4ce3,9bead5bd-27cc-4bce-b348-dfdfe52bbcfa,9e8d127f-fba2-437a-b77c-7f1f0074cf2a,expense,15000.00,,2026-05-12,2026-05-12 17:59:00+00,1b52f4eb-1774-4bbf-9d75-2f22061418c0,
91032828-a95e-4c1e-957d-f4ca47c5df55,9bead5bd-27cc-4bce-b348-dfdfe52bbcfa,,transfer,30000.00,-,2025-02-11,2025-02-11 18:21:00+00,d6c2f9dc-62aa-4d66-ae36-b8dd7f048e9c,1db96cc4-753b-4ea9-bdf5-9cf9c71fb00b
910ece3c-ea01-45e8-b86d-4a8577d8e564,9bead5bd-27cc-4bce-b348-dfdfe52bbcfa,c7abc874-efb2-4281-a6cb-6f241da98254,income,36142.00,,2026-02-28,2026-02-28 08:09:00+00,5d613a77-a05e-464c-ae45-0d5540681ac7,
91125de9-abb5-4bb7-8223-670d999d5aaa,9bead5bd-27cc-4bce-b348-dfdfe52bbcfa,,transfer,400000.00,ibu,2026-02-19,2026-02-19 11:08:00+00,5d613a77-a05e-464c-ae45-0d5540681ac7,82d51ed1-5076-450e-8ae1-4bbe92cec701
912a0318-3fbe-4887-94e1-de58bc536d1b,9bead5bd-27cc-4bce-b348-dfdfe52bbcfa,9e8d127f-fba2-437a-b77c-7f1f0074cf2a,expense,15000.00,-,2025-11-24,2025-11-24 18:58:00+00,ef0c2451-f7a3-483f-b498-009cff598508,
916ed6cf-d439-40e8-911a-83fc85fa0525,9bead5bd-27cc-4bce-b348-dfdfe52bbcfa,06c4dac0-5cd5-43ae-aeab-bd0ac041116b,expense,29543.00,,2026-08-05,2026-08-05 10:52:00+00,ef945642-f8b2-43e7-8f16-1dfdf9802e69,
916f3a7e-517f-4a07-8a9d-df48b93915d0,9bead5bd-27cc-4bce-b348-dfdfe52bbcfa,06c4dac0-5cd5-43ae-aeab-bd0ac041116b,expense,6000.00,-,2025-11-15,2025-11-15 12:55:00+00,1b52f4eb-1774-4bbf-9d75-2f22061418c0,
9174ed2e-72c4-46d7-a31c-683446314101,9bead5bd-27cc-4bce-b348-dfdfe52bbcfa,e53b2a49-3ff8-4f1c-b16f-7e4eb7057130,expense,2000.00,-,2025-11-26,2025-11-26 18:22:00+00,1b52f4eb-1774-4bbf-9d75-2f22061418c0,
918155ce-26fd-4c2b-85a5-7cdf78c61c89,9bead5bd-27cc-4bce-b348-dfdfe52bbcfa,ef5c334f-9678-43a1-a24d-06ddf2ae4336,expense,475.00,Koreksi saldo,2025-07-23,2025-07-23 20:27:16+00,d6c2f9dc-62aa-4d66-ae36-b8dd7f048e9c,
91a4ca2b-fb99-47f9-9748-0427ad2f1c59,9bead5bd-27cc-4bce-b348-dfdfe52bbcfa,,transfer,18000.00,,2026-01-11,2026-01-11 21:30:00+00,82d51ed1-5076-450e-8ae1-4bbe92cec701,ef0c2451-f7a3-483f-b498-009cff598508
91a832dc-c3a1-40b9-8441-13e858c2a25f,9bead5bd-27cc-4bce-b348-dfdfe52bbcfa,06c4dac0-5cd5-43ae-aeab-bd0ac041116b,expense,128000.00,"oli, kampas",2025-11-10,2025-11-10 18:54:00+00,ef945642-f8b2-43e7-8f16-1dfdf9802e69,
91fc86ee-621a-4b4c-a770-a51f2da463bc,9bead5bd-27cc-4bce-b348-dfdfe52bbcfa,,transfer,19000.00,-,2025-08-02,2025-08-02 21:13:00+00,82d51ed1-5076-450e-8ae1-4bbe92cec701,d6c2f9dc-62aa-4d66-ae36-b8dd7f048e9c
922d7273-f2c4-4ea5-9d01-3c8eece131b1,9bead5bd-27cc-4bce-b348-dfdfe52bbcfa,9e8d127f-fba2-437a-b77c-7f1f0074cf2a,expense,16500.00,-,2025-08-16,2025-08-16 11:50:00+00,d6c2f9dc-62aa-4d66-ae36-b8dd7f048e9c,
922e72e5-1976-4b9f-8386-75ecb6ce49ae,9bead5bd-27cc-4bce-b348-dfdfe52bbcfa,ffea2dd4-8c8d-4442-a93a-c4cee0ccee55,expense,68337.00,Jas Hujan,2026-01-23,2026-01-23 08:00:00+00,ef0c2451-f7a3-483f-b498-009cff598508,
9241b248-04fe-4653-a287-616d31b79709,9bead5bd-27cc-4bce-b348-dfdfe52bbcfa,9e8d127f-fba2-437a-b77c-7f1f0074cf2a,expense,25900.00,-,2025-04-24,2025-04-24 10:59:00+00,d6c2f9dc-62aa-4d66-ae36-b8dd7f048e9c,
924d56cf-5d54-4b06-af40-e1e48cd8b9c8,9bead5bd-27cc-4bce-b348-dfdfe52bbcfa,ef5c334f-9678-43a1-a24d-06ddf2ae4336,income,3000.00,Koreksi saldo,2025-02-11,2025-02-11 18:11:33+00,d6c2f9dc-62aa-4d66-ae36-b8dd7f048e9c,
92e37487-7aed-47ca-b781-293e727d8a4a,9bead5bd-27cc-4bce-b348-dfdfe52bbcfa,,transfer,100000.00,,2026-07-12,2026-07-12 17:04:00+00,ef0c2451-f7a3-483f-b498-009cff598508,1b52f4eb-1774-4bbf-9d75-2f22061418c0
92fa6041-e855-4f8f-83cb-80b952889437,9bead5bd-27cc-4bce-b348-dfdfe52bbcfa,9e8d127f-fba2-437a-b77c-7f1f0074cf2a,expense,28000.00,-,2025-03-07,2025-03-07 18:21:00+00,d6c2f9dc-62aa-4d66-ae36-b8dd7f048e9c,
93326340-9886-4dbf-a319-77a13819b130,9bead5bd-27cc-4bce-b348-dfdfe52bbcfa,,transfer,300000.00,-,2025-02-18,2025-02-18 14:24:00+00,1b52f4eb-1774-4bbf-9d75-2f22061418c0,ef0c2451-f7a3-483f-b498-009cff598508
934977a3-8cac-4e31-80a7-a3d4417d50a8,9bead5bd-27cc-4bce-b348-dfdfe52bbcfa,,transfer,1600000.00,-,2025-03-06,2025-03-06 10:24:00+00,d1d65a47-79be-472a-8e7c-191ddef21252,ef0c2451-f7a3-483f-b498-009cff598508
935de0f7-0534-437b-af02-7343ef5fc6d4,9bead5bd-27cc-4bce-b348-dfdfe52bbcfa,9e8d127f-fba2-437a-b77c-7f1f0074cf2a,expense,18600.00,-,2025-01-12,2025-01-12 09:42:00+00,ef0c2451-f7a3-483f-b498-009cff598508,
9364cbc4-08e7-4dab-a184-63f8fe2f3407,9bead5bd-27cc-4bce-b348-dfdfe52bbcfa,9e8d127f-fba2-437a-b77c-7f1f0074cf2a,expense,15000.00,,2026-02-27,2026-02-27 20:15:00+00,ef0c2451-f7a3-483f-b498-009cff598508,
936b6ff2-a713-460b-a693-4a735056e56c,9bead5bd-27cc-4bce-b348-dfdfe52bbcfa,ef5c334f-9678-43a1-a24d-06ddf2ae4336,expense,800.00,Koreksi saldo,2025-04-10,2025-04-10 12:00:49+00,d6c2f9dc-62aa-4d66-ae36-b8dd7f048e9c,
93a99dd4-b716-4347-a926-9c463c2e716e,9bead5bd-27cc-4bce-b348-dfdfe52bbcfa,9e8d127f-fba2-437a-b77c-7f1f0074cf2a,expense,25440.00,,2026-05-17,2026-05-17 18:21:00+00,d6c2f9dc-62aa-4d66-ae36-b8dd7f048e9c,
93c794ae-f964-479c-8ac1-8af78f5a4100,9bead5bd-27cc-4bce-b348-dfdfe52bbcfa,04bbb778-c16c-48b3-86d6-e5bceea67e4d,expense,14000.00,-,2025-08-08,2025-08-08 21:17:00+00,ef0c2451-f7a3-483f-b498-009cff598508,
93f3ccae-bc81-4e24-b6d0-65fa3f69494c,9bead5bd-27cc-4bce-b348-dfdfe52bbcfa,d6b7f46d-c8b4-4cdf-822a-80d1083c7393,expense,12000.00,,2026-02-07,2026-02-07 09:22:00+00,ef0c2451-f7a3-483f-b498-009cff598508,
94150f66-7e3e-4ea9-85cd-f4dab695679a,9bead5bd-27cc-4bce-b348-dfdfe52bbcfa,,transfer,35000.00,-,2025-11-18,2025-11-18 08:42:00+00,82d51ed1-5076-450e-8ae1-4bbe92cec701,d6c2f9dc-62aa-4d66-ae36-b8dd7f048e9c
943f00ac-cf38-4a82-ac7d-8858254196a6,9bead5bd-27cc-4bce-b348-dfdfe52bbcfa,a50b33fc-71c6-4286-a8e7-b8130e6cc2d1,expense,105000.00,,2026-04-04,2026-04-04 13:36:00+00,ef0c2451-f7a3-483f-b498-009cff598508,
94b80c07-382c-404c-a31c-c784e2d6272f,9bead5bd-27cc-4bce-b348-dfdfe52bbcfa,c2fa641c-c10c-46ea-a69b-e2e8fab6d2ef,expense,35000.00,,2026-02-17,2026-02-17 11:45:00+00,ef0c2451-f7a3-483f-b498-009cff598508,
951652ce-02b5-49df-ad2a-74049f0c3897,9bead5bd-27cc-4bce-b348-dfdfe52bbcfa,9e8d127f-fba2-437a-b77c-7f1f0074cf2a,expense,17000.00,,2026-01-13,2026-01-13 12:59:00+00,ef0c2451-f7a3-483f-b498-009cff598508,
953c3750-2135-41e3-b479-659fbe026dbb,9bead5bd-27cc-4bce-b348-dfdfe52bbcfa,9e8d127f-fba2-437a-b77c-7f1f0074cf2a,expense,14000.00,-,2025-09-23,2025-09-23 20:02:00+00,82d51ed1-5076-450e-8ae1-4bbe92cec701,
954a0fd3-174c-4ce2-9010-e5638baabf9b,9bead5bd-27cc-4bce-b348-dfdfe52bbcfa,0413cdfe-d251-4bca-bd5f-5d520d7076f6,income,89728.00,,2026-01-14,2026-01-14 11:52:00+00,ef0c2451-f7a3-483f-b498-009cff598508,
959294d9-5264-473d-a9ee-f39dd9494a75,9bead5bd-27cc-4bce-b348-dfdfe52bbcfa,06c4dac0-5cd5-43ae-aeab-bd0ac041116b,expense,6000.00,,2026-05-22,2026-05-22 12:01:00+00,1b52f4eb-1774-4bbf-9d75-2f22061418c0,
95acbc4a-92a7-4ec3-85c9-878010bc02f7,9bead5bd-27cc-4bce-b348-dfdfe52bbcfa,9e8d127f-fba2-437a-b77c-7f1f0074cf2a,expense,21000.00,-,2025-12-15,2025-12-15 09:59:00+00,ef0c2451-f7a3-483f-b498-009cff598508,
95befcd7-3563-49e8-b53c-0ca107bc20c0,9bead5bd-27cc-4bce-b348-dfdfe52bbcfa,9e8d127f-fba2-437a-b77c-7f1f0074cf2a,expense,25300.00,-,2025-10-03,2025-10-03 15:10:00+00,d6c2f9dc-62aa-4d66-ae36-b8dd7f048e9c,
95ce67d4-a96f-42d5-875a-5d9b3deea67a,9bead5bd-27cc-4bce-b348-dfdfe52bbcfa,ef5c334f-9678-43a1-a24d-06ddf2ae4336,income,45.00,Koreksi saldo,2025-05-03,2025-05-03 20:10:18+00,c2b7adda-52b3-4d0f-949b-8c8f2930f6b0,
961d40a0-9b36-4f49-b101-ef4ff745d169,9bead5bd-27cc-4bce-b348-dfdfe52bbcfa,9e8d127f-fba2-437a-b77c-7f1f0074cf2a,expense,13833.00,-,2025-08-28,2025-08-28 07:16:00+00,d6c2f9dc-62aa-4d66-ae36-b8dd7f048e9c,
962a135f-ff07-41fb-a65d-f772be9d5c77,9bead5bd-27cc-4bce-b348-dfdfe52bbcfa,9e8d127f-fba2-437a-b77c-7f1f0074cf2a,expense,13800.00,,2026-03-08,2026-03-08 22:44:00+00,d6c2f9dc-62aa-4d66-ae36-b8dd7f048e9c,
963657e6-934d-486e-9422-1dc464fc8369,9bead5bd-27cc-4bce-b348-dfdfe52bbcfa,,transfer,50000.00,-,2025-06-28,2025-06-28 12:04:00+00,1b52f4eb-1774-4bbf-9d75-2f22061418c0,ef0c2451-f7a3-483f-b498-009cff598508
963b8742-a4e9-4f8b-988c-c649297532fe,9bead5bd-27cc-4bce-b348-dfdfe52bbcfa,ef5c334f-9678-43a1-a24d-06ddf2ae4336,expense,5000.00,,2026-07-01,2026-07-01 17:41:00+00,ef0c2451-f7a3-483f-b498-009cff598508,
964e4c86-88ec-4bc6-a263-d6e496bd544f,9bead5bd-27cc-4bce-b348-dfdfe52bbcfa,e66badba-dce0-4403-80cf-760a4f913399,expense,500.00,-,2025-05-27,2025-05-27 21:54:00+00,1db96cc4-753b-4ea9-bdf5-9cf9c71fb00b,
965f50cc-f0c8-4023-8743-c564d22078e4,9bead5bd-27cc-4bce-b348-dfdfe52bbcfa,3dfd2937-650e-4dfa-aa82-1532855306a0,expense,10000.00,sunlight,2025-09-05,2025-09-05 12:53:00+00,1b52f4eb-1774-4bbf-9d75-2f22061418c0,
96b4b473-036f-498d-9a56-80fe2debf47a,9bead5bd-27cc-4bce-b348-dfdfe52bbcfa,,transfer,88000.00,,2026-08-17,2026-08-17 06:52:00+00,d6c2f9dc-62aa-4d66-ae36-b8dd7f048e9c,82d51ed1-5076-450e-8ae1-4bbe92cec701
96e4fb17-f7b9-466a-81a9-aa549f619c2e,9bead5bd-27cc-4bce-b348-dfdfe52bbcfa,9e8d127f-fba2-437a-b77c-7f1f0074cf2a,expense,50000.00,,2026-07-22,2026-07-22 15:09:00+00,1b52f4eb-1774-4bbf-9d75-2f22061418c0,
96f8c585-2a91-4b5c-9b0d-8ea31b4d58a1,9bead5bd-27cc-4bce-b348-dfdfe52bbcfa,9e8d127f-fba2-437a-b77c-7f1f0074cf2a,expense,15000.00,-,2025-08-17,2025-08-17 22:15:00+00,1b52f4eb-1774-4bbf-9d75-2f22061418c0,
97330042-63f0-4d6a-8d73-d3e967f6d1e8,9bead5bd-27cc-4bce-b348-dfdfe52bbcfa,9e8d127f-fba2-437a-b77c-7f1f0074cf2a,expense,15200.00,-,2025-09-06,2025-09-06 09:02:00+00,d6c2f9dc-62aa-4d66-ae36-b8dd7f048e9c,
97361b92-0500-46a8-879c-696c8ac9ef78,9bead5bd-27cc-4bce-b348-dfdfe52bbcfa,9e8d127f-fba2-437a-b77c-7f1f0074cf2a,expense,19500.00,-,2025-05-29,2025-05-29 07:23:00+00,d6c2f9dc-62aa-4d66-ae36-b8dd7f048e9c,
977512c4-3d03-4242-9e57-61bc3cc09497,9bead5bd-27cc-4bce-b348-dfdfe52bbcfa,9e8d127f-fba2-437a-b77c-7f1f0074cf2a,expense,15000.00,-,2025-08-20,2025-08-20 20:21:00+00,1b52f4eb-1774-4bbf-9d75-2f22061418c0,
97a39308-d662-4d6b-b99a-d8b2b7e348fb,9bead5bd-27cc-4bce-b348-dfdfe52bbcfa,,transfer,41846.00,,2026-01-03,2026-01-03 19:06:00+00,82d51ed1-5076-450e-8ae1-4bbe92cec701,ef0c2451-f7a3-483f-b498-009cff598508
97cd99ce-3f89-4185-bf4b-bfe2e50b7546,9bead5bd-27cc-4bce-b348-dfdfe52bbcfa,9e8d127f-fba2-437a-b77c-7f1f0074cf2a,expense,13975.00,-,2025-10-21,2025-10-21 08:55:00+00,d6c2f9dc-62aa-4d66-ae36-b8dd7f048e9c,
981d0820-f4af-49b2-92ae-6073cdcda4da,9bead5bd-27cc-4bce-b348-dfdfe52bbcfa,,transfer,16100.00,,2026-06-04,2026-06-04 13:00:00+00,ef0c2451-f7a3-483f-b498-009cff598508,d6c2f9dc-62aa-4d66-ae36-b8dd7f048e9c
98390f98-e721-4574-a10a-4e69312a1eaf,9bead5bd-27cc-4bce-b348-dfdfe52bbcfa,,transfer,9000.00,-,2025-12-06,2025-12-06 18:16:00+00,ef0c2451-f7a3-483f-b498-009cff598508,1b52f4eb-1774-4bbf-9d75-2f22061418c0
983fad31-4f5a-45b9-81d3-f2a808039ddd,9bead5bd-27cc-4bce-b348-dfdfe52bbcfa,9e8d127f-fba2-437a-b77c-7f1f0074cf2a,expense,20000.00,,2026-02-03,2026-02-03 18:24:00+00,ef0c2451-f7a3-483f-b498-009cff598508,
9841613f-04be-4d23-90d4-952bed68d691,9bead5bd-27cc-4bce-b348-dfdfe52bbcfa,d6b7f46d-c8b4-4cdf-822a-80d1083c7393,expense,12000.00,,2026-02-27,2026-02-27 08:12:00+00,ef0c2451-f7a3-483f-b498-009cff598508,
9844de8f-171e-4168-bbde-b21ff1024af2,9bead5bd-27cc-4bce-b348-dfdfe52bbcfa,9e8d127f-fba2-437a-b77c-7f1f0074cf2a,expense,15000.00,,2026-04-19,2026-04-19 18:18:00+00,ef0c2451-f7a3-483f-b498-009cff598508,
984a11f2-377c-4c6a-8627-dfdbcd97eac0,9bead5bd-27cc-4bce-b348-dfdfe52bbcfa,9e8d127f-fba2-437a-b77c-7f1f0074cf2a,expense,16832.00,,2026-04-20,2026-04-20 19:35:00+00,d6c2f9dc-62aa-4d66-ae36-b8dd7f048e9c,
9862819b-4932-417b-84d4-5bd85f26674c,9bead5bd-27cc-4bce-b348-dfdfe52bbcfa,,transfer,25000.00,-,2025-11-25,2025-11-25 19:01:00+00,1b52f4eb-1774-4bbf-9d75-2f22061418c0,ef0c2451-f7a3-483f-b498-009cff598508
988f81a0-cc82-48f9-a668-6cde53526e22,9bead5bd-27cc-4bce-b348-dfdfe52bbcfa,3d15abb3-b62b-4772-b093-5880019049e3,expense,21000.00,-,2025-10-19,2025-10-19 21:10:00+00,1b52f4eb-1774-4bbf-9d75-2f22061418c0,
9895ab4a-5b6d-4102-a4bc-aed866d16990,9bead5bd-27cc-4bce-b348-dfdfe52bbcfa,69cbbe19-e8fa-45c5-a250-77fd8aa3d98e,expense,50000.00,-,2025-08-04,2025-08-04 20:11:00+00,d6c2f9dc-62aa-4d66-ae36-b8dd7f048e9c,
98b6b1c5-9a85-44ae-8969-09611651e394,9bead5bd-27cc-4bce-b348-dfdfe52bbcfa,861e04d0-951b-45e5-bf64-e0aecaf43eb7,expense,61000.00,kas lab + admin 1k,2025-02-19,2025-02-19 20:26:00+00,ef0c2451-f7a3-483f-b498-009cff598508,
98b72b62-11b4-4592-b820-5297666b16ce,9bead5bd-27cc-4bce-b348-dfdfe52bbcfa,9e8d127f-fba2-437a-b77c-7f1f0074cf2a,expense,15000.00,-,2025-11-13,2025-11-13 20:26:00+00,ef0c2451-f7a3-483f-b498-009cff598508,
98fb1d25-7e3e-47f5-927f-41c0dc4bf66d,9bead5bd-27cc-4bce-b348-dfdfe52bbcfa,417ffb54-8c5d-49a6-90bd-9748bb065b43,expense,12000.00,-,2025-12-19,2025-12-19 18:14:00+00,ef0c2451-f7a3-483f-b498-009cff598508,
99340f7d-4a8f-411a-863b-1267da4c4e44,9bead5bd-27cc-4bce-b348-dfdfe52bbcfa,e66badba-dce0-4403-80cf-760a4f913399,expense,1000.00,-,2025-04-14,2025-04-14 20:35:00+00,d6c2f9dc-62aa-4d66-ae36-b8dd7f048e9c,
995fba87-4a18-43ae-a639-8aaaa73f91a7,9bead5bd-27cc-4bce-b348-dfdfe52bbcfa,e66badba-dce0-4403-80cf-760a4f913399,expense,5000.00,,2026-04-01,2026-04-01 05:38:00+00,ef0c2451-f7a3-483f-b498-009cff598508,
997d2eb2-9826-44fb-b874-e26ddfe50438,9bead5bd-27cc-4bce-b348-dfdfe52bbcfa,9e8d127f-fba2-437a-b77c-7f1f0074cf2a,expense,16100.00,,2026-01-24,2026-01-24 20:27:00+00,d6c2f9dc-62aa-4d66-ae36-b8dd7f048e9c,
998a162d-33cf-4037-98ec-818e4a2f63d9,9bead5bd-27cc-4bce-b348-dfdfe52bbcfa,04bbb778-c16c-48b3-86d6-e5bceea67e4d,expense,8000.00,-,2025-12-06,2025-12-06 18:16:00+00,ef0c2451-f7a3-483f-b498-009cff598508,
998a9d8f-14f2-4d3f-bc8c-1077caf0f859,9bead5bd-27cc-4bce-b348-dfdfe52bbcfa,9e8d127f-fba2-437a-b77c-7f1f0074cf2a,expense,14600.00,-,2025-09-03,2025-09-03 07:51:00+00,d6c2f9dc-62aa-4d66-ae36-b8dd7f048e9c,
999906ad-f728-4f82-ba7d-42e2026af576,9bead5bd-27cc-4bce-b348-dfdfe52bbcfa,9e8d127f-fba2-437a-b77c-7f1f0074cf2a,expense,12000.00,-,2025-11-10,2025-11-10 18:40:00+00,1b52f4eb-1774-4bbf-9d75-2f22061418c0,
99af5537-0e3a-40c5-8839-eedef1f73e20,9bead5bd-27cc-4bce-b348-dfdfe52bbcfa,,transfer,100000.00,-,2025-04-23,2025-04-23 07:34:00+00,1b52f4eb-1774-4bbf-9d75-2f22061418c0,ef0c2451-f7a3-483f-b498-009cff598508
99c1a828-8446-47e5-8346-93180a4684f7,9bead5bd-27cc-4bce-b348-dfdfe52bbcfa,,transfer,200000.00,-,2025-06-25,2025-06-25 14:08:00+00,ef0c2451-f7a3-483f-b498-009cff598508,1b52f4eb-1774-4bbf-9d75-2f22061418c0
99c574fd-ada6-4758-8f18-1c0d3093fe5a,9bead5bd-27cc-4bce-b348-dfdfe52bbcfa,,transfer,200000.00,-,2025-04-08,2025-04-08 15:57:00+00,ef0c2451-f7a3-483f-b498-009cff598508,d6c2f9dc-62aa-4d66-ae36-b8dd7f048e9c
9a004ad0-037c-417b-8167-81c6b5f0428c,9bead5bd-27cc-4bce-b348-dfdfe52bbcfa,c363bb9a-e1c1-4485-a21b-d5cb69be8ac5,expense,50000.00,-,2025-08-23,2025-08-23 19:54:00+00,1b52f4eb-1774-4bbf-9d75-2f22061418c0,
9a00c55e-e346-4f10-838d-7d13aefdff47,9bead5bd-27cc-4bce-b348-dfdfe52bbcfa,c363bb9a-e1c1-4485-a21b-d5cb69be8ac5,expense,100000.00,-,2025-02-05,2025-02-05 19:19:00+00,1b52f4eb-1774-4bbf-9d75-2f22061418c0,
9a11613a-92f3-461b-971b-ae25d0b25406,9bead5bd-27cc-4bce-b348-dfdfe52bbcfa,9e8d127f-fba2-437a-b77c-7f1f0074cf2a,expense,500.00,,2026-01-16,2026-01-16 09:42:00+00,d6c2f9dc-62aa-4d66-ae36-b8dd7f048e9c,
9a365b80-552b-4b0c-9177-4d54db52f360,9bead5bd-27cc-4bce-b348-dfdfe52bbcfa,c363bb9a-e1c1-4485-a21b-d5cb69be8ac5,expense,20000.00,,2026-04-03,2026-04-03 16:39:00+00,1b52f4eb-1774-4bbf-9d75-2f22061418c0,
9a43ab65-0141-4c95-9110-a12dc0110f60,9bead5bd-27cc-4bce-b348-dfdfe52bbcfa,3dfd2937-650e-4dfa-aa82-1532855306a0,expense,14000.00,coffee,2025-06-19,2025-06-19 12:16:00+00,1b52f4eb-1774-4bbf-9d75-2f22061418c0,
9a52600a-0f5b-461d-9f50-2e8df7e4d057,9bead5bd-27cc-4bce-b348-dfdfe52bbcfa,9e8d127f-fba2-437a-b77c-7f1f0074cf2a,expense,19000.00,-,2025-09-27,2025-09-27 18:11:00+00,1b52f4eb-1774-4bbf-9d75-2f22061418c0,
9a52e296-7b4d-41c9-90fe-96b6b26ad4ae,9bead5bd-27cc-4bce-b348-dfdfe52bbcfa,,transfer,150000.00,-,2025-06-10,2025-06-10 15:58:00+00,ef0c2451-f7a3-483f-b498-009cff598508,1b52f4eb-1774-4bbf-9d75-2f22061418c0
9a5e634c-a30e-4f76-81eb-594d2efb5ec3,9bead5bd-27cc-4bce-b348-dfdfe52bbcfa,ef5c334f-9678-43a1-a24d-06ddf2ae4336,expense,5000.00,,2026-05-25,2026-05-25 11:10:00+00,d6c2f9dc-62aa-4d66-ae36-b8dd7f048e9c,
9aa25d0f-6f06-42a1-90df-d5b7eba9d6d7,9bead5bd-27cc-4bce-b348-dfdfe52bbcfa,e53b2a49-3ff8-4f1c-b16f-7e4eb7057130,expense,2000.00,-,2025-12-06,2025-12-06 18:16:00+00,1b52f4eb-1774-4bbf-9d75-2f22061418c0,
9aa604f2-c96b-4f5b-83ff-cab3b6a1af58,9bead5bd-27cc-4bce-b348-dfdfe52bbcfa,9e8d127f-fba2-437a-b77c-7f1f0074cf2a,expense,25000.00,-,2025-12-25,2025-12-25 09:09:00+00,1b52f4eb-1774-4bbf-9d75-2f22061418c0,
9ae1b547-52fa-4a7b-a6a1-b2fb343168b2,9bead5bd-27cc-4bce-b348-dfdfe52bbcfa,9e8d127f-fba2-437a-b77c-7f1f0074cf2a,expense,22000.00,,2026-01-18,2026-01-18 19:22:00+00,d6c2f9dc-62aa-4d66-ae36-b8dd7f048e9c,
9ae87182-2c36-4fde-a7e8-b95b9d42bb7b,9bead5bd-27cc-4bce-b348-dfdfe52bbcfa,,transfer,200000.00,,2026-04-03,2026-04-03 21:39:00+00,ef0c2451-f7a3-483f-b498-009cff598508,d6c2f9dc-62aa-4d66-ae36-b8dd7f048e9c
9af692a7-7ec8-4e4b-88fa-0dbd44449017,9bead5bd-27cc-4bce-b348-dfdfe52bbcfa,e53b2a49-3ff8-4f1c-b16f-7e4eb7057130,expense,2000.00,-,2025-10-22,2025-10-22 11:13:00+00,1b52f4eb-1774-4bbf-9d75-2f22061418c0,
9b329289-e558-4993-8e31-0a382757ee6b,9bead5bd-27cc-4bce-b348-dfdfe52bbcfa,04bbb778-c16c-48b3-86d6-e5bceea67e4d,expense,16500.00,,2026-06-20,2026-06-20 20:05:00+00,ef0c2451-f7a3-483f-b498-009cff598508,
9b602826-e8b5-4f07-b883-097c52360f46,9bead5bd-27cc-4bce-b348-dfdfe52bbcfa,ef5c334f-9678-43a1-a24d-06ddf2ae4336,income,895.00,Koreksi saldo,2025-07-31,2025-07-31 11:44:38+00,ef0c2451-f7a3-483f-b498-009cff598508,
9b6c86a7-0600-46df-816f-62f1e231e3ad,9bead5bd-27cc-4bce-b348-dfdfe52bbcfa,c2fa641c-c10c-46ea-a69b-e2e8fab6d2ef,expense,17000.00,-,2025-04-22,2025-04-22 11:01:00+00,1db96cc4-753b-4ea9-bdf5-9cf9c71fb00b,
9b85151b-665c-4d10-9b61-ac718eee81f2,9bead5bd-27cc-4bce-b348-dfdfe52bbcfa,9e8d127f-fba2-437a-b77c-7f1f0074cf2a,expense,12000.00,-,2025-07-27,2025-07-27 17:19:00+00,82d51ed1-5076-450e-8ae1-4bbe92cec701,
9ba0056d-bf09-4c22-bc66-c05bc9936f80,9bead5bd-27cc-4bce-b348-dfdfe52bbcfa,02325eed-8771-412b-a5f8-7bae7e2499d5,expense,6500.00,,2026-08-25,2026-08-25 06:28:00+00,d6c2f9dc-62aa-4d66-ae36-b8dd7f048e9c,
9ba5e915-db3c-4968-b4d3-441a8d58de99,9bead5bd-27cc-4bce-b348-dfdfe52bbcfa,0413cdfe-d251-4bca-bd5f-5d520d7076f6,income,168450.00,,2026-02-05,2026-02-05 13:21:00+00,ef945642-f8b2-43e7-8f16-1dfdf9802e69,
9bbbe613-967d-4f30-ac97-ea04f11e4003,9bead5bd-27cc-4bce-b348-dfdfe52bbcfa,a95286ad-558f-456c-a43e-791b6bee7426,expense,23900.00,netflix,2025-12-27,2025-12-27 09:41:00+00,d6c2f9dc-62aa-4d66-ae36-b8dd7f048e9c,
9bbe69ea-3ddc-47a0-9873-f5e36a54dbf9,9bead5bd-27cc-4bce-b348-dfdfe52bbcfa,04bbb778-c16c-48b3-86d6-e5bceea67e4d,expense,24300.00,,2026-06-17,2026-06-17 18:25:00+00,ef0c2451-f7a3-483f-b498-009cff598508,
9c4366f0-f25d-4a08-9c8a-65205deb4743,9bead5bd-27cc-4bce-b348-dfdfe52bbcfa,,transfer,15000.00,-,2025-11-25,2025-11-25 20:18:00+00,1b52f4eb-1774-4bbf-9d75-2f22061418c0,ef0c2451-f7a3-483f-b498-009cff598508
9c76091b-1057-4f0e-96a1-48160f467b36,9bead5bd-27cc-4bce-b348-dfdfe52bbcfa,06c4dac0-5cd5-43ae-aeab-bd0ac041116b,expense,360000.00,servis 50.000km,2025-04-18,2025-04-18 06:59:00+00,1b52f4eb-1774-4bbf-9d75-2f22061418c0,
9c907b00-1b5e-4ee1-9d98-23ad86d303ab,9bead5bd-27cc-4bce-b348-dfdfe52bbcfa,9e8d127f-fba2-437a-b77c-7f1f0074cf2a,expense,15000.00,-,2025-02-01,2025-02-01 15:40:00+00,1b52f4eb-1774-4bbf-9d75-2f22061418c0,
9cc7df7a-3be9-4351-a4e3-dbdfce03862f,9bead5bd-27cc-4bce-b348-dfdfe52bbcfa,9e8d127f-fba2-437a-b77c-7f1f0074cf2a,expense,126300.00,,2026-07-14,2026-07-14 18:38:00+00,ef0c2451-f7a3-483f-b498-009cff598508,
9cfb1b72-153f-4b28-8b71-05bf1e2afc3e,9bead5bd-27cc-4bce-b348-dfdfe52bbcfa,,transfer,25000.00,,2026-08-17,2026-08-17 10:16:00+00,ef945642-f8b2-43e7-8f16-1dfdf9802e69,1b52f4eb-1774-4bbf-9d75-2f22061418c0
9d1efc3b-f48e-4efc-8711-8c2f2faab115,9bead5bd-27cc-4bce-b348-dfdfe52bbcfa,ef5c334f-9678-43a1-a24d-06ddf2ae4336,expense,5000.00,-,2025-07-18,2025-07-18 19:36:00+00,1b52f4eb-1774-4bbf-9d75-2f22061418c0,
9d5c8657-e69b-4232-9988-fec291313970,9bead5bd-27cc-4bce-b348-dfdfe52bbcfa,9e8d127f-fba2-437a-b77c-7f1f0074cf2a,expense,7900.00,-,2025-10-30,2025-10-30 13:00:00+00,ef0c2451-f7a3-483f-b498-009cff598508,
9d6a4322-0246-47e6-a010-c4955ae6a301,9bead5bd-27cc-4bce-b348-dfdfe52bbcfa,b5bba5ea-ce7d-4145-a45f-7c433a3ec442,expense,5000.00,print,2025-10-23,2025-10-23 14:56:00+00,ef0c2451-f7a3-483f-b498-009cff598508,
9d6fd28c-ace9-4a8d-bd7e-5effbb91a061,9bead5bd-27cc-4bce-b348-dfdfe52bbcfa,,transfer,100000.00,-,2025-11-22,2025-11-22 22:44:00+00,1b52f4eb-1774-4bbf-9d75-2f22061418c0,82d51ed1-5076-450e-8ae1-4bbe92cec701
9d7b7d03-6617-4a3b-a408-96b2298dbe6b,9bead5bd-27cc-4bce-b348-dfdfe52bbcfa,04bbb778-c16c-48b3-86d6-e5bceea67e4d,expense,8000.00,-,2025-12-21,2025-12-21 14:57:00+00,ef0c2451-f7a3-483f-b498-009cff598508,
9d7fc6d4-c210-42d1-ad81-c2aee435c9e2,9bead5bd-27cc-4bce-b348-dfdfe52bbcfa,89af7f66-fcf6-4ede-85ce-97818d8ee5e5,expense,37350.00,sunscreen,2026-02-07,2026-02-07 11:21:00+00,ef0c2451-f7a3-483f-b498-009cff598508,
9d8b306c-13fb-4f95-8e05-35cefa7b3735,9bead5bd-27cc-4bce-b348-dfdfe52bbcfa,,transfer,850000.00,-,2025-10-25,2025-10-25 14:45:00+00,ef0c2451-f7a3-483f-b498-009cff598508,ef945642-f8b2-43e7-8f16-1dfdf9802e69
9de2a543-b0a0-4a2e-8b77-7a0b78a2b885,9bead5bd-27cc-4bce-b348-dfdfe52bbcfa,,transfer,100000.00,,2026-08-16,2026-08-16 10:19:00+00,ef945642-f8b2-43e7-8f16-1dfdf9802e69,d6c2f9dc-62aa-4d66-ae36-b8dd7f048e9c
9dedd941-b902-4503-9209-ff5a820d80c1,9bead5bd-27cc-4bce-b348-dfdfe52bbcfa,9e8d127f-fba2-437a-b77c-7f1f0074cf2a,expense,5000.00,,2026-07-01,2026-07-01 17:41:00+00,ef0c2451-f7a3-483f-b498-009cff598508,
9df9ff6f-07d2-4d60-be55-8f5126f02c4c,9bead5bd-27cc-4bce-b348-dfdfe52bbcfa,c363bb9a-e1c1-4485-a21b-d5cb69be8ac5,expense,20000.00,,2026-01-16,2026-01-16 12:06:00+00,1b52f4eb-1774-4bbf-9d75-2f22061418c0,
9e36296b-7f7b-4db6-87fa-e32452524827,9bead5bd-27cc-4bce-b348-dfdfe52bbcfa,,transfer,153500.00,-,2025-09-10,2025-09-10 14:22:00+00,ef945642-f8b2-43e7-8f16-1dfdf9802e69,1b52f4eb-1774-4bbf-9d75-2f22061418c0
9e3b4bef-0875-49f3-a9dd-5d097a7ced7f,9bead5bd-27cc-4bce-b348-dfdfe52bbcfa,9e8d127f-fba2-437a-b77c-7f1f0074cf2a,expense,20000.00,,2026-01-19,2026-01-19 12:30:00+00,ef0c2451-f7a3-483f-b498-009cff598508,
9e64a33e-293d-47d9-8caa-5592dc907b23,9bead5bd-27cc-4bce-b348-dfdfe52bbcfa,9e8d127f-fba2-437a-b77c-7f1f0074cf2a,expense,15000.00,,2026-04-04,2026-04-04 18:03:00+00,ef0c2451-f7a3-483f-b498-009cff598508,
9e9f0adf-e6bb-4e36-b2d1-c4685fcec49d,9bead5bd-27cc-4bce-b348-dfdfe52bbcfa,c2fa641c-c10c-46ea-a69b-e2e8fab6d2ef,expense,17000.00,-,2025-09-09,2025-09-09 22:20:00+00,1db96cc4-753b-4ea9-bdf5-9cf9c71fb00b,
9e9fe86c-e912-4359-af1b-0413106d491c,9bead5bd-27cc-4bce-b348-dfdfe52bbcfa,9e8d127f-fba2-437a-b77c-7f1f0074cf2a,expense,18100.00,,2026-01-31,2026-01-31 09:04:00+00,d6c2f9dc-62aa-4d66-ae36-b8dd7f048e9c,
9ec26e29-9504-44e6-81e7-44fa43c5ef1c,9bead5bd-27cc-4bce-b348-dfdfe52bbcfa,c2fa641c-c10c-46ea-a69b-e2e8fab6d2ef,expense,35000.00,-,2025-11-09,2025-11-09 07:34:00+00,1db96cc4-753b-4ea9-bdf5-9cf9c71fb00b,
9eca69a6-867d-4b54-8133-958e5cdd6182,9bead5bd-27cc-4bce-b348-dfdfe52bbcfa,,transfer,14000.00,-,2025-08-09,2025-08-09 11:18:00+00,ef0c2451-f7a3-483f-b498-009cff598508,82d51ed1-5076-450e-8ae1-4bbe92cec701
9ed374ac-75a1-4539-8b51-869f047ffefb,9bead5bd-27cc-4bce-b348-dfdfe52bbcfa,c2fa641c-c10c-46ea-a69b-e2e8fab6d2ef,expense,35000.00,-,2025-12-24,2025-12-24 10:36:00+00,ef0c2451-f7a3-483f-b498-009cff598508,
9ee3592a-61f3-4953-bcc9-160bcea54bfc,9bead5bd-27cc-4bce-b348-dfdfe52bbcfa,,transfer,196878.00,,2026-07-21,2026-07-21 09:49:00+00,d1d65a47-79be-472a-8e7c-191ddef21252,ef945642-f8b2-43e7-8f16-1dfdf9802e69
9f041e04-dd16-45f5-9d29-59b5db8cf65f,9bead5bd-27cc-4bce-b348-dfdfe52bbcfa,9e8d127f-fba2-437a-b77c-7f1f0074cf2a,expense,13900.00,,2026-01-23,2026-01-23 08:44:00+00,ef0c2451-f7a3-483f-b498-009cff598508,
9f1ef962-ee29-4769-8943-324e9d462333,9bead5bd-27cc-4bce-b348-dfdfe52bbcfa,,transfer,741000.00,-,2025-01-19,2025-01-19 15:07:00+00,1db96cc4-753b-4ea9-bdf5-9cf9c71fb00b,ef0c2451-f7a3-483f-b498-009cff598508
9f4d0c79-4f18-4a55-9838-92d9ef8b6824,9bead5bd-27cc-4bce-b348-dfdfe52bbcfa,,transfer,431000.00,-,2025-03-04,2025-03-04 06:55:00+00,1db96cc4-753b-4ea9-bdf5-9cf9c71fb00b,ef0c2451-f7a3-483f-b498-009cff598508
9f4ffd5e-f6ea-46ce-9c3d-e6a657af4629,9bead5bd-27cc-4bce-b348-dfdfe52bbcfa,c2fa641c-c10c-46ea-a69b-e2e8fab6d2ef,expense,15000.00,,2026-06-14,2026-06-14 07:04:00+00,ef0c2451-f7a3-483f-b498-009cff598508,
9f69c394-cec9-491e-88f6-59c32144dfd2,9bead5bd-27cc-4bce-b348-dfdfe52bbcfa,e53b2a49-3ff8-4f1c-b16f-7e4eb7057130,expense,2000.00,,2026-01-20,2026-01-20 20:08:00+00,ef0c2451-f7a3-483f-b498-009cff598508,
9fa1e8f2-be70-4978-a2ea-84bb8640c3ba,9bead5bd-27cc-4bce-b348-dfdfe52bbcfa,,transfer,850000.00,,2026-03-02,2026-03-02 20:24:00+00,ef945642-f8b2-43e7-8f16-1dfdf9802e69,5d613a77-a05e-464c-ae45-0d5540681ac7
9fbb3d15-eeeb-4ac1-b414-eb237b4fdcbd,9bead5bd-27cc-4bce-b348-dfdfe52bbcfa,9e8d127f-fba2-437a-b77c-7f1f0074cf2a,expense,10250.00,,2026-03-28,2026-03-28 10:27:00+00,d6c2f9dc-62aa-4d66-ae36-b8dd7f048e9c,
9fd981a1-767e-4927-8a22-10e704697b59,9bead5bd-27cc-4bce-b348-dfdfe52bbcfa,9e8d127f-fba2-437a-b77c-7f1f0074cf2a,expense,21800.00,-,2025-10-24,2025-10-24 07:06:00+00,ef0c2451-f7a3-483f-b498-009cff598508,
9fe27f0f-18d2-4ac4-a24c-17e5704e09cc,9bead5bd-27cc-4bce-b348-dfdfe52bbcfa,9e8d127f-fba2-437a-b77c-7f1f0074cf2a,expense,15000.00,-,2025-02-07,2025-02-07 19:42:00+00,1b52f4eb-1774-4bbf-9d75-2f22061418c0,
a01d0beb-5f2d-4f14-96ce-51928756517c,9bead5bd-27cc-4bce-b348-dfdfe52bbcfa,9e8d127f-fba2-437a-b77c-7f1f0074cf2a,expense,20000.00,,2026-05-06,2026-05-06 18:58:00+00,ef0c2451-f7a3-483f-b498-009cff598508,
a034f259-c690-4b5b-a6ee-47a795c8c88c,9bead5bd-27cc-4bce-b348-dfdfe52bbcfa,,income,917254.00,Penyesuaian Saldo Awal - BNI,2025-01-01,2025-01-01 00:00:00+00,ef0c2451-f7a3-483f-b498-009cff598508,
a0400eb9-8e6b-45bd-8d94-593e8d5cb93b,9bead5bd-27cc-4bce-b348-dfdfe52bbcfa,e53b2a49-3ff8-4f1c-b16f-7e4eb7057130,expense,2000.00,-,2025-11-02,2025-11-02 21:46:00+00,1b52f4eb-1774-4bbf-9d75-2f22061418c0,
a057886a-59d6-4ea1-ae68-116225694293,9bead5bd-27cc-4bce-b348-dfdfe52bbcfa,,transfer,5000.00,,2026-04-27,2026-04-27 19:32:00+00,1b52f4eb-1774-4bbf-9d75-2f22061418c0,ef0c2451-f7a3-483f-b498-009cff598508
a05bed75-bf6a-4db9-b421-f1a619cdeca4,9bead5bd-27cc-4bce-b348-dfdfe52bbcfa,a95286ad-558f-456c-a43e-791b6bee7426,expense,15000.00,-,2025-05-30,2025-05-30 16:06:00+00,ef0c2451-f7a3-483f-b498-009cff598508,
a05df4e0-cb6e-4184-af87-a2ebf7bdd613,9bead5bd-27cc-4bce-b348-dfdfe52bbcfa,c2fa641c-c10c-46ea-a69b-e2e8fab6d2ef,expense,15000.00,-,2025-05-18,2025-05-18 19:29:00+00,ef0c2451-f7a3-483f-b498-009cff598508,
a06f446c-8758-43c2-91e7-98a9591acb10,9bead5bd-27cc-4bce-b348-dfdfe52bbcfa,0413cdfe-d251-4bca-bd5f-5d520d7076f6,income,114724.00,,2026-03-19,2026-03-19 12:40:00+00,ef945642-f8b2-43e7-8f16-1dfdf9802e69,
a07f37cd-7d53-4b1d-bb50-efc9657cf311,9bead5bd-27cc-4bce-b348-dfdfe52bbcfa,,transfer,250000.00,-,2025-12-21,2025-12-21 10:55:00+00,5d613a77-a05e-464c-ae45-0d5540681ac7,ef0c2451-f7a3-483f-b498-009cff598508
a0d16f04-2119-41d6-b781-366a4e30088c,9bead5bd-27cc-4bce-b348-dfdfe52bbcfa,9e8d127f-fba2-437a-b77c-7f1f0074cf2a,expense,34000.00,-,2025-04-08,2025-04-08 17:42:00+00,d6c2f9dc-62aa-4d66-ae36-b8dd7f048e9c,
a1024cad-9be5-4eaa-afdd-b457da798dfc,9bead5bd-27cc-4bce-b348-dfdfe52bbcfa,4cc387d6-39b2-4734-9cf8-c0f2c3e66205,income,200000.00,ibun - aki,2025-08-22,2025-08-22 19:00:00+00,ef0c2451-f7a3-483f-b498-009cff598508,
a131f983-e40d-4cd1-9059-f36c59523aff,9bead5bd-27cc-4bce-b348-dfdfe52bbcfa,9eb96490-908d-4d01-bf88-5590e81f2e65,income,75000.00,joki,2025-01-13,2025-01-13 08:07:00+00,1db96cc4-753b-4ea9-bdf5-9cf9c71fb00b,
a137c299-13e6-41b8-b5bb-76a98c354fd4,9bead5bd-27cc-4bce-b348-dfdfe52bbcfa,,transfer,26900.00,,2026-04-15,2026-04-15 18:00:00+00,ef0c2451-f7a3-483f-b498-009cff598508,82d51ed1-5076-450e-8ae1-4bbe92cec701
a13dedfc-c570-4c90-b9c7-153ebe3f7eda,9bead5bd-27cc-4bce-b348-dfdfe52bbcfa,,transfer,6000.00,-,2025-11-16,2025-11-16 21:38:00+00,ef0c2451-f7a3-483f-b498-009cff598508,d6c2f9dc-62aa-4d66-ae36-b8dd7f048e9c
a1788d38-4ae7-429f-b169-a5d1b7515e98,9bead5bd-27cc-4bce-b348-dfdfe52bbcfa,ef5c334f-9678-43a1-a24d-06ddf2ae4336,expense,8000.00,-,2025-09-15,2025-09-15 11:21:00+00,1b52f4eb-1774-4bbf-9d75-2f22061418c0,
a19f7840-eb21-4445-98ca-773944976865,9bead5bd-27cc-4bce-b348-dfdfe52bbcfa,04bbb778-c16c-48b3-86d6-e5bceea67e4d,expense,15000.00,,2026-05-08,2026-05-08 12:41:00+00,ef0c2451-f7a3-483f-b498-009cff598508,
a1a58004-145e-4427-bfc5-c55fd08f5d2f,9bead5bd-27cc-4bce-b348-dfdfe52bbcfa,9e8d127f-fba2-437a-b77c-7f1f0074cf2a,expense,15000.00,-,2025-11-17,2025-11-17 21:35:00+00,ef945642-f8b2-43e7-8f16-1dfdf9802e69,
a219bb0f-eaac-40ac-9aef-8897e9ee13f8,9bead5bd-27cc-4bce-b348-dfdfe52bbcfa,,expense,2639000.00,Penyesuaian Saldo Awal - Superbank,2025-01-01,2025-01-01 00:00:00+00,8d5cd0ca-c9ea-4d7b-b428-4a0dedc8d833,
a21bccb3-b277-423c-a387-3ce336bf4d9d,9bead5bd-27cc-4bce-b348-dfdfe52bbcfa,,transfer,15000.00,,2026-01-20,2026-01-20 20:08:00+00,ef0c2451-f7a3-483f-b498-009cff598508,1b52f4eb-1774-4bbf-9d75-2f22061418c0
a24ca3f9-cec3-4338-8da5-385a51011c0c,9bead5bd-27cc-4bce-b348-dfdfe52bbcfa,9e8d127f-fba2-437a-b77c-7f1f0074cf2a,expense,15000.00,,2026-05-01,2026-05-01 18:24:00+00,ef0c2451-f7a3-483f-b498-009cff598508,
a281129c-4e77-4f87-b489-5c9377547bcd,9bead5bd-27cc-4bce-b348-dfdfe52bbcfa,9e8d127f-fba2-437a-b77c-7f1f0074cf2a,expense,19000.00,,2026-01-01,2026-01-01 17:30:00+00,ef0c2451-f7a3-483f-b498-009cff598508,
a2a5f5ae-68a1-4d10-a3f1-0b6b60417900,9bead5bd-27cc-4bce-b348-dfdfe52bbcfa,4cc387d6-39b2-4734-9cf8-c0f2c3e66205,income,1500000.00,-,2025-06-09,2025-06-09 15:59:00+00,ef0c2451-f7a3-483f-b498-009cff598508,
a2aa5c2c-55b1-4487-aa6d-6e43ff3b4e5d,9bead5bd-27cc-4bce-b348-dfdfe52bbcfa,ef5c334f-9678-43a1-a24d-06ddf2ae4336,expense,1000.00,-,2025-04-14,2025-04-14 15:42:00+00,1b52f4eb-1774-4bbf-9d75-2f22061418c0,
a2bf9a16-e158-4f25-b359-0798a3528785,9bead5bd-27cc-4bce-b348-dfdfe52bbcfa,,transfer,13000.00,,2026-01-14,2026-01-14 18:16:00+00,1b52f4eb-1774-4bbf-9d75-2f22061418c0,ef0c2451-f7a3-483f-b498-009cff598508
a2d4fdd8-2991-4298-aa04-6fed6c22850a,9bead5bd-27cc-4bce-b348-dfdfe52bbcfa,04bbb778-c16c-48b3-86d6-e5bceea67e4d,expense,23000.00,,2026-02-01,2026-02-01 23:04:00+00,ef0c2451-f7a3-483f-b498-009cff598508,
a2e66003-9b24-478b-a614-d33289436a01,9bead5bd-27cc-4bce-b348-dfdfe52bbcfa,c2fa641c-c10c-46ea-a69b-e2e8fab6d2ef,expense,17000.00,-,2025-04-16,2025-04-16 12:12:00+00,1db96cc4-753b-4ea9-bdf5-9cf9c71fb00b,
a2ebfd0f-3ccc-4040-a4b8-2380819a918e,9bead5bd-27cc-4bce-b348-dfdfe52bbcfa,9e8d127f-fba2-437a-b77c-7f1f0074cf2a,expense,22000.00,,2026-07-07,2026-07-07 13:22:00+00,8d5cd0ca-c9ea-4d7b-b428-4a0dedc8d833,
a3120f5e-a674-49d6-997f-0c84edbff5d3,9bead5bd-27cc-4bce-b348-dfdfe52bbcfa,417ffb54-8c5d-49a6-90bd-9748bb065b43,expense,28600.00,,2026-07-01,2026-07-01 17:42:00+00,ef0c2451-f7a3-483f-b498-009cff598508,
a314d88b-81b6-4261-8d67-7c8e4e2efd20,9bead5bd-27cc-4bce-b348-dfdfe52bbcfa,9e8d127f-fba2-437a-b77c-7f1f0074cf2a,expense,26500.00,-,2025-08-09,2025-08-09 11:19:00+00,d6c2f9dc-62aa-4d66-ae36-b8dd7f048e9c,
a33cf792-cf54-445b-aa4f-204622299fd6,9bead5bd-27cc-4bce-b348-dfdfe52bbcfa,9e8d127f-fba2-437a-b77c-7f1f0074cf2a,expense,14800.00,-,2025-04-12,2025-04-12 08:51:00+00,d6c2f9dc-62aa-4d66-ae36-b8dd7f048e9c,
a3598019-b80a-47ad-a170-fc8feca8f58b,9bead5bd-27cc-4bce-b348-dfdfe52bbcfa,04bbb778-c16c-48b3-86d6-e5bceea67e4d,expense,15000.00,,2026-07-11,2026-07-11 17:04:00+00,1b52f4eb-1774-4bbf-9d75-2f22061418c0,
a359966b-b8db-48a3-a8c7-415c14462453,9bead5bd-27cc-4bce-b348-dfdfe52bbcfa,c2fa641c-c10c-46ea-a69b-e2e8fab6d2ef,expense,35000.00,,2026-01-02,2026-01-02 09:00:00+00,ef0c2451-f7a3-483f-b498-009cff598508,
a3618942-9a90-48f4-8fe6-201b0aeb19e9,9bead5bd-27cc-4bce-b348-dfdfe52bbcfa,a95286ad-558f-456c-a43e-791b6bee7426,expense,15000.00,-,2025-05-10,2025-05-10 20:43:00+00,1db96cc4-753b-4ea9-bdf5-9cf9c71fb00b,
a389ed21-c3db-485f-8727-7d1513021567,9bead5bd-27cc-4bce-b348-dfdfe52bbcfa,,transfer,750000.00,,2026-06-06,2026-06-06 13:02:00+00,ef945642-f8b2-43e7-8f16-1dfdf9802e69,82d51ed1-5076-450e-8ae1-4bbe92cec701
a39b4fae-e0b2-47e1-b123-4e4b738fdf76,9bead5bd-27cc-4bce-b348-dfdfe52bbcfa,69cbbe19-e8fa-45c5-a250-77fd8aa3d98e,expense,74908.00,,2026-08-01,2026-08-01 10:39:00+00,d6c2f9dc-62aa-4d66-ae36-b8dd7f048e9c,
a3a48442-f172-4952-a186-09ce23ede076,9bead5bd-27cc-4bce-b348-dfdfe52bbcfa,,transfer,21000.00,,2026-05-12,2026-05-12 15:06:00+00,1b52f4eb-1774-4bbf-9d75-2f22061418c0,ef0c2451-f7a3-483f-b498-009cff598508
a3b05e7c-5e76-4696-82ce-59588cf3123e,9bead5bd-27cc-4bce-b348-dfdfe52bbcfa,c363bb9a-e1c1-4485-a21b-d5cb69be8ac5,expense,20000.00,,2026-08-30,2026-08-30 07:15:00+00,ef0c2451-f7a3-483f-b498-009cff598508,
a3b16437-3442-4d2a-a1c5-5dc6550b2ad1,9bead5bd-27cc-4bce-b348-dfdfe52bbcfa,ef5c334f-9678-43a1-a24d-06ddf2ae4336,expense,789.00,Koreksi saldo,2026-06-13,2026-06-13 13:53:14+00,c2b7adda-52b3-4d0f-949b-8c8f2930f6b0,
a4086915-b806-4ce9-9774-c3558fb01209,9bead5bd-27cc-4bce-b348-dfdfe52bbcfa,89af7f66-fcf6-4ede-85ce-97818d8ee5e5,expense,35000.00,,2026-06-12,2026-06-12 18:51:00+00,1b52f4eb-1774-4bbf-9d75-2f22061418c0,
a4118bb9-a042-4ae4-a02a-8825d9871d63,9bead5bd-27cc-4bce-b348-dfdfe52bbcfa,73a6b95b-efdb-4afd-bda5-2a6aedd82af4,expense,35000.00,parfume,2025-02-08,2025-02-08 19:38:00+00,ef0c2451-f7a3-483f-b498-009cff598508,
a4205862-5dbf-47b4-8cf9-8faaa941dc63,9bead5bd-27cc-4bce-b348-dfdfe52bbcfa,,transfer,658790.00,,2026-08-26,2026-08-26 06:32:00+00,d1d65a47-79be-472a-8e7c-191ddef21252,ef945642-f8b2-43e7-8f16-1dfdf9802e69
a42194a8-0422-43e1-b2b5-15696c56b88b,9bead5bd-27cc-4bce-b348-dfdfe52bbcfa,ef5c334f-9678-43a1-a24d-06ddf2ae4336,expense,6000.00,,2026-05-04,2026-05-04 10:20:00+00,1b52f4eb-1774-4bbf-9d75-2f22061418c0,
a43d9b57-cd74-4a34-8498-f2775d87d087,9bead5bd-27cc-4bce-b348-dfdfe52bbcfa,,transfer,130000.00,-,2025-11-22,2025-11-22 19:41:00+00,d6c2f9dc-62aa-4d66-ae36-b8dd7f048e9c,ef945642-f8b2-43e7-8f16-1dfdf9802e69
a450156a-6e71-4145-b93b-7c686594ccae,9bead5bd-27cc-4bce-b348-dfdfe52bbcfa,ef5c334f-9678-43a1-a24d-06ddf2ae4336,income,7.00,Koreksi saldo,2025-02-24,2025-02-24 18:45:52+00,d6c2f9dc-62aa-4d66-ae36-b8dd7f048e9c,
a48bca58-5faf-4785-a095-228ffe466aed,9bead5bd-27cc-4bce-b348-dfdfe52bbcfa,9e8d127f-fba2-437a-b77c-7f1f0074cf2a,expense,10000.00,-,2025-12-13,2025-12-13 07:03:00+00,ef0c2451-f7a3-483f-b498-009cff598508,
a4a78475-d558-452d-9746-ecd3c69f0b80,9bead5bd-27cc-4bce-b348-dfdfe52bbcfa,9e8d127f-fba2-437a-b77c-7f1f0074cf2a,expense,15000.00,-,2025-12-21,2025-12-21 14:57:00+00,ef0c2451-f7a3-483f-b498-009cff598508,
a4cca585-f16c-4fb9-a976-a82ec6dc35ac,9bead5bd-27cc-4bce-b348-dfdfe52bbcfa,e66badba-dce0-4403-80cf-760a4f913399,expense,5000.00,-,2025-04-01,2025-04-01 04:31:00+00,ef0c2451-f7a3-483f-b498-009cff598508,
a4e9404e-1d7c-44af-92a7-e0b48de828aa,9bead5bd-27cc-4bce-b348-dfdfe52bbcfa,,transfer,250000.00,-,2025-08-04,2025-08-04 00:17:00+00,ef0c2451-f7a3-483f-b498-009cff598508,d1d65a47-79be-472a-8e7c-191ddef21252
a50d0092-920e-4793-8b52-2578ea874ec8,9bead5bd-27cc-4bce-b348-dfdfe52bbcfa,04bbb778-c16c-48b3-86d6-e5bceea67e4d,expense,18000.00,-,2025-07-20,2025-07-20 16:39:00+00,ef0c2451-f7a3-483f-b498-009cff598508,
a53de91e-28fa-4e26-b865-dd163778e4bc,9bead5bd-27cc-4bce-b348-dfdfe52bbcfa,861e04d0-951b-45e5-bf64-e0aecaf43eb7,expense,68000.00,buku,2026-07-10,2026-07-10 19:49:00+00,d6c2f9dc-62aa-4d66-ae36-b8dd7f048e9c,
a54f91fe-a488-46cd-9ef9-4fb599c44f08,9bead5bd-27cc-4bce-b348-dfdfe52bbcfa,e53b2a49-3ff8-4f1c-b16f-7e4eb7057130,expense,3000.00,,2026-05-19,2026-05-19 22:15:00+00,1b52f4eb-1774-4bbf-9d75-2f22061418c0,
a55a3125-302a-4856-930f-d8e9ed9dc342,9bead5bd-27cc-4bce-b348-dfdfe52bbcfa,9e8d127f-fba2-437a-b77c-7f1f0074cf2a,expense,17800.00,-,2025-02-01,2025-02-01 20:44:00+00,d6c2f9dc-62aa-4d66-ae36-b8dd7f048e9c,
a56982a9-fba7-43c1-997f-b8ad7dc5068f,9bead5bd-27cc-4bce-b348-dfdfe52bbcfa,c2fa641c-c10c-46ea-a69b-e2e8fab6d2ef,expense,17000.00,-,2025-03-28,2025-03-28 03:53:00+00,1db96cc4-753b-4ea9-bdf5-9cf9c71fb00b,
a5770967-d2b8-4765-8b9d-65f4742922ee,9bead5bd-27cc-4bce-b348-dfdfe52bbcfa,3dfd2937-650e-4dfa-aa82-1532855306a0,expense,68399.00,"lamp, listerine, tissue, energen",2026-02-18,2026-02-18 22:12:00+00,ef0c2451-f7a3-483f-b498-009cff598508,
a58d8e77-bb0d-4e82-b6b7-e74538b2b1ec,9bead5bd-27cc-4bce-b348-dfdfe52bbcfa,9e8d127f-fba2-437a-b77c-7f1f0074cf2a,expense,3300.00,,2026-06-15,2026-06-15 08:24:00+00,ef0c2451-f7a3-483f-b498-009cff598508,
a5b25bb6-9a7a-417c-9eee-e1ad02f2650a,9bead5bd-27cc-4bce-b348-dfdfe52bbcfa,9e8d127f-fba2-437a-b77c-7f1f0074cf2a,expense,15000.00,-,2025-11-02,2025-11-02 12:39:00+00,1b52f4eb-1774-4bbf-9d75-2f22061418c0,
a5b41c32-39c5-45b4-8f86-2dd86616ba5a,9bead5bd-27cc-4bce-b348-dfdfe52bbcfa,89af7f66-fcf6-4ede-85ce-97818d8ee5e5,expense,39300.00,"pasta gigi, sabun",2026-03-11,2026-03-11 20:28:00+00,ef0c2451-f7a3-483f-b498-009cff598508,
a5e1366e-adff-404b-83c5-969382c1fc3b,9bead5bd-27cc-4bce-b348-dfdfe52bbcfa,417ffb54-8c5d-49a6-90bd-9748bb065b43,expense,6900.00,-,2025-10-08,2025-10-08 20:40:00+00,ef0c2451-f7a3-483f-b498-009cff598508,
a60dca67-672d-488c-b5c9-85c44ce60f65,9bead5bd-27cc-4bce-b348-dfdfe52bbcfa,,transfer,10000.00,,2026-07-03,2026-07-03 16:12:00+00,ef0c2451-f7a3-483f-b498-009cff598508,1b52f4eb-1774-4bbf-9d75-2f22061418c0
a611095b-340a-4785-9392-1b76990d7e5e,9bead5bd-27cc-4bce-b348-dfdfe52bbcfa,9e8d127f-fba2-437a-b77c-7f1f0074cf2a,expense,30000.00,-,2025-07-13,2025-07-13 13:45:00+00,ef0c2451-f7a3-483f-b498-009cff598508,
a61598d3-7ffd-4515-8ad7-a6b862e661cf,9bead5bd-27cc-4bce-b348-dfdfe52bbcfa,,transfer,10000.00,-,2025-05-20,2025-05-20 15:43:00+00,d6c2f9dc-62aa-4d66-ae36-b8dd7f048e9c,ef0c2451-f7a3-483f-b498-009cff598508
a61a3045-4129-4ec3-a8f0-70041511b114,9bead5bd-27cc-4bce-b348-dfdfe52bbcfa,,transfer,250000.00,,2026-05-25,2026-05-25 17:48:00+00,ef0c2451-f7a3-483f-b498-009cff598508,1b52f4eb-1774-4bbf-9d75-2f22061418c0
a61a3b73-0c88-4b33-b141-a5973e94d813,9bead5bd-27cc-4bce-b348-dfdfe52bbcfa,9e8d127f-fba2-437a-b77c-7f1f0074cf2a,expense,20000.00,,2026-05-05,2026-05-05 18:56:00+00,82d51ed1-5076-450e-8ae1-4bbe92cec701,
a623b1d3-7e85-41b1-b2b4-c7a17ae3514a,9bead5bd-27cc-4bce-b348-dfdfe52bbcfa,f37df41e-f249-4312-886a-c27968ccb934,expense,30000.00,,2026-07-26,2026-07-26 14:07:00+00,82d51ed1-5076-450e-8ae1-4bbe92cec701,
a6278498-f346-4a08-803f-c9a013aecafa,9bead5bd-27cc-4bce-b348-dfdfe52bbcfa,d6b7f46d-c8b4-4cdf-822a-80d1083c7393,expense,6000.00,,2026-03-15,2026-03-15 18:22:00+00,ef0c2451-f7a3-483f-b498-009cff598508,
a63defa2-0687-43b2-ba5a-46103c04a280,9bead5bd-27cc-4bce-b348-dfdfe52bbcfa,,transfer,81779.00,-,2025-06-16,2025-06-16 11:15:00+00,d1d65a47-79be-472a-8e7c-191ddef21252,1db96cc4-753b-4ea9-bdf5-9cf9c71fb00b
a66424ed-6f40-4882-96d4-7c8c0f3fff18,9bead5bd-27cc-4bce-b348-dfdfe52bbcfa,9e8d127f-fba2-437a-b77c-7f1f0074cf2a,expense,32000.00,-,2025-07-20,2025-07-20 18:40:00+00,d6c2f9dc-62aa-4d66-ae36-b8dd7f048e9c,
a676155a-c4b8-46e9-9bdf-5330318d6759,9bead5bd-27cc-4bce-b348-dfdfe52bbcfa,ef5c334f-9678-43a1-a24d-06ddf2ae4336,expense,61.00,Koreksi saldo,2025-09-23,2025-09-23 11:46:58+00,82d51ed1-5076-450e-8ae1-4bbe92cec701,
a699a747-428b-4552-99f7-edfe07ce1043,9bead5bd-27cc-4bce-b348-dfdfe52bbcfa,9e8d127f-fba2-437a-b77c-7f1f0074cf2a,expense,7000.00,,2026-04-15,2026-04-15 19:51:00+00,ef0c2451-f7a3-483f-b498-009cff598508,
a6a8978e-e8fc-4cf2-b23b-7b6bb9b56bac,9bead5bd-27cc-4bce-b348-dfdfe52bbcfa,3d15abb3-b62b-4772-b093-5880019049e3,expense,4100.00,-,2025-11-28,2025-11-28 12:21:00+00,ef0c2451-f7a3-483f-b498-009cff598508,
a6ad67b2-eadb-488d-a166-e8e247df66bd,9bead5bd-27cc-4bce-b348-dfdfe52bbcfa,9e8d127f-fba2-437a-b77c-7f1f0074cf2a,expense,20000.00,-,2025-12-18,2025-12-18 18:09:00+00,ef0c2451-f7a3-483f-b498-009cff598508,
a6cc2346-fb2c-4eaa-9530-fe3543c1d2ee,9bead5bd-27cc-4bce-b348-dfdfe52bbcfa,04bbb778-c16c-48b3-86d6-e5bceea67e4d,expense,15000.00,,2026-04-18,2026-04-18 18:40:00+00,ef0c2451-f7a3-483f-b498-009cff598508,
a6d1275d-a406-4bd9-a198-6402979bcb74,9bead5bd-27cc-4bce-b348-dfdfe52bbcfa,9e8d127f-fba2-437a-b77c-7f1f0074cf2a,expense,15000.00,-,2025-08-15,2025-08-15 11:33:00+00,d6c2f9dc-62aa-4d66-ae36-b8dd7f048e9c,
a6d90c7f-98d6-4670-bf90-3966a704674f,9bead5bd-27cc-4bce-b348-dfdfe52bbcfa,9e8d127f-fba2-437a-b77c-7f1f0074cf2a,expense,15000.00,-,2025-02-25,2025-02-25 19:24:00+00,1b52f4eb-1774-4bbf-9d75-2f22061418c0,
a6f10e57-f3c9-4ad4-bff0-d482069d9b68,9bead5bd-27cc-4bce-b348-dfdfe52bbcfa,9e8d127f-fba2-437a-b77c-7f1f0074cf2a,expense,26900.00,-,2025-05-30,2025-05-30 12:59:00+00,d6c2f9dc-62aa-4d66-ae36-b8dd7f048e9c,
a71784df-5b7e-4a38-a76d-d2162c7fa859,9bead5bd-27cc-4bce-b348-dfdfe52bbcfa,9e8d127f-fba2-437a-b77c-7f1f0074cf2a,expense,12000.00,-,2025-05-26,2025-05-26 15:56:00+00,1db96cc4-753b-4ea9-bdf5-9cf9c71fb00b,
a7430be8-e1d1-41d1-aa33-9689494d95ef,9bead5bd-27cc-4bce-b348-dfdfe52bbcfa,9e8d127f-fba2-437a-b77c-7f1f0074cf2a,expense,28000.00,-,2025-07-03,2025-07-03 11:57:00+00,d6c2f9dc-62aa-4d66-ae36-b8dd7f048e9c,
a77ae6f3-778a-42e3-96de-3eb3f2c2402e,9bead5bd-27cc-4bce-b348-dfdfe52bbcfa,,transfer,100000.00,,2026-08-08,2026-08-08 21:05:00+00,ef945642-f8b2-43e7-8f16-1dfdf9802e69,1b52f4eb-1774-4bbf-9d75-2f22061418c0
a7841773-a7d9-45aa-b274-2304859aa23b,9bead5bd-27cc-4bce-b348-dfdfe52bbcfa,8c36b2da-48c2-4bd2-8df4-c1b94780d823,expense,511000.00,merbabu,2025-04-30,2025-04-30 20:05:00+00,ef0c2451-f7a3-483f-b498-009cff598508,
a78c6765-2e0a-4342-a4f8-86e012ee68d6,9bead5bd-27cc-4bce-b348-dfdfe52bbcfa,,transfer,11000.00,-,2025-11-03,2025-11-03 19:13:00+00,1b52f4eb-1774-4bbf-9d75-2f22061418c0,d6c2f9dc-62aa-4d66-ae36-b8dd7f048e9c
a7baaa77-2ba5-47c2-a8ec-8b6f22289056,9bead5bd-27cc-4bce-b348-dfdfe52bbcfa,9e8d127f-fba2-437a-b77c-7f1f0074cf2a,expense,10000.00,,2026-05-16,2026-05-16 08:08:00+00,1b52f4eb-1774-4bbf-9d75-2f22061418c0,
a7bea950-6763-4ea2-9d5c-a8ad52cec178,9bead5bd-27cc-4bce-b348-dfdfe52bbcfa,3d15abb3-b62b-4772-b093-5880019049e3,expense,22000.00,galon,2025-08-09,2025-08-09 11:15:00+00,1b52f4eb-1774-4bbf-9d75-2f22061418c0,
a7c023ed-834c-40de-b07d-fce20ab3510a,9bead5bd-27cc-4bce-b348-dfdfe52bbcfa,,transfer,13000.00,-,2025-10-26,2025-10-26 19:35:00+00,1b52f4eb-1774-4bbf-9d75-2f22061418c0,ef0c2451-f7a3-483f-b498-009cff598508
a7cb1a0f-6685-41d2-bc5a-4eaa60412834,9bead5bd-27cc-4bce-b348-dfdfe52bbcfa,9e8d127f-fba2-437a-b77c-7f1f0074cf2a,expense,14000.00,-,2025-05-18,2025-05-18 12:04:00+00,d6c2f9dc-62aa-4d66-ae36-b8dd7f048e9c,
a80fa119-380e-43ed-81cd-fc1897d2fcd0,9bead5bd-27cc-4bce-b348-dfdfe52bbcfa,c363bb9a-e1c1-4485-a21b-d5cb69be8ac5,expense,25000.00,,2026-01-24,2026-01-24 12:30:00+00,1b52f4eb-1774-4bbf-9d75-2f22061418c0,
a8230cd1-333c-4597-af00-8849498d3e78,9bead5bd-27cc-4bce-b348-dfdfe52bbcfa,94c7c221-c74d-4a89-a0ee-3c71a8260ac6,expense,80000.00,,2026-03-13,2026-03-13 15:08:00+00,5d613a77-a05e-464c-ae45-0d5540681ac7,
a844e60a-8edf-4170-9cdd-b6a2c05c9857,9bead5bd-27cc-4bce-b348-dfdfe52bbcfa,8c36b2da-48c2-4bd2-8df4-c1b94780d823,expense,12000.00,tiket malang,2025-04-25,2025-04-25 17:20:00+00,ef0c2451-f7a3-483f-b498-009cff598508,
a85dc3b8-c4b6-4b40-b9c7-4c0cb1d5c907,9bead5bd-27cc-4bce-b348-dfdfe52bbcfa,9e8d127f-fba2-437a-b77c-7f1f0074cf2a,expense,33000.00,,2026-03-09,2026-03-09 18:42:00+00,5d613a77-a05e-464c-ae45-0d5540681ac7,
a86aec03-dc85-4e71-8dcd-848ee4320eae,9bead5bd-27cc-4bce-b348-dfdfe52bbcfa,9e8d127f-fba2-437a-b77c-7f1f0074cf2a,expense,18940.00,-,2025-10-25,2025-10-25 20:08:00+00,ef945642-f8b2-43e7-8f16-1dfdf9802e69,
a86ef84a-40f4-47b7-924f-28233e4f86b5,9bead5bd-27cc-4bce-b348-dfdfe52bbcfa,,transfer,554450.00,,2026-04-28,2026-04-28 16:27:00+00,82d51ed1-5076-450e-8ae1-4bbe92cec701,ef0c2451-f7a3-483f-b498-009cff598508
a8763142-a458-4d5b-bc7e-429a559b9baa,9bead5bd-27cc-4bce-b348-dfdfe52bbcfa,a95286ad-558f-456c-a43e-791b6bee7426,expense,21000.00,-,2025-02-08,2025-02-08 19:37:00+00,1b52f4eb-1774-4bbf-9d75-2f22061418c0,
a89d5906-9a3e-4e0e-9e79-cfdc6bad0728,9bead5bd-27cc-4bce-b348-dfdfe52bbcfa,,expense,98190.00,Penyesuaian Saldo Awal - Shopeepay,2025-01-01,2025-01-01 00:00:00+00,d6c2f9dc-62aa-4d66-ae36-b8dd7f048e9c,
a8a54190-704e-40e7-8c0a-8643d39e174d,9bead5bd-27cc-4bce-b348-dfdfe52bbcfa,,transfer,33000.00,-,2025-11-22,2025-11-22 22:45:00+00,5d613a77-a05e-464c-ae45-0d5540681ac7,82d51ed1-5076-450e-8ae1-4bbe92cec701
a8de6f52-5e1e-463d-b484-c47e451bee41,9bead5bd-27cc-4bce-b348-dfdfe52bbcfa,73a6b95b-efdb-4afd-bda5-2a6aedd82af4,expense,81600.00,batik,2025-10-27,2025-10-27 07:02:00+00,ef945642-f8b2-43e7-8f16-1dfdf9802e69,
a8df73d4-941d-491a-9f61-156e627a9018,9bead5bd-27cc-4bce-b348-dfdfe52bbcfa,9e8d127f-fba2-437a-b77c-7f1f0074cf2a,expense,15000.00,-,2025-10-17,2025-10-17 22:24:00+00,1b52f4eb-1774-4bbf-9d75-2f22061418c0,
a9067e95-a870-42df-8bc5-0382251e3595,9bead5bd-27cc-4bce-b348-dfdfe52bbcfa,04bbb778-c16c-48b3-86d6-e5bceea67e4d,expense,25000.00,,2026-06-11,2026-06-11 08:52:00+00,ef0c2451-f7a3-483f-b498-009cff598508,
a90b2e36-9888-4b34-95e9-074b9bf36c03,9bead5bd-27cc-4bce-b348-dfdfe52bbcfa,04bbb778-c16c-48b3-86d6-e5bceea67e4d,expense,5000.00,-,2025-10-25,2025-10-25 20:08:00+00,ef945642-f8b2-43e7-8f16-1dfdf9802e69,
a90c24b1-6133-4f87-a898-352a3b74f064,9bead5bd-27cc-4bce-b348-dfdfe52bbcfa,9e8d127f-fba2-437a-b77c-7f1f0074cf2a,expense,17500.00,-,2025-10-20,2025-10-20 18:40:00+00,d6c2f9dc-62aa-4d66-ae36-b8dd7f048e9c,
a9476657-f6d0-4657-a920-5ff6e2cfca1a,9bead5bd-27cc-4bce-b348-dfdfe52bbcfa,9e8d127f-fba2-437a-b77c-7f1f0074cf2a,expense,14546.00,-,2025-09-11,2025-09-11 14:30:00+00,ef0c2451-f7a3-483f-b498-009cff598508,
a9527c3f-dda1-43ac-b6a9-fa6c0523ef54,9bead5bd-27cc-4bce-b348-dfdfe52bbcfa,9e8d127f-fba2-437a-b77c-7f1f0074cf2a,expense,14000.00,-,2025-02-10,2025-02-10 18:12:00+00,1b52f4eb-1774-4bbf-9d75-2f22061418c0,
a965a838-c8d2-4cff-b97a-6ac8d4ed5251,9bead5bd-27cc-4bce-b348-dfdfe52bbcfa,9e8d127f-fba2-437a-b77c-7f1f0074cf2a,expense,14000.00,-,2025-02-08,2025-02-08 18:37:00+00,1b52f4eb-1774-4bbf-9d75-2f22061418c0,
a9750b36-31a8-4b99-be26-832e1a14a239,9bead5bd-27cc-4bce-b348-dfdfe52bbcfa,9e8d127f-fba2-437a-b77c-7f1f0074cf2a,expense,15000.00,,2026-04-24,2026-04-24 18:41:00+00,ef0c2451-f7a3-483f-b498-009cff598508,
a9af45ed-eb19-4d87-bd7d-5ab9de1722be,9bead5bd-27cc-4bce-b348-dfdfe52bbcfa,ef5c334f-9678-43a1-a24d-06ddf2ae4336,income,7698.00,Koreksi saldo,2025-06-03,2025-06-03 10:35:39+00,ef0c2451-f7a3-483f-b498-009cff598508,
a9b2b5b8-2967-4ce2-b95e-1f332c6d5fc3,9bead5bd-27cc-4bce-b348-dfdfe52bbcfa,417ffb54-8c5d-49a6-90bd-9748bb065b43,expense,14300.00,,2026-08-12,2026-08-12 08:13:00+00,ef945642-f8b2-43e7-8f16-1dfdf9802e69,
a9b3ca1f-5ecb-4e64-adba-8b8f3e99cb61,9bead5bd-27cc-4bce-b348-dfdfe52bbcfa,04bbb778-c16c-48b3-86d6-e5bceea67e4d,expense,8000.00,-,2025-11-23,2025-11-23 22:23:00+00,ef0c2451-f7a3-483f-b498-009cff598508,
a9f25ca5-e82c-48b1-9353-8a7209054981,9bead5bd-27cc-4bce-b348-dfdfe52bbcfa,3dfd2937-650e-4dfa-aa82-1532855306a0,expense,17000.00,"isoplus, gula, mie",2025-08-16,2025-08-16 18:09:00+00,1b52f4eb-1774-4bbf-9d75-2f22061418c0,
aa034010-f228-4eca-aeb2-eeab2a1f0de3,9bead5bd-27cc-4bce-b348-dfdfe52bbcfa,9e8d127f-fba2-437a-b77c-7f1f0074cf2a,expense,16750.00,-,2025-07-04,2025-07-04 08:10:00+00,d6c2f9dc-62aa-4d66-ae36-b8dd7f048e9c,
aa1de3e8-17d2-4e32-af25-1d02f0334cc2,9bead5bd-27cc-4bce-b348-dfdfe52bbcfa,,transfer,200000.00,-,2025-04-24,2025-04-24 15:45:00+00,ef0c2451-f7a3-483f-b498-009cff598508,d6c2f9dc-62aa-4d66-ae36-b8dd7f048e9c
aa729f56-80bd-4ec0-bcb3-8889ec5cc9a4,9bead5bd-27cc-4bce-b348-dfdfe52bbcfa,9e8d127f-fba2-437a-b77c-7f1f0074cf2a,expense,16949.00,-,2025-02-18,2025-02-18 08:41:00+00,d6c2f9dc-62aa-4d66-ae36-b8dd7f048e9c,
aa7da4d8-48b5-4ba6-a52f-35ee800b4880,9bead5bd-27cc-4bce-b348-dfdfe52bbcfa,9e8d127f-fba2-437a-b77c-7f1f0074cf2a,expense,16000.00,-,2025-08-02,2025-08-02 15:47:00+00,d6c2f9dc-62aa-4d66-ae36-b8dd7f048e9c,
aa98710e-e717-4720-aa01-6cc165d97e1f,9bead5bd-27cc-4bce-b348-dfdfe52bbcfa,9e8d127f-fba2-437a-b77c-7f1f0074cf2a,expense,24300.00,,2026-02-19,2026-02-19 18:02:00+00,ef0c2451-f7a3-483f-b498-009cff598508,
aaa50c9f-93d0-4333-a50a-d5c28a39ea87,9bead5bd-27cc-4bce-b348-dfdfe52bbcfa,ef5c334f-9678-43a1-a24d-06ddf2ae4336,income,122709.00,Koreksi saldo,2025-03-12,2025-03-12 06:00:00+00,ef0c2451-f7a3-483f-b498-009cff598508,
aad70293-fbbe-47bb-9da3-a61b39710d60,9bead5bd-27cc-4bce-b348-dfdfe52bbcfa,3dfd2937-650e-4dfa-aa82-1532855306a0,expense,14000.00,cofee,2025-06-01,2025-06-01 22:06:00+00,ef0c2451-f7a3-483f-b498-009cff598508,
ab15e91b-aeaf-4188-a3f5-5be00a66f948,9bead5bd-27cc-4bce-b348-dfdfe52bbcfa,c2fa641c-c10c-46ea-a69b-e2e8fab6d2ef,expense,18000.00,,2026-06-21,2026-06-21 17:43:00+00,ef0c2451-f7a3-483f-b498-009cff598508,
ab187bde-fe64-440d-b91f-d99055ff3117,9bead5bd-27cc-4bce-b348-dfdfe52bbcfa,9e8d127f-fba2-437a-b77c-7f1f0074cf2a,expense,20000.00,,2026-04-09,2026-04-09 12:17:00+00,ef0c2451-f7a3-483f-b498-009cff598508,
ab27dde0-a634-4795-a6bc-d8783f64815d,9bead5bd-27cc-4bce-b348-dfdfe52bbcfa,9e8d127f-fba2-437a-b77c-7f1f0074cf2a,expense,13800.00,-,2025-10-22,2025-10-22 11:16:00+00,d6c2f9dc-62aa-4d66-ae36-b8dd7f048e9c,
ab6b86c0-c607-4b81-b767-903b369129b1,9bead5bd-27cc-4bce-b348-dfdfe52bbcfa,9eb96490-908d-4d01-bf88-5590e81f2e65,income,50000.00,,2026-07-30,2026-07-30 15:40:00+00,d6c2f9dc-62aa-4d66-ae36-b8dd7f048e9c,
abaa7df3-ed32-405b-a63e-d6c23ec18176,9bead5bd-27cc-4bce-b348-dfdfe52bbcfa,9e8d127f-fba2-437a-b77c-7f1f0074cf2a,expense,5000.00,-,2025-12-09,2025-12-09 10:07:00+00,1b52f4eb-1774-4bbf-9d75-2f22061418c0,
abc42115-fc50-42f6-952d-42b103cfe1d5,9bead5bd-27cc-4bce-b348-dfdfe52bbcfa,c363bb9a-e1c1-4485-a21b-d5cb69be8ac5,expense,50000.00,,2026-03-31,2026-03-31 16:05:00+00,1b52f4eb-1774-4bbf-9d75-2f22061418c0,
abc5b389-ab5b-49c0-9e2a-6bf01a7f94f2,9bead5bd-27cc-4bce-b348-dfdfe52bbcfa,ef5c334f-9678-43a1-a24d-06ddf2ae4336,income,11000.00,Koreksi saldo,2025-01-27,2025-01-27 17:00:50+00,d6c2f9dc-62aa-4d66-ae36-b8dd7f048e9c,
abd5ccca-5008-4091-963d-6aa399b12475,9bead5bd-27cc-4bce-b348-dfdfe52bbcfa,417ffb54-8c5d-49a6-90bd-9748bb065b43,expense,12500.00,,2026-08-18,2026-08-18 14:49:00+00,d6c2f9dc-62aa-4d66-ae36-b8dd7f048e9c,
abff7d52-f68b-49e3-82c2-e8f4c13441e0,9bead5bd-27cc-4bce-b348-dfdfe52bbcfa,ef5c334f-9678-43a1-a24d-06ddf2ae4336,expense,135.00,Koreksi saldo,2026-04-27,2026-04-27 19:33:22+00,ef0c2451-f7a3-483f-b498-009cff598508,
ac23f453-8656-4e07-a5d2-803ccc9a3cc9,9bead5bd-27cc-4bce-b348-dfdfe52bbcfa,9e8d127f-fba2-437a-b77c-7f1f0074cf2a,expense,20000.00,,2026-02-25,2026-02-25 22:51:00+00,ef0c2451-f7a3-483f-b498-009cff598508,
ac25eb36-9c9e-45e0-8d2a-bccba9ea0b62,9bead5bd-27cc-4bce-b348-dfdfe52bbcfa,9e8d127f-fba2-437a-b77c-7f1f0074cf2a,expense,13000.00,,2026-07-09,2026-07-09 17:01:00+00,ef0c2451-f7a3-483f-b498-009cff598508,
ac26e4b5-595d-43d1-b9ab-4b567ba24c93,9bead5bd-27cc-4bce-b348-dfdfe52bbcfa,ef5c334f-9678-43a1-a24d-06ddf2ae4336,income,200.00,Koreksi saldo,2025-08-31,2025-08-31 10:42:45+00,82d51ed1-5076-450e-8ae1-4bbe92cec701,
ac56ff22-deda-4b7e-9132-d70d3f87dd63,9bead5bd-27cc-4bce-b348-dfdfe52bbcfa,06c4dac0-5cd5-43ae-aeab-bd0ac041116b,expense,42800.00,minyak,2026-08-25,2026-08-25 06:29:00+00,d6c2f9dc-62aa-4d66-ae36-b8dd7f048e9c,
ac8e242c-b855-4f29-bfa8-7e0039fbb7d0,9bead5bd-27cc-4bce-b348-dfdfe52bbcfa,04bbb778-c16c-48b3-86d6-e5bceea67e4d,expense,15005.00,,2026-05-18,2026-05-18 16:20:00+00,ef0c2451-f7a3-483f-b498-009cff598508,
acbd999d-a899-4109-972d-aad7206b1876,9bead5bd-27cc-4bce-b348-dfdfe52bbcfa,3dfd2937-650e-4dfa-aa82-1532855306a0,expense,6500.00,cottonbud,2025-07-23,2025-07-23 20:22:00+00,82d51ed1-5076-450e-8ae1-4bbe92cec701,
acee02c6-8f14-437a-9c2a-c430512ab927,9bead5bd-27cc-4bce-b348-dfdfe52bbcfa,,transfer,250000.00,,2026-06-09,2026-06-09 04:43:00+00,ef945642-f8b2-43e7-8f16-1dfdf9802e69,82d51ed1-5076-450e-8ae1-4bbe92cec701
acfc1ef9-3e90-47e5-b44c-3ace9c8a67ae,9bead5bd-27cc-4bce-b348-dfdfe52bbcfa,c2fa641c-c10c-46ea-a69b-e2e8fab6d2ef,expense,15000.00,-,2025-08-08,2025-08-08 15:31:00+00,1db96cc4-753b-4ea9-bdf5-9cf9c71fb00b,
ad08a506-d9cc-449d-9a31-802fc5e769ad,9bead5bd-27cc-4bce-b348-dfdfe52bbcfa,,transfer,500000.00,Rohim,2025-08-26,2025-08-26 14:04:00+00,ef0c2451-f7a3-483f-b498-009cff598508,82d51ed1-5076-450e-8ae1-4bbe92cec701
ad095433-d196-4449-bff1-9406d0a7f102,9bead5bd-27cc-4bce-b348-dfdfe52bbcfa,,transfer,100000.00,-,2025-09-30,2025-09-30 21:37:00+00,82d51ed1-5076-450e-8ae1-4bbe92cec701,ef0c2451-f7a3-483f-b498-009cff598508
ad5c5b7c-2a6c-4a50-9b2f-a4e1a3dd2d17,9bead5bd-27cc-4bce-b348-dfdfe52bbcfa,,transfer,20000.00,,2026-06-12,2026-06-12 15:40:00+00,ef945642-f8b2-43e7-8f16-1dfdf9802e69,d1d65a47-79be-472a-8e7c-191ddef21252
ad71efd2-5ad6-4727-ac4b-421fd79f115b,9bead5bd-27cc-4bce-b348-dfdfe52bbcfa,,transfer,20000.00,,2026-06-08,2026-06-08 18:53:00+00,5d613a77-a05e-464c-ae45-0d5540681ac7,d1d65a47-79be-472a-8e7c-191ddef21252
ad9741eb-2d2b-4981-a357-719fd3fe293e,9bead5bd-27cc-4bce-b348-dfdfe52bbcfa,4cc387d6-39b2-4734-9cf8-c0f2c3e66205,income,1500000.00,-,2025-08-26,2025-08-26 14:04:00+00,ef0c2451-f7a3-483f-b498-009cff598508,
adc06e8a-47b6-47d8-abe0-e94f58f9ef5e,9bead5bd-27cc-4bce-b348-dfdfe52bbcfa,3d15abb3-b62b-4772-b093-5880019049e3,expense,16000.00,,2026-03-15,2026-03-15 18:22:00+00,1b52f4eb-1774-4bbf-9d75-2f22061418c0,
adcc85e4-445b-4e0e-8c0a-fb875aa19faf,9bead5bd-27cc-4bce-b348-dfdfe52bbcfa,,expense,7291226.00,Penyesuaian Saldo Awal - Krom Bank,2025-01-01,2025-01-01 00:00:00+00,5d613a77-a05e-464c-ae45-0d5540681ac7,
addb9b08-cd75-446f-b2f3-fdf96ae0ca95,9bead5bd-27cc-4bce-b348-dfdfe52bbcfa,,transfer,150000.00,-,2025-07-20,2025-07-20 09:01:00+00,ef0c2451-f7a3-483f-b498-009cff598508,d6c2f9dc-62aa-4d66-ae36-b8dd7f048e9c
ade09e07-3cd2-4c94-a366-4beb5254b937,9bead5bd-27cc-4bce-b348-dfdfe52bbcfa,,transfer,2000.00,,2026-05-20,2026-05-20 10:26:00+00,d6c2f9dc-62aa-4d66-ae36-b8dd7f048e9c,ef945642-f8b2-43e7-8f16-1dfdf9802e69
ae52cc26-7f30-4fd0-8467-5fb3f6ce22cd,9bead5bd-27cc-4bce-b348-dfdfe52bbcfa,d6b7f46d-c8b4-4cdf-822a-80d1083c7393,expense,12000.00,-,2025-05-12,2025-05-12 16:30:00+00,ef0c2451-f7a3-483f-b498-009cff598508,
ae6a4456-a478-4ae0-9603-6a0b8b8b998b,9bead5bd-27cc-4bce-b348-dfdfe52bbcfa,9e8d127f-fba2-437a-b77c-7f1f0074cf2a,expense,30000.00,,2026-03-07,2026-03-07 16:24:00+00,1b52f4eb-1774-4bbf-9d75-2f22061418c0,
ae85b192-684d-414a-9484-f5b62e5438d9,9bead5bd-27cc-4bce-b348-dfdfe52bbcfa,9e8d127f-fba2-437a-b77c-7f1f0074cf2a,expense,16430.00,-,2025-10-05,2025-10-05 17:51:00+00,d6c2f9dc-62aa-4d66-ae36-b8dd7f048e9c,
ae8b45d9-acbc-4b4c-95f1-333b1774fa03,9bead5bd-27cc-4bce-b348-dfdfe52bbcfa,94c7c221-c74d-4a89-a0ee-3c71a8260ac6,expense,2000.00,-,2025-08-01,2025-08-01 16:24:00+00,1b52f4eb-1774-4bbf-9d75-2f22061418c0,
ae9abd19-7009-49cc-9be3-2f1649fcdd91,9bead5bd-27cc-4bce-b348-dfdfe52bbcfa,,transfer,14000.00,-,2025-11-10,2025-11-10 18:40:00+00,1b52f4eb-1774-4bbf-9d75-2f22061418c0,82d51ed1-5076-450e-8ae1-4bbe92cec701
ae9e271c-41f4-45a5-aaa6-e96aa23fd5cf,9bead5bd-27cc-4bce-b348-dfdfe52bbcfa,9eb96490-908d-4d01-bf88-5590e81f2e65,income,1000000.00,skripsi - fahrudin,2025-08-05,2025-08-05 16:53:00+00,82d51ed1-5076-450e-8ae1-4bbe92cec701,
ae9ee6bf-1c1e-4d5e-9138-e1e81254aa56,9bead5bd-27cc-4bce-b348-dfdfe52bbcfa,e53b2a49-3ff8-4f1c-b16f-7e4eb7057130,expense,2000.00,-,2025-08-28,2025-08-28 18:33:00+00,1b52f4eb-1774-4bbf-9d75-2f22061418c0,
aeb290df-a4c9-4da4-80cd-ca847a1b391c,9bead5bd-27cc-4bce-b348-dfdfe52bbcfa,,transfer,100000.00,,2026-08-12,2026-08-12 16:52:00+00,1b52f4eb-1774-4bbf-9d75-2f22061418c0,82d51ed1-5076-450e-8ae1-4bbe92cec701
aeb2fe35-b4f5-4c0b-a1b8-e8577a6de6aa,9bead5bd-27cc-4bce-b348-dfdfe52bbcfa,0413cdfe-d251-4bca-bd5f-5d520d7076f6,income,336370.00,crypto,2026-01-27,2026-01-27 08:57:00+00,5d613a77-a05e-464c-ae45-0d5540681ac7,
aec6da5c-f44f-4d93-aaa9-41dc0d80a867,9bead5bd-27cc-4bce-b348-dfdfe52bbcfa,,transfer,10000.00,,2026-04-04,2026-04-04 13:35:00+00,ef945642-f8b2-43e7-8f16-1dfdf9802e69,d1d65a47-79be-472a-8e7c-191ddef21252
aeee2684-198c-4485-ab54-79090d9627f4,9bead5bd-27cc-4bce-b348-dfdfe52bbcfa,e53b2a49-3ff8-4f1c-b16f-7e4eb7057130,expense,5000.00,-,2025-06-19,2025-06-19 12:15:00+00,1db96cc4-753b-4ea9-bdf5-9cf9c71fb00b,
af27e6d1-6b20-4375-a213-377ab654af61,9bead5bd-27cc-4bce-b348-dfdfe52bbcfa,9e8d127f-fba2-437a-b77c-7f1f0074cf2a,expense,26400.00,-,2025-06-28,2025-06-28 12:04:00+00,d6c2f9dc-62aa-4d66-ae36-b8dd7f048e9c,
af39347e-cf7c-4637-90a8-fcb135ba38eb,9bead5bd-27cc-4bce-b348-dfdfe52bbcfa,e53b2a49-3ff8-4f1c-b16f-7e4eb7057130,expense,2000.00,-,2025-11-15,2025-11-15 15:55:00+00,1b52f4eb-1774-4bbf-9d75-2f22061418c0,
af3c4a40-9652-4060-801e-2c5c226a42a8,9bead5bd-27cc-4bce-b348-dfdfe52bbcfa,,transfer,500000.00,,2026-02-14,2026-02-14 06:00:00+00,5d613a77-a05e-464c-ae45-0d5540681ac7,ef0c2451-f7a3-483f-b498-009cff598508
af4ddfae-5506-4aaa-a826-8ca7900035e6,9bead5bd-27cc-4bce-b348-dfdfe52bbcfa,4cc387d6-39b2-4734-9cf8-c0f2c3e66205,income,1500000.00,-,2025-02-16,2025-02-16 16:59:00+00,ef0c2451-f7a3-483f-b498-009cff598508,
af7731a9-ef65-4d9c-8ac7-a6f3e46e9077,9bead5bd-27cc-4bce-b348-dfdfe52bbcfa,9e8d127f-fba2-437a-b77c-7f1f0074cf2a,expense,14000.00,-,2025-11-28,2025-11-28 10:06:00+00,ef0c2451-f7a3-483f-b498-009cff598508,
af91fd53-d208-4d54-ab48-8da182a6d166,9bead5bd-27cc-4bce-b348-dfdfe52bbcfa,9e8d127f-fba2-437a-b77c-7f1f0074cf2a,expense,12000.00,,2026-01-08,2026-01-08 18:20:00+00,ef0c2451-f7a3-483f-b498-009cff598508,
afcd43a7-19d3-4a23-a884-e4bc8c700510,9bead5bd-27cc-4bce-b348-dfdfe52bbcfa,9eb96490-908d-4d01-bf88-5590e81f2e65,income,500000.00,,2026-03-17,2026-03-17 12:26:00+00,1b52f4eb-1774-4bbf-9d75-2f22061418c0,
afebd3a8-dab2-40e1-be51-32afe86777b9,9bead5bd-27cc-4bce-b348-dfdfe52bbcfa,d6b7f46d-c8b4-4cdf-822a-80d1083c7393,expense,6000.00,,2026-01-24,2026-01-24 09:30:00+00,ef0c2451-f7a3-483f-b498-009cff598508,
aff5680b-d8d9-4691-b88a-0982d6687642,9bead5bd-27cc-4bce-b348-dfdfe52bbcfa,89af7f66-fcf6-4ede-85ce-97818d8ee5e5,expense,37000.00,Sunscreen,2026-01-01,2026-01-01 17:29:00+00,ef0c2451-f7a3-483f-b498-009cff598508,
b018656c-a481-4022-b593-a96160748d64,9bead5bd-27cc-4bce-b348-dfdfe52bbcfa,417ffb54-8c5d-49a6-90bd-9748bb065b43,expense,13000.00,-,2025-10-10,2025-10-10 09:13:00+00,1b52f4eb-1774-4bbf-9d75-2f22061418c0,
b01de42b-6248-4037-8ec9-74a6ea673698,9bead5bd-27cc-4bce-b348-dfdfe52bbcfa,,transfer,45000.00,,2026-05-04,2026-05-04 10:15:00+00,1b52f4eb-1774-4bbf-9d75-2f22061418c0,ef0c2451-f7a3-483f-b498-009cff598508
b039ccce-6bb8-4366-afcc-9e02eddc8d4a,9bead5bd-27cc-4bce-b348-dfdfe52bbcfa,9e8d127f-fba2-437a-b77c-7f1f0074cf2a,expense,16500.00,-,2025-09-01,2025-09-01 09:32:00+00,d6c2f9dc-62aa-4d66-ae36-b8dd7f048e9c,
b04f4c22-cd72-4324-91a5-ecb40b51fd5c,9bead5bd-27cc-4bce-b348-dfdfe52bbcfa,ef5c334f-9678-43a1-a24d-06ddf2ae4336,expense,20000.00,tania,2025-04-19,2025-04-19 10:43:00+00,d6c2f9dc-62aa-4d66-ae36-b8dd7f048e9c,
b05f00a9-7c82-4174-a070-2678d311511c,9bead5bd-27cc-4bce-b348-dfdfe52bbcfa,71db4328-07e5-48f3-8a41-32ddb7391fed,expense,4000.00,,2026-04-08,2026-04-08 07:45:00+00,ef0c2451-f7a3-483f-b498-009cff598508,
b06f30c8-1c2e-475c-9623-14a6601a848b,9bead5bd-27cc-4bce-b348-dfdfe52bbcfa,a95286ad-558f-456c-a43e-791b6bee7426,expense,14900.00,game,2025-03-14,2025-03-14 14:46:00+00,d6c2f9dc-62aa-4d66-ae36-b8dd7f048e9c,
b0b96adc-5c47-4136-b0ec-dcf83a6b4da8,9bead5bd-27cc-4bce-b348-dfdfe52bbcfa,a95286ad-558f-456c-a43e-791b6bee7426,expense,5000.00,-,2025-04-26,2025-04-26 06:10:00+00,1b52f4eb-1774-4bbf-9d75-2f22061418c0,
b0d7c038-3ce0-4ce9-9b23-9de64b46a4f7,9bead5bd-27cc-4bce-b348-dfdfe52bbcfa,9e8d127f-fba2-437a-b77c-7f1f0074cf2a,expense,13000.00,-,2025-12-09,2025-12-09 12:12:00+00,ef0c2451-f7a3-483f-b498-009cff598508,
b0ee0fbc-705a-4cd4-a04c-43a20e3ab4cd,9bead5bd-27cc-4bce-b348-dfdfe52bbcfa,d6b7f46d-c8b4-4cdf-822a-80d1083c7393,expense,12000.00,-,2025-04-12,2025-04-12 11:09:00+00,ef0c2451-f7a3-483f-b498-009cff598508,
b0f7ea30-fb4f-4d14-9d41-6feef81925b0,9bead5bd-27cc-4bce-b348-dfdfe52bbcfa,,transfer,14000.00,,2026-05-18,2026-05-18 09:20:00+00,1b52f4eb-1774-4bbf-9d75-2f22061418c0,ef0c2451-f7a3-483f-b498-009cff598508
b10cd493-d083-4b6d-b5a4-af7f1dc51465,9bead5bd-27cc-4bce-b348-dfdfe52bbcfa,,transfer,14000.00,-,2025-04-26,2025-04-26 05:47:00+00,ef0c2451-f7a3-483f-b498-009cff598508,d6c2f9dc-62aa-4d66-ae36-b8dd7f048e9c
b135c1c6-9bdf-45c4-ab17-b9cdb2dbfd3e,9bead5bd-27cc-4bce-b348-dfdfe52bbcfa,,transfer,21000.00,-,2025-11-17,2025-11-17 06:01:00+00,ef945642-f8b2-43e7-8f16-1dfdf9802e69,d6c2f9dc-62aa-4d66-ae36-b8dd7f048e9c
b1424d3d-af3f-4106-b8b4-3dc4e9be07f2,9bead5bd-27cc-4bce-b348-dfdfe52bbcfa,,transfer,31000.00,-,2025-12-05,2025-12-05 18:52:00+00,d6c2f9dc-62aa-4d66-ae36-b8dd7f048e9c,82d51ed1-5076-450e-8ae1-4bbe92cec701
b1842513-b7be-44de-bf47-bc9d22352cac,9bead5bd-27cc-4bce-b348-dfdfe52bbcfa,,transfer,40000.00,-,2025-02-19,2025-02-19 12:14:00+00,d6c2f9dc-62aa-4d66-ae36-b8dd7f048e9c,1b52f4eb-1774-4bbf-9d75-2f22061418c0
b1c0a44f-bdfc-4645-826b-3b91d6a30066,9bead5bd-27cc-4bce-b348-dfdfe52bbcfa,,transfer,55000.00,-,2025-12-25,2025-12-25 20:09:00+00,1b52f4eb-1774-4bbf-9d75-2f22061418c0,ef0c2451-f7a3-483f-b498-009cff598508
b1d51894-60f6-46d9-a850-38e81dd4d219,9bead5bd-27cc-4bce-b348-dfdfe52bbcfa,96451090-fe19-4a49-923c-34e2b0645bb4,expense,11000.00,turnitin,2025-08-22,2025-08-22 19:00:00+00,d6c2f9dc-62aa-4d66-ae36-b8dd7f048e9c,
b1d7b6d5-0f5e-4271-a426-027658a931e2,9bead5bd-27cc-4bce-b348-dfdfe52bbcfa,04bbb778-c16c-48b3-86d6-e5bceea67e4d,expense,14000.00,-,2025-09-16,2025-09-16 16:52:00+00,ef0c2451-f7a3-483f-b498-009cff598508,
b21ef4f3-8dff-457c-9ec6-1fb73a205703,9bead5bd-27cc-4bce-b348-dfdfe52bbcfa,0413cdfe-d251-4bca-bd5f-5d520d7076f6,income,651660.00,,2026-02-25,2026-02-25 06:24:00+00,ef945642-f8b2-43e7-8f16-1dfdf9802e69,
b2974bb3-9ae5-4f74-8999-d72053ffe363,9bead5bd-27cc-4bce-b348-dfdfe52bbcfa,89af7f66-fcf6-4ede-85ce-97818d8ee5e5,expense,37000.00,,2026-04-15,2026-04-15 18:51:00+00,ef0c2451-f7a3-483f-b498-009cff598508,
b29957d6-9030-497c-8074-9ac498d78d67,9bead5bd-27cc-4bce-b348-dfdfe52bbcfa,9e8d127f-fba2-437a-b77c-7f1f0074cf2a,expense,15000.00,-,2025-10-22,2025-10-22 19:03:00+00,1b52f4eb-1774-4bbf-9d75-2f22061418c0,
b2dd459b-4305-4ed5-924f-2196d4b2a8c1,9bead5bd-27cc-4bce-b348-dfdfe52bbcfa,9e8d127f-fba2-437a-b77c-7f1f0074cf2a,expense,20000.00,,2026-02-12,2026-02-12 12:42:00+00,ef0c2451-f7a3-483f-b498-009cff598508,
b2e41eb5-be29-40e0-a3d5-e8f23542e634,9bead5bd-27cc-4bce-b348-dfdfe52bbcfa,c363bb9a-e1c1-4485-a21b-d5cb69be8ac5,expense,50000.00,,2026-06-03,2026-06-03 13:00:00+00,1b52f4eb-1774-4bbf-9d75-2f22061418c0,
b2f9b60a-c48e-438f-8d12-4967e9624daa,9bead5bd-27cc-4bce-b348-dfdfe52bbcfa,9e8d127f-fba2-437a-b77c-7f1f0074cf2a,expense,15000.00,-,2025-01-11,2025-01-11 16:13:00+00,1b52f4eb-1774-4bbf-9d75-2f22061418c0,
b348f06d-900d-49fe-8df0-f476b7b90c5d,9bead5bd-27cc-4bce-b348-dfdfe52bbcfa,9e8d127f-fba2-437a-b77c-7f1f0074cf2a,expense,35000.00,,2026-03-17,2026-03-17 18:49:00+00,ef0c2451-f7a3-483f-b498-009cff598508,
b34c783a-dad1-4144-8857-82197f84c9e5,9bead5bd-27cc-4bce-b348-dfdfe52bbcfa,c363bb9a-e1c1-4485-a21b-d5cb69be8ac5,expense,100000.00,,2026-06-10,2026-06-10 07:39:00+00,ef0c2451-f7a3-483f-b498-009cff598508,
b3652832-3c0c-474c-ba46-c3a0b61903cf,9bead5bd-27cc-4bce-b348-dfdfe52bbcfa,ef5c334f-9678-43a1-a24d-06ddf2ae4336,income,15500.00,Koreksi saldo,2025-07-16,2025-07-16 19:54:32+00,ef0c2451-f7a3-483f-b498-009cff598508,
b36e0abd-5372-4a28-9989-8a74c00217bd,9bead5bd-27cc-4bce-b348-dfdfe52bbcfa,,transfer,50000.00,-,2025-11-14,2025-11-14 08:55:00+00,1b52f4eb-1774-4bbf-9d75-2f22061418c0,82d51ed1-5076-450e-8ae1-4bbe92cec701
b374d1ad-c955-4465-b7a3-3bdc7faa54e2,9bead5bd-27cc-4bce-b348-dfdfe52bbcfa,c55296a5-4e89-4ecd-a694-75d9d426b104,expense,14900.00,,2026-08-03,2026-08-03 17:49:00+00,d6c2f9dc-62aa-4d66-ae36-b8dd7f048e9c,
b37556c8-fbd4-477d-910f-d9e797b2ab3c,9bead5bd-27cc-4bce-b348-dfdfe52bbcfa,9e8d127f-fba2-437a-b77c-7f1f0074cf2a,expense,14400.00,,2026-04-12,2026-04-12 10:04:00+00,d6c2f9dc-62aa-4d66-ae36-b8dd7f048e9c,
b3a25548-9e67-4010-a126-c255031d00bd,9bead5bd-27cc-4bce-b348-dfdfe52bbcfa,9e8d127f-fba2-437a-b77c-7f1f0074cf2a,expense,27000.00,-,2025-10-23,2025-10-23 19:05:00+00,1b52f4eb-1774-4bbf-9d75-2f22061418c0,
b3df71f8-cf8a-4933-9dce-d7dcd04647fb,9bead5bd-27cc-4bce-b348-dfdfe52bbcfa,c2fa641c-c10c-46ea-a69b-e2e8fab6d2ef,expense,17000.00,-,2025-03-25,2025-03-25 03:45:00+00,1db96cc4-753b-4ea9-bdf5-9cf9c71fb00b,
b492609c-c167-4a03-a8a7-57f200739d9a,9bead5bd-27cc-4bce-b348-dfdfe52bbcfa,06c4dac0-5cd5-43ae-aeab-bd0ac041116b,expense,11550.00,,2026-08-05,2026-08-05 12:51:00+00,ef945642-f8b2-43e7-8f16-1dfdf9802e69,
b4a1d793-8df8-4fd7-9a30-442b2355e994,9bead5bd-27cc-4bce-b348-dfdfe52bbcfa,89af7f66-fcf6-4ede-85ce-97818d8ee5e5,expense,25100.00,deo,2025-02-02,2025-02-02 21:08:00+00,ef0c2451-f7a3-483f-b498-009cff598508,
b4b47f6f-efbd-4464-bcbb-642c2f7650a6,9bead5bd-27cc-4bce-b348-dfdfe52bbcfa,,transfer,140415.00,-,2025-11-01,2025-11-01 10:04:00+00,d6c2f9dc-62aa-4d66-ae36-b8dd7f048e9c,ef945642-f8b2-43e7-8f16-1dfdf9802e69
b4be9d58-ce0f-4477-aacc-ed4eac056c22,9bead5bd-27cc-4bce-b348-dfdfe52bbcfa,9e8d127f-fba2-437a-b77c-7f1f0074cf2a,expense,12000.00,-,2025-05-10,2025-05-10 21:50:00+00,1db96cc4-753b-4ea9-bdf5-9cf9c71fb00b,
b4d6f03f-da03-4a0b-85cb-87ea03e91ee3,9bead5bd-27cc-4bce-b348-dfdfe52bbcfa,,transfer,18000.00,,2026-01-01,2026-01-01 18:56:00+00,d6c2f9dc-62aa-4d66-ae36-b8dd7f048e9c,ef0c2451-f7a3-483f-b498-009cff598508
b4df06da-b96d-4311-a493-fd1e52c1d653,9bead5bd-27cc-4bce-b348-dfdfe52bbcfa,,transfer,20000.00,-,2025-02-21,2025-02-21 11:21:00+00,1b52f4eb-1774-4bbf-9d75-2f22061418c0,1db96cc4-753b-4ea9-bdf5-9cf9c71fb00b
b500bb35-e0cc-45eb-98d2-ae21c0d6036b,9bead5bd-27cc-4bce-b348-dfdfe52bbcfa,3d15abb3-b62b-4772-b093-5880019049e3,expense,9000.00,,2026-08-04,2026-08-04 15:36:00+00,ef0c2451-f7a3-483f-b498-009cff598508,
b530dc77-6f47-47b4-93e1-68bf6e1d4832,9bead5bd-27cc-4bce-b348-dfdfe52bbcfa,,transfer,10000.00,-,2025-04-05,2025-04-05 10:02:00+00,d6c2f9dc-62aa-4d66-ae36-b8dd7f048e9c,1b52f4eb-1774-4bbf-9d75-2f22061418c0
b5356582-a555-4786-b900-2b83abf0649b,9bead5bd-27cc-4bce-b348-dfdfe52bbcfa,861e04d0-951b-45e5-bf64-e0aecaf43eb7,expense,5000.00,map,2025-01-10,2025-01-10 09:45:00+00,1b52f4eb-1774-4bbf-9d75-2f22061418c0,
b5615e8d-6918-4612-a792-66b5bcff584c,9bead5bd-27cc-4bce-b348-dfdfe52bbcfa,c7abc874-efb2-4281-a6cb-6f241da98254,income,7500.00,,2026-01-28,2026-01-28 04:49:00+00,8d5cd0ca-c9ea-4d7b-b428-4a0dedc8d833,
b564da6c-cc35-4816-9784-c55f1cc33a63,9bead5bd-27cc-4bce-b348-dfdfe52bbcfa,417ffb54-8c5d-49a6-90bd-9748bb065b43,expense,15000.00,kopi,2025-10-03,2025-10-03 15:41:00+00,1b52f4eb-1774-4bbf-9d75-2f22061418c0,
b56a4955-347d-4dd8-833b-cc2a04994664,9bead5bd-27cc-4bce-b348-dfdfe52bbcfa,,transfer,20400.00,,2026-06-28,2026-06-28 12:32:00+00,82d51ed1-5076-450e-8ae1-4bbe92cec701,ef0c2451-f7a3-483f-b498-009cff598508
b57f3bee-92c8-4685-a05d-2b756282c4a3,9bead5bd-27cc-4bce-b348-dfdfe52bbcfa,9e8d127f-fba2-437a-b77c-7f1f0074cf2a,expense,28000.00,-,2025-08-06,2025-08-06 21:08:00+00,d6c2f9dc-62aa-4d66-ae36-b8dd7f048e9c,
b5884ab6-973b-4b1b-be24-8d7a53701c35,9bead5bd-27cc-4bce-b348-dfdfe52bbcfa,c363bb9a-e1c1-4485-a21b-d5cb69be8ac5,expense,50000.00,-,2025-12-20,2025-12-20 19:54:00+00,1b52f4eb-1774-4bbf-9d75-2f22061418c0,
b5ad7047-f878-41a2-b46b-28a6281313cc,9bead5bd-27cc-4bce-b348-dfdfe52bbcfa,417ffb54-8c5d-49a6-90bd-9748bb065b43,expense,10000.00,-,2025-12-26,2025-12-26 19:49:00+00,ef0c2451-f7a3-483f-b498-009cff598508,
b5b563e0-7118-441f-910c-afad5d6c079f,9bead5bd-27cc-4bce-b348-dfdfe52bbcfa,9e8d127f-fba2-437a-b77c-7f1f0074cf2a,expense,16000.00,,2026-04-05,2026-04-05 20:51:00+00,ef0c2451-f7a3-483f-b498-009cff598508,
b5ed4f28-a493-4a11-a693-900b847a0ade,9bead5bd-27cc-4bce-b348-dfdfe52bbcfa,f37df41e-f249-4312-886a-c27968ccb934,expense,14800.00,,2026-01-02,2026-01-02 19:30:00+00,ef0c2451-f7a3-483f-b498-009cff598508,
b5f4e680-5dea-4245-bead-04f572495ad3,9bead5bd-27cc-4bce-b348-dfdfe52bbcfa,73a6b95b-efdb-4afd-bda5-2a6aedd82af4,expense,40400.00,baju,2025-02-18,2025-02-18 02:19:00+00,d6c2f9dc-62aa-4d66-ae36-b8dd7f048e9c,
b65d0180-d57f-4ab4-a571-661e0e4491ae,9bead5bd-27cc-4bce-b348-dfdfe52bbcfa,96451090-fe19-4a49-923c-34e2b0645bb4,expense,9200.00,turnitin,2025-08-22,2025-08-22 18:59:00+00,ef0c2451-f7a3-483f-b498-009cff598508,
b66fbf8b-a97d-456d-9a06-0deb2a71d532,9bead5bd-27cc-4bce-b348-dfdfe52bbcfa,ef5c334f-9678-43a1-a24d-06ddf2ae4336,expense,500.00,Koreksi saldo,2025-08-23,2025-08-23 06:49:00+00,d6c2f9dc-62aa-4d66-ae36-b8dd7f048e9c,
b6720b4a-b256-4913-b2cd-5ca7770d1f20,9bead5bd-27cc-4bce-b348-dfdfe52bbcfa,a95286ad-558f-456c-a43e-791b6bee7426,expense,13000.00,cafe,2025-01-18,2025-01-18 20:05:00+00,1b52f4eb-1774-4bbf-9d75-2f22061418c0,
b67406d3-a21b-4875-8f9a-7281404fb0b4,9bead5bd-27cc-4bce-b348-dfdfe52bbcfa,e53b2a49-3ff8-4f1c-b16f-7e4eb7057130,expense,2000.00,-,2025-10-25,2025-10-25 15:04:00+00,1b52f4eb-1774-4bbf-9d75-2f22061418c0,
b687a5b7-7406-4e4f-91ed-0c3e1298c692,9bead5bd-27cc-4bce-b348-dfdfe52bbcfa,9e8d127f-fba2-437a-b77c-7f1f0074cf2a,expense,20000.00,-,2025-12-14,2025-12-14 14:38:00+00,ef0c2451-f7a3-483f-b498-009cff598508,
b69d5a53-cc13-47e6-8e3f-793252bf97fa,9bead5bd-27cc-4bce-b348-dfdfe52bbcfa,ef5c334f-9678-43a1-a24d-06ddf2ae4336,income,4000.00,Koreksi saldo,2025-02-11,2025-02-11 18:03:23+00,1b52f4eb-1774-4bbf-9d75-2f22061418c0,
b69f51ec-b22f-431b-8365-deb54ea81fca,9bead5bd-27cc-4bce-b348-dfdfe52bbcfa,9e8d127f-fba2-437a-b77c-7f1f0074cf2a,expense,9000.00,,2026-05-03,2026-05-03 12:06:00+00,ef0c2451-f7a3-483f-b498-009cff598508,
b6a42e33-06ca-40d4-960d-6be53f989cb4,9bead5bd-27cc-4bce-b348-dfdfe52bbcfa,,transfer,44500.00,,2026-06-13,2026-06-13 17:47:00+00,82d51ed1-5076-450e-8ae1-4bbe92cec701,1b52f4eb-1774-4bbf-9d75-2f22061418c0
b6bc47f5-307a-435a-91a4-4a9447e5c381,9bead5bd-27cc-4bce-b348-dfdfe52bbcfa,e53b2a49-3ff8-4f1c-b16f-7e4eb7057130,expense,2000.00,,2026-03-28,2026-03-28 18:55:00+00,1b52f4eb-1774-4bbf-9d75-2f22061418c0,
b6cd244b-8314-4a81-87a3-6586b3295bdf,9bead5bd-27cc-4bce-b348-dfdfe52bbcfa,e53b2a49-3ff8-4f1c-b16f-7e4eb7057130,expense,5000.00,,2026-02-14,2026-02-14 10:50:00+00,1b52f4eb-1774-4bbf-9d75-2f22061418c0,
b6ceb679-9501-47af-924b-d7f143c93e2c,9bead5bd-27cc-4bce-b348-dfdfe52bbcfa,04bbb778-c16c-48b3-86d6-e5bceea67e4d,expense,18500.00,-,2025-07-26,2025-07-26 01:00:00+00,ef0c2451-f7a3-483f-b498-009cff598508,
b6fb5555-09ba-4255-bfd6-88b3d81af8d9,9bead5bd-27cc-4bce-b348-dfdfe52bbcfa,a95286ad-558f-456c-a43e-791b6bee7426,expense,21000.00,-,2025-04-26,2025-04-26 06:09:00+00,ef0c2451-f7a3-483f-b498-009cff598508,
b7131a44-bca7-4c16-b95d-3553e8983f85,9bead5bd-27cc-4bce-b348-dfdfe52bbcfa,,transfer,884500.00,,2026-06-27,2026-06-27 11:51:00+00,ef0c2451-f7a3-483f-b498-009cff598508,d1d65a47-79be-472a-8e7c-191ddef21252
b74b48fc-969d-454b-a46b-bbb3e0e24cf4,9bead5bd-27cc-4bce-b348-dfdfe52bbcfa,,transfer,24000.00,-,2025-08-02,2025-08-02 20:12:00+00,ef0c2451-f7a3-483f-b498-009cff598508,82d51ed1-5076-450e-8ae1-4bbe92cec701
b76706e3-6cd7-4784-ba92-c1c1f009733b,9bead5bd-27cc-4bce-b348-dfdfe52bbcfa,9e8d127f-fba2-437a-b77c-7f1f0074cf2a,expense,8000.00,-,2025-09-24,2025-09-24 18:12:00+00,82d51ed1-5076-450e-8ae1-4bbe92cec701,
b7941090-8dc2-48e0-bc02-499bdd3286b8,9bead5bd-27cc-4bce-b348-dfdfe52bbcfa,861e04d0-951b-45e5-bf64-e0aecaf43eb7,expense,22000.00,print,2025-01-09,2025-01-09 12:32:00+00,1b52f4eb-1774-4bbf-9d75-2f22061418c0,
b7a0236e-3972-4c0f-a649-55a9813bfa9f,9bead5bd-27cc-4bce-b348-dfdfe52bbcfa,,transfer,10000.00,,2026-01-17,2026-01-17 16:30:00+00,8d5cd0ca-c9ea-4d7b-b428-4a0dedc8d833,82d51ed1-5076-450e-8ae1-4bbe92cec701
b7b0e00b-400b-4bad-b132-ce698dab63c8,9bead5bd-27cc-4bce-b348-dfdfe52bbcfa,ef5c334f-9678-43a1-a24d-06ddf2ae4336,income,21.00,Koreksi saldo,2025-01-02,2025-01-02 14:49:54+00,ef0c2451-f7a3-483f-b498-009cff598508,
b7c88959-d8b2-4494-a673-8812c8b3ac03,9bead5bd-27cc-4bce-b348-dfdfe52bbcfa,9e8d127f-fba2-437a-b77c-7f1f0074cf2a,expense,13000.00,,2026-01-25,2026-01-25 18:20:00+00,ef0c2451-f7a3-483f-b498-009cff598508,
b7c8cd34-2fd5-4b60-885a-5a35044c4bb5,9bead5bd-27cc-4bce-b348-dfdfe52bbcfa,,transfer,100000.00,,2026-07-31,2026-07-31 15:40:00+00,ef0c2451-f7a3-483f-b498-009cff598508,d6c2f9dc-62aa-4d66-ae36-b8dd7f048e9c
b7d24067-a1aa-43f5-ac2c-f5402fc4aefb,9bead5bd-27cc-4bce-b348-dfdfe52bbcfa,,transfer,30500.00,-,2025-11-17,2025-11-17 06:25:00+00,ef945642-f8b2-43e7-8f16-1dfdf9802e69,d6c2f9dc-62aa-4d66-ae36-b8dd7f048e9c
b7ff0453-b6e3-4050-9535-38f55de80fbb,9bead5bd-27cc-4bce-b348-dfdfe52bbcfa,,transfer,50000.00,-,2025-01-05,2025-01-05 06:34:00+00,ef0c2451-f7a3-483f-b498-009cff598508,1b52f4eb-1774-4bbf-9d75-2f22061418c0
b802b0ad-3784-47d6-8cd2-55078f72a6a0,9bead5bd-27cc-4bce-b348-dfdfe52bbcfa,,transfer,5500.00,,2026-06-13,2026-06-13 17:47:00+00,5d613a77-a05e-464c-ae45-0d5540681ac7,1b52f4eb-1774-4bbf-9d75-2f22061418c0
b84d2530-ffcc-400b-b11b-51237dd58577,9bead5bd-27cc-4bce-b348-dfdfe52bbcfa,,transfer,1790250.00,,2026-06-30,2026-06-30 17:43:00+00,ef945642-f8b2-43e7-8f16-1dfdf9802e69,d1d65a47-79be-472a-8e7c-191ddef21252
b8579383-81e9-406d-a532-f404d749d6a9,9bead5bd-27cc-4bce-b348-dfdfe52bbcfa,04d94b74-503f-4e20-b426-649acd17779d,income,50000.00,ibun,2025-01-13,2025-01-13 08:26:00+00,1b52f4eb-1774-4bbf-9d75-2f22061418c0,
b86aadd8-1483-4f93-8ffc-4da049e4321f,9bead5bd-27cc-4bce-b348-dfdfe52bbcfa,e53b2a49-3ff8-4f1c-b16f-7e4eb7057130,expense,3000.00,,2026-05-12,2026-05-12 14:21:00+00,1b52f4eb-1774-4bbf-9d75-2f22061418c0,
b86bf1c2-151e-4aa4-b040-32773877b746,9bead5bd-27cc-4bce-b348-dfdfe52bbcfa,9e8d127f-fba2-437a-b77c-7f1f0074cf2a,expense,15000.00,-,2025-09-27,2025-09-27 13:56:00+00,1b52f4eb-1774-4bbf-9d75-2f22061418c0,
b87e5771-4866-4ac0-acfa-36d881c15b86,9bead5bd-27cc-4bce-b348-dfdfe52bbcfa,,transfer,14000.00,-,2025-07-06,2025-07-06 08:33:00+00,ef0c2451-f7a3-483f-b498-009cff598508,1b52f4eb-1774-4bbf-9d75-2f22061418c0
b8afd5b7-4922-4763-8ad6-e116b6c83439,9bead5bd-27cc-4bce-b348-dfdfe52bbcfa,,transfer,883000.00,,2026-07-31,2026-07-31 11:01:00+00,ef0c2451-f7a3-483f-b498-009cff598508,ef945642-f8b2-43e7-8f16-1dfdf9802e69
b8e51391-c1d2-4ed4-b200-d14c65308052,9bead5bd-27cc-4bce-b348-dfdfe52bbcfa,9e8d127f-fba2-437a-b77c-7f1f0074cf2a,expense,20000.00,-,2025-01-07,2025-01-07 22:55:00+00,1db96cc4-753b-4ea9-bdf5-9cf9c71fb00b,
b8f58b53-9530-4d60-9613-d3e8ecc81f93,9bead5bd-27cc-4bce-b348-dfdfe52bbcfa,d6b7f46d-c8b4-4cdf-822a-80d1083c7393,expense,12000.00,,2026-01-04,2026-01-04 09:01:00+00,ef0c2451-f7a3-483f-b498-009cff598508,
b8f69421-47e9-4b11-b552-80ea1d968afd,9bead5bd-27cc-4bce-b348-dfdfe52bbcfa,9e8d127f-fba2-437a-b77c-7f1f0074cf2a,expense,10000.00,-,2025-11-19,2025-11-19 11:11:00+00,82d51ed1-5076-450e-8ae1-4bbe92cec701,
b90a6fc2-9ee8-4e79-9ccb-d96a2b6062ef,9bead5bd-27cc-4bce-b348-dfdfe52bbcfa,9e8d127f-fba2-437a-b77c-7f1f0074cf2a,expense,8000.00,-,2025-05-24,2025-05-24 19:11:00+00,1b52f4eb-1774-4bbf-9d75-2f22061418c0,
b910065a-2b38-4141-a282-980c6583dab9,9bead5bd-27cc-4bce-b348-dfdfe52bbcfa,9e8d127f-fba2-437a-b77c-7f1f0074cf2a,expense,14000.00,-,2025-05-15,2025-05-15 09:36:00+00,ef0c2451-f7a3-483f-b498-009cff598508,
b912f35d-a378-4be8-bfd7-736e75d0b19e,9bead5bd-27cc-4bce-b348-dfdfe52bbcfa,,transfer,99000.00,-,2025-04-10,2025-04-10 11:57:00+00,ef0c2451-f7a3-483f-b498-009cff598508,d6c2f9dc-62aa-4d66-ae36-b8dd7f048e9c
b921c3ee-b9b2-438f-b28b-cae518778a46,9bead5bd-27cc-4bce-b348-dfdfe52bbcfa,04d94b74-503f-4e20-b426-649acd17779d,expense,96700.00,Hadiah kuliah (Transaction 5 Januari),2025-01-05,2025-01-05 22:00:00+00,ef0c2451-f7a3-483f-b498-009cff598508,
b9516d56-2b43-441d-88d8-53c04a2ae5e9,9bead5bd-27cc-4bce-b348-dfdfe52bbcfa,417ffb54-8c5d-49a6-90bd-9748bb065b43,expense,14000.00,-,2025-11-01,2025-11-01 19:23:00+00,ef0c2451-f7a3-483f-b498-009cff598508,
b952e9b4-1a18-41e8-9f21-1272931b58e3,9bead5bd-27cc-4bce-b348-dfdfe52bbcfa,9e8d127f-fba2-437a-b77c-7f1f0074cf2a,expense,19400.00,,2026-03-15,2026-03-15 21:13:00+00,d6c2f9dc-62aa-4d66-ae36-b8dd7f048e9c,
b9759953-6aa3-424b-8de1-83b157d5660a,9bead5bd-27cc-4bce-b348-dfdfe52bbcfa,,transfer,18000.00,,2026-06-12,2026-06-12 15:36:00+00,5d613a77-a05e-464c-ae45-0d5540681ac7,1b52f4eb-1774-4bbf-9d75-2f22061418c0
b9820cdf-ea26-4de2-9c57-2eb559e8f8ad,9bead5bd-27cc-4bce-b348-dfdfe52bbcfa,69cbbe19-e8fa-45c5-a250-77fd8aa3d98e,expense,50000.00,listrik,2025-05-09,2025-05-09 20:44:00+00,d6c2f9dc-62aa-4d66-ae36-b8dd7f048e9c,
b9845d47-27d5-4a25-ad42-d364bbddf16e,9bead5bd-27cc-4bce-b348-dfdfe52bbcfa,,transfer,250000.00,-,2025-09-09,2025-09-09 22:29:00+00,ef0c2451-f7a3-483f-b498-009cff598508,1b52f4eb-1774-4bbf-9d75-2f22061418c0
b9932bf0-7c7f-46af-88a7-599559ac3ba0,9bead5bd-27cc-4bce-b348-dfdfe52bbcfa,9e8d127f-fba2-437a-b77c-7f1f0074cf2a,expense,13000.00,-,2025-11-19,2025-11-19 18:51:00+00,d6c2f9dc-62aa-4d66-ae36-b8dd7f048e9c,
b99f110c-2086-4663-a4d2-9a981c8628e6,9bead5bd-27cc-4bce-b348-dfdfe52bbcfa,9e8d127f-fba2-437a-b77c-7f1f0074cf2a,expense,20000.00,,2026-03-27,2026-03-27 10:27:00+00,ef0c2451-f7a3-483f-b498-009cff598508,
b9b05b5b-538a-450e-82ff-0a9c7f77d7f1,9bead5bd-27cc-4bce-b348-dfdfe52bbcfa,,transfer,30000.00,faris,2025-08-27,2025-08-27 18:32:00+00,1b52f4eb-1774-4bbf-9d75-2f22061418c0,82d51ed1-5076-450e-8ae1-4bbe92cec701
b9e8400c-0fa6-4a53-9b2d-b2e4742d1b6d,9bead5bd-27cc-4bce-b348-dfdfe52bbcfa,,transfer,50000.00,-,2025-04-09,2025-04-09 07:52:00+00,ef0c2451-f7a3-483f-b498-009cff598508,1db96cc4-753b-4ea9-bdf5-9cf9c71fb00b
ba1df257-75b9-4c3f-8731-8a15d43619de,9bead5bd-27cc-4bce-b348-dfdfe52bbcfa,,transfer,32000.00,-,2025-04-06,2025-04-06 12:17:00+00,d6c2f9dc-62aa-4d66-ae36-b8dd7f048e9c,ef0c2451-f7a3-483f-b498-009cff598508
ba35cfb8-2033-421a-9c7b-ed07dbd2ec83,9bead5bd-27cc-4bce-b348-dfdfe52bbcfa,417ffb54-8c5d-49a6-90bd-9748bb065b43,expense,10000.00,,2026-08-31,2026-08-31 12:14:00+00,1b52f4eb-1774-4bbf-9d75-2f22061418c0,
ba55eb6c-f679-4160-bd6f-ec9a73de9784,9bead5bd-27cc-4bce-b348-dfdfe52bbcfa,a95286ad-558f-456c-a43e-791b6bee7426,expense,15000.00,-,2025-06-01,2025-06-01 22:06:00+00,ef0c2451-f7a3-483f-b498-009cff598508,
ba9e62d1-5904-4157-8828-e6faf9fa1f8d,9bead5bd-27cc-4bce-b348-dfdfe52bbcfa,9e8d127f-fba2-437a-b77c-7f1f0074cf2a,expense,15000.00,-,2025-06-21,2025-06-21 18:04:00+00,1b52f4eb-1774-4bbf-9d75-2f22061418c0,
baa8222f-ae8a-4630-9bd6-362d14495aa8,9bead5bd-27cc-4bce-b348-dfdfe52bbcfa,417ffb54-8c5d-49a6-90bd-9748bb065b43,expense,14000.00,-,2025-10-15,2025-10-15 19:17:00+00,1b52f4eb-1774-4bbf-9d75-2f22061418c0,
bac1d40f-7ff8-435e-a458-5f70d8c673e9,9bead5bd-27cc-4bce-b348-dfdfe52bbcfa,9e8d127f-fba2-437a-b77c-7f1f0074cf2a,expense,8000.00,-,2025-02-13,2025-02-13 12:43:00+00,d6c2f9dc-62aa-4d66-ae36-b8dd7f048e9c,
bacb5aa6-3a43-4226-be05-71471adca0ac,9bead5bd-27cc-4bce-b348-dfdfe52bbcfa,3d15abb3-b62b-4772-b093-5880019049e3,expense,24500.00,galon,2026-01-27,2026-01-27 18:25:00+00,ef0c2451-f7a3-483f-b498-009cff598508,
baea80b4-0e70-4f1e-8c5a-5cda160b15d5,9bead5bd-27cc-4bce-b348-dfdfe52bbcfa,e66badba-dce0-4403-80cf-760a4f913399,expense,7500.00,-,2025-02-02,2025-02-02 22:45:00+00,ef0c2451-f7a3-483f-b498-009cff598508,
bb1d6837-63ce-4763-9c03-c031d58aa9d6,9bead5bd-27cc-4bce-b348-dfdfe52bbcfa,c363bb9a-e1c1-4485-a21b-d5cb69be8ac5,expense,50000.00,,2026-02-09,2026-02-09 20:49:00+00,1b52f4eb-1774-4bbf-9d75-2f22061418c0,
bb25c0ec-3245-4148-b175-503b8c2d6fa6,9bead5bd-27cc-4bce-b348-dfdfe52bbcfa,3dfd2937-650e-4dfa-aa82-1532855306a0,expense,21500.00,"coffee, noodles",2025-05-18,2025-05-18 18:27:00+00,1b52f4eb-1774-4bbf-9d75-2f22061418c0,
bb3d59b5-0e0b-4f0b-aabc-8d8dd1bf5303,9bead5bd-27cc-4bce-b348-dfdfe52bbcfa,,transfer,20000.00,makanan depan um 2,2025-12-18,2025-12-18 08:09:00+00,ef0c2451-f7a3-483f-b498-009cff598508,82d51ed1-5076-450e-8ae1-4bbe92cec701
bb507c18-dfb7-48db-89f3-fc0f8b0ec143,9bead5bd-27cc-4bce-b348-dfdfe52bbcfa,,transfer,44000.00,-,2025-05-22,2025-05-22 10:17:00+00,ef0c2451-f7a3-483f-b498-009cff598508,4d401094-2758-4a23-b355-6f5250d51a16
bb5ddc96-fa2e-45a5-a364-679f12cb6d4b,9bead5bd-27cc-4bce-b348-dfdfe52bbcfa,,transfer,15000.00,-,2025-08-11,2025-08-11 15:00:00+00,1b52f4eb-1774-4bbf-9d75-2f22061418c0,82d51ed1-5076-450e-8ae1-4bbe92cec701
bb861682-cc57-45ae-a12c-eac90ca26b55,9bead5bd-27cc-4bce-b348-dfdfe52bbcfa,9e8d127f-fba2-437a-b77c-7f1f0074cf2a,expense,15000.00,,2026-01-15,2026-01-15 17:57:00+00,ef0c2451-f7a3-483f-b498-009cff598508,
bb9be527-5806-4b7a-89d6-417a08a173c7,9bead5bd-27cc-4bce-b348-dfdfe52bbcfa,,transfer,50000.00,-,2025-02-11,2025-02-11 15:03:00+00,c2b7adda-52b3-4d0f-949b-8c8f2930f6b0,ef0c2451-f7a3-483f-b498-009cff598508
bb9ea75a-6c88-4f6b-afa2-5544f086efe1,9bead5bd-27cc-4bce-b348-dfdfe52bbcfa,,transfer,1000000.00,-,2025-09-02,2025-09-02 18:52:00+00,82d51ed1-5076-450e-8ae1-4bbe92cec701,ef945642-f8b2-43e7-8f16-1dfdf9802e69
bbb73707-9763-43f3-b676-2f7553bd81d3,9bead5bd-27cc-4bce-b348-dfdfe52bbcfa,06c4dac0-5cd5-43ae-aeab-bd0ac041116b,expense,6000.00,-,2025-10-15,2025-10-15 19:07:00+00,1b52f4eb-1774-4bbf-9d75-2f22061418c0,
bbbdbee5-8326-40af-8375-e2f49c73a47f,9bead5bd-27cc-4bce-b348-dfdfe52bbcfa,,transfer,125597.00,-,2025-07-25,2025-07-25 08:37:00+00,c2b7adda-52b3-4d0f-949b-8c8f2930f6b0,d6c2f9dc-62aa-4d66-ae36-b8dd7f048e9c
bbe906a0-d649-4328-a772-e50dd2b3ffcf,9bead5bd-27cc-4bce-b348-dfdfe52bbcfa,ef5c334f-9678-43a1-a24d-06ddf2ae4336,expense,3000.00,Koreksi saldo,2025-07-30,2025-07-30 21:30:00+00,82d51ed1-5076-450e-8ae1-4bbe92cec701,
bbeec451-a360-4d14-9fee-a89ab625ba35,9bead5bd-27cc-4bce-b348-dfdfe52bbcfa,,transfer,843000.00,,2026-03-23,2026-03-23 15:36:00+00,ef945642-f8b2-43e7-8f16-1dfdf9802e69,d1d65a47-79be-472a-8e7c-191ddef21252
bc9a65d3-2d13-4494-9884-8eb88fe314df,9bead5bd-27cc-4bce-b348-dfdfe52bbcfa,4cc387d6-39b2-4734-9cf8-c0f2c3e66205,income,1485000.00,-,2025-07-23,2025-07-23 20:23:00+00,c2b7adda-52b3-4d0f-949b-8c8f2930f6b0,
bcd224eb-9147-4a2c-bc4a-3906c06e7115,9bead5bd-27cc-4bce-b348-dfdfe52bbcfa,9e8d127f-fba2-437a-b77c-7f1f0074cf2a,expense,15000.00,,2026-03-05,2026-03-05 18:30:00+00,1b52f4eb-1774-4bbf-9d75-2f22061418c0,
bcdfb8dc-ab7d-4d53-a8c5-8826cbfb2b9c,9bead5bd-27cc-4bce-b348-dfdfe52bbcfa,,transfer,100000.00,,2026-07-10,2026-07-10 12:59:00+00,ef0c2451-f7a3-483f-b498-009cff598508,d6c2f9dc-62aa-4d66-ae36-b8dd7f048e9c
bce57dd6-8657-443a-9d47-fbfab0c8e3c8,9bead5bd-27cc-4bce-b348-dfdfe52bbcfa,06c4dac0-5cd5-43ae-aeab-bd0ac041116b,expense,4000.00,baut,2026-08-03,2026-08-03 17:49:00+00,1b52f4eb-1774-4bbf-9d75-2f22061418c0,
bd09709a-cb72-4ec4-a32c-8c51e1baeb5d,9bead5bd-27cc-4bce-b348-dfdfe52bbcfa,9e8d127f-fba2-437a-b77c-7f1f0074cf2a,expense,10000.00,,2026-06-05,2026-06-05 17:52:00+00,1b52f4eb-1774-4bbf-9d75-2f22061418c0,
bd139c38-29bc-450b-b7b8-9eadb7844806,9bead5bd-27cc-4bce-b348-dfdfe52bbcfa,9e8d127f-fba2-437a-b77c-7f1f0074cf2a,expense,23500.00,-,2025-05-31,2025-05-31 12:59:00+00,d6c2f9dc-62aa-4d66-ae36-b8dd7f048e9c,
bd3b8f44-d3ab-4909-bdbf-7302a9d14f11,9bead5bd-27cc-4bce-b348-dfdfe52bbcfa,ef5c334f-9678-43a1-a24d-06ddf2ae4336,expense,1000.00,Koreksi saldo,2025-04-18,2025-04-18 12:23:46+00,1b52f4eb-1774-4bbf-9d75-2f22061418c0,
bd4c740b-ec94-466f-9c83-2a2088e379f0,9bead5bd-27cc-4bce-b348-dfdfe52bbcfa,,transfer,200000.00,-,2025-07-08,2025-07-08 19:57:00+00,ef0c2451-f7a3-483f-b498-009cff598508,1b52f4eb-1774-4bbf-9d75-2f22061418c0
bd62cf3a-4827-47a4-a580-0bfde53ff547,9bead5bd-27cc-4bce-b348-dfdfe52bbcfa,,transfer,33000.00,-,2025-08-31,2025-08-31 10:42:00+00,82d51ed1-5076-450e-8ae1-4bbe92cec701,d6c2f9dc-62aa-4d66-ae36-b8dd7f048e9c
bd647e55-8eb5-4fdd-8495-5d48ac24f54e,9bead5bd-27cc-4bce-b348-dfdfe52bbcfa,,transfer,29500.00,-,2025-07-23,2025-07-23 20:21:00+00,ef0c2451-f7a3-483f-b498-009cff598508,1db96cc4-753b-4ea9-bdf5-9cf9c71fb00b
bd657fd7-6ea5-45df-b6af-bf6c507645d8,9bead5bd-27cc-4bce-b348-dfdfe52bbcfa,c363bb9a-e1c1-4485-a21b-d5cb69be8ac5,expense,40000.00,-,2025-12-16,2025-12-16 11:22:00+00,1b52f4eb-1774-4bbf-9d75-2f22061418c0,
bd6a0675-2766-482c-a57b-63a872b54f38,9bead5bd-27cc-4bce-b348-dfdfe52bbcfa,e66badba-dce0-4403-80cf-760a4f913399,expense,5000.00,-,2025-08-01,2025-08-01 04:44:00+00,ef0c2451-f7a3-483f-b498-009cff598508,
bd6acfa7-4712-479d-9b0f-d7c99c8eb4ca,9bead5bd-27cc-4bce-b348-dfdfe52bbcfa,9e8d127f-fba2-437a-b77c-7f1f0074cf2a,expense,17800.00,-,2025-01-25,2025-01-25 17:18:00+00,ef0c2451-f7a3-483f-b498-009cff598508,
bd7cccc8-763f-4d23-a109-e57a3be7257d,9bead5bd-27cc-4bce-b348-dfdfe52bbcfa,,transfer,150000.00,-,2025-03-15,2025-03-15 16:37:00+00,ef0c2451-f7a3-483f-b498-009cff598508,1b52f4eb-1774-4bbf-9d75-2f22061418c0
bd9d3dbe-c999-41d5-909d-967cbe940cec,9bead5bd-27cc-4bce-b348-dfdfe52bbcfa,e66badba-dce0-4403-80cf-760a4f913399,expense,500.00,-,2025-02-21,2025-02-21 11:21:00+00,1db96cc4-753b-4ea9-bdf5-9cf9c71fb00b,
bda800c0-269b-4b9c-8b79-f2ebb73e531f,9bead5bd-27cc-4bce-b348-dfdfe52bbcfa,c363bb9a-e1c1-4485-a21b-d5cb69be8ac5,expense,50000.00,-,2025-09-05,2025-09-05 20:48:00+00,1b52f4eb-1774-4bbf-9d75-2f22061418c0,
bdbf9b95-b94e-4f79-929c-c6ed55ccc031,9bead5bd-27cc-4bce-b348-dfdfe52bbcfa,,transfer,14000.00,-,2025-08-17,2025-08-17 22:15:00+00,ef0c2451-f7a3-483f-b498-009cff598508,82d51ed1-5076-450e-8ae1-4bbe92cec701
be034271-3bfe-4650-97f8-ac3a2d5f02dc,9bead5bd-27cc-4bce-b348-dfdfe52bbcfa,9e8d127f-fba2-437a-b77c-7f1f0074cf2a,expense,10000.00,,2026-02-20,2026-02-20 20:05:00+00,ef0c2451-f7a3-483f-b498-009cff598508,
be31872f-f1ff-42e3-852b-940663038fa0,9bead5bd-27cc-4bce-b348-dfdfe52bbcfa,3d15abb3-b62b-4772-b093-5880019049e3,expense,21500.00,,2026-02-20,2026-02-20 19:07:00+00,ef0c2451-f7a3-483f-b498-009cff598508,
be3df7d9-0c12-4099-b187-5f70330bdd39,9bead5bd-27cc-4bce-b348-dfdfe52bbcfa,9e8d127f-fba2-437a-b77c-7f1f0074cf2a,expense,18000.00,-,2025-05-09,2025-05-09 19:55:00+00,d6c2f9dc-62aa-4d66-ae36-b8dd7f048e9c,
be54c858-a2b7-4fa0-8820-01ebffb7db7f,9bead5bd-27cc-4bce-b348-dfdfe52bbcfa,e66badba-dce0-4403-80cf-760a4f913399,expense,1000.00,-,2025-07-30,2025-07-30 19:25:00+00,ef0c2451-f7a3-483f-b498-009cff598508,
be553451-bd38-4922-9ab8-932221c747f2,9bead5bd-27cc-4bce-b348-dfdfe52bbcfa,9e8d127f-fba2-437a-b77c-7f1f0074cf2a,expense,21000.00,-,2025-12-05,2025-12-05 09:51:00+00,ef0c2451-f7a3-483f-b498-009cff598508,
be5ddd41-b4d0-499e-889c-59fef9ebca51,9bead5bd-27cc-4bce-b348-dfdfe52bbcfa,9e8d127f-fba2-437a-b77c-7f1f0074cf2a,expense,13000.00,-,2025-12-07,2025-12-07 18:25:00+00,ef0c2451-f7a3-483f-b498-009cff598508,
be685392-14ec-457d-8e38-ba35d51622ed,9bead5bd-27cc-4bce-b348-dfdfe52bbcfa,94c7c221-c74d-4a89-a0ee-3c71a8260ac6,expense,10000.00,,2026-04-19,2026-04-19 13:41:00+00,ef0c2451-f7a3-483f-b498-009cff598508,
beb119eb-6c60-48b3-a0c8-dec65fc17991,9bead5bd-27cc-4bce-b348-dfdfe52bbcfa,9e8d127f-fba2-437a-b77c-7f1f0074cf2a,expense,13917.00,,2026-06-08,2026-06-08 18:49:00+00,d6c2f9dc-62aa-4d66-ae36-b8dd7f048e9c,
bf0c5027-5a7e-4f3f-9cc2-a67ac4f03dd9,9bead5bd-27cc-4bce-b348-dfdfe52bbcfa,,transfer,73857.00,,2026-06-12,2026-06-12 14:10:00+00,ef945642-f8b2-43e7-8f16-1dfdf9802e69,ef0c2451-f7a3-483f-b498-009cff598508
bf1b240f-5ae3-4618-9438-b4bb4df138aa,9bead5bd-27cc-4bce-b348-dfdfe52bbcfa,73a6b95b-efdb-4afd-bda5-2a6aedd82af4,expense,105500.00,,2026-02-08,2026-02-08 12:19:00+00,d6c2f9dc-62aa-4d66-ae36-b8dd7f048e9c,
bf35c3bf-7398-4ca2-9cc4-995aa53739e6,9bead5bd-27cc-4bce-b348-dfdfe52bbcfa,,transfer,122087.00,,2026-03-02,2026-03-02 21:05:00+00,8d5cd0ca-c9ea-4d7b-b428-4a0dedc8d833,5d613a77-a05e-464c-ae45-0d5540681ac7
bf709a7a-a31b-488c-b672-6ab2c88ac43c,9bead5bd-27cc-4bce-b348-dfdfe52bbcfa,,transfer,200000.00,-,2025-02-15,2025-02-15 08:46:00+00,ef0c2451-f7a3-483f-b498-009cff598508,d6c2f9dc-62aa-4d66-ae36-b8dd7f048e9c
bf94201a-49e9-4791-9851-9831aaa2303f,9bead5bd-27cc-4bce-b348-dfdfe52bbcfa,3dfd2937-650e-4dfa-aa82-1532855306a0,expense,24500.00,-,2025-07-31,2025-07-31 18:37:00+00,1b52f4eb-1774-4bbf-9d75-2f22061418c0,
bf9a28b5-16db-47eb-b7dc-4c65bb54925a,9bead5bd-27cc-4bce-b348-dfdfe52bbcfa,c2fa641c-c10c-46ea-a69b-e2e8fab6d2ef,expense,15000.00,,2026-05-23,2026-05-23 17:49:00+00,ef0c2451-f7a3-483f-b498-009cff598508,
bfe4ed00-cc33-45bb-a172-cd361136e13d,9bead5bd-27cc-4bce-b348-dfdfe52bbcfa,ef5c334f-9678-43a1-a24d-06ddf2ae4336,income,1500.00,Koreksi saldo,2025-07-09,2025-07-09 19:19:26+00,1b52f4eb-1774-4bbf-9d75-2f22061418c0,
bff7fed0-a0a8-4cb6-9791-7e2b4343397f,9bead5bd-27cc-4bce-b348-dfdfe52bbcfa,,transfer,774434.00,,2026-05-19,2026-05-19 09:27:00+00,ef0c2451-f7a3-483f-b498-009cff598508,d1d65a47-79be-472a-8e7c-191ddef21252
c008781b-7c9c-4a32-9461-9ed29b7fa9b9,9bead5bd-27cc-4bce-b348-dfdfe52bbcfa,9e8d127f-fba2-437a-b77c-7f1f0074cf2a,expense,16000.00,-,2025-09-06,2025-09-06 16:26:00+00,1b52f4eb-1774-4bbf-9d75-2f22061418c0,
c031efbc-6f71-4f5e-93e9-fbbe002439b6,9bead5bd-27cc-4bce-b348-dfdfe52bbcfa,3dfd2937-650e-4dfa-aa82-1532855306a0,expense,8400.00,-,2025-12-17,2025-12-17 12:16:00+00,ef0c2451-f7a3-483f-b498-009cff598508,
c04afd2c-5b1a-4a9d-901f-d94100199837,9bead5bd-27cc-4bce-b348-dfdfe52bbcfa,0413cdfe-d251-4bca-bd5f-5d520d7076f6,income,127.00,Crypto,2025-03-14,2025-03-14 23:15:00+00,ef0c2451-f7a3-483f-b498-009cff598508,
c07e0ae7-535c-4976-8d9a-2410fa31df91,9bead5bd-27cc-4bce-b348-dfdfe52bbcfa,c2fa641c-c10c-46ea-a69b-e2e8fab6d2ef,expense,17000.00,-,2025-09-22,2025-09-22 11:41:00+00,1db96cc4-753b-4ea9-bdf5-9cf9c71fb00b,
c0a016bf-b90a-40c0-83e4-a8d97d27a438,9bead5bd-27cc-4bce-b348-dfdfe52bbcfa,3dfd2937-650e-4dfa-aa82-1532855306a0,expense,12000.00,-,2025-06-27,2025-06-27 17:52:00+00,1b52f4eb-1774-4bbf-9d75-2f22061418c0,
c0cba4e6-aad8-4851-960e-48215c5598a4,9bead5bd-27cc-4bce-b348-dfdfe52bbcfa,,transfer,18000.00,,2026-05-08,2026-05-08 19:42:00+00,1b52f4eb-1774-4bbf-9d75-2f22061418c0,ef0c2451-f7a3-483f-b498-009cff598508
c0f095e6-b1ff-4635-8ad2-02c5fe34acc2,9bead5bd-27cc-4bce-b348-dfdfe52bbcfa,,transfer,30000.00,-,2025-12-21,2025-12-21 14:58:00+00,ef0c2451-f7a3-483f-b498-009cff598508,82d51ed1-5076-450e-8ae1-4bbe92cec701
c0f2a51b-c032-419d-b74b-e16565732cbe,9bead5bd-27cc-4bce-b348-dfdfe52bbcfa,73a6b95b-efdb-4afd-bda5-2a6aedd82af4,expense,10000.00,potram,2025-02-07,2025-02-07 19:42:00+00,1b52f4eb-1774-4bbf-9d75-2f22061418c0,
c109036f-df89-4ddb-a047-56dc7709cdca,9bead5bd-27cc-4bce-b348-dfdfe52bbcfa,e66badba-dce0-4403-80cf-760a4f913399,expense,5000.00,,2026-06-01,2026-06-01 06:16:00+00,ef0c2451-f7a3-483f-b498-009cff598508,
c11bb3d3-e18b-44e0-bd76-390e79f5b6aa,9bead5bd-27cc-4bce-b348-dfdfe52bbcfa,3d15abb3-b62b-4772-b093-5880019049e3,expense,10800.00,"kopi, roti",2025-11-10,2025-11-10 17:33:00+00,ef0c2451-f7a3-483f-b498-009cff598508,
c12fdfcb-12d3-44a3-a77f-01e5fc9246ab,9bead5bd-27cc-4bce-b348-dfdfe52bbcfa,e66badba-dce0-4403-80cf-760a4f913399,expense,5000.00,-,2025-07-01,2025-07-01 10:37:00+00,ef0c2451-f7a3-483f-b498-009cff598508,
c13ccfd2-26b8-4ba8-a01c-db86eb40b940,9bead5bd-27cc-4bce-b348-dfdfe52bbcfa,3d15abb3-b62b-4772-b093-5880019049e3,expense,5000.00,-,2025-12-15,2025-12-15 17:55:00+00,1b52f4eb-1774-4bbf-9d75-2f22061418c0,
c176f511-46c6-4956-8e78-ef662be4eddc,9bead5bd-27cc-4bce-b348-dfdfe52bbcfa,ef5c334f-9678-43a1-a24d-06ddf2ae4336,income,1000.00,Koreksi saldo,2025-09-02,2025-09-02 01:02:00+00,d6c2f9dc-62aa-4d66-ae36-b8dd7f048e9c,
c198480e-a141-4c6b-949d-54a22b9df918,9bead5bd-27cc-4bce-b348-dfdfe52bbcfa,c363bb9a-e1c1-4485-a21b-d5cb69be8ac5,expense,50000.00,-,2025-11-15,2025-11-15 12:55:00+00,1b52f4eb-1774-4bbf-9d75-2f22061418c0,
c1ba51aa-57cf-442c-b33c-fae988ec9bb0,9bead5bd-27cc-4bce-b348-dfdfe52bbcfa,ef5c334f-9678-43a1-a24d-06ddf2ae4336,expense,85.00,Koreksi saldo,2025-01-10,2025-01-10 09:45:19+00,c2b7adda-52b3-4d0f-949b-8c8f2930f6b0,
c1be9fee-dc7a-452e-9b9e-bc8d61a4ec45,9bead5bd-27cc-4bce-b348-dfdfe52bbcfa,d6b7f46d-c8b4-4cdf-822a-80d1083c7393,expense,12000.00,-,2025-02-20,2025-02-20 18:21:00+00,1b52f4eb-1774-4bbf-9d75-2f22061418c0,
c1c02565-beae-4fad-a785-2ba7e9295052,9bead5bd-27cc-4bce-b348-dfdfe52bbcfa,9e8d127f-fba2-437a-b77c-7f1f0074cf2a,expense,21841.00,,2026-05-09,2026-05-09 23:30:00+00,d6c2f9dc-62aa-4d66-ae36-b8dd7f048e9c,
c1e056a7-f0e5-4049-8f84-61c3c4a2bd50,9bead5bd-27cc-4bce-b348-dfdfe52bbcfa,9e8d127f-fba2-437a-b77c-7f1f0074cf2a,expense,14000.00,,2026-03-29,2026-03-29 14:52:00+00,ef0c2451-f7a3-483f-b498-009cff598508,
c1f04818-fbbc-436e-a2a8-ccb58f0bb1e5,9bead5bd-27cc-4bce-b348-dfdfe52bbcfa,,transfer,8000.00,-,2025-08-20,2025-08-20 11:39:00+00,1b52f4eb-1774-4bbf-9d75-2f22061418c0,82d51ed1-5076-450e-8ae1-4bbe92cec701
c1f9a2ae-0471-4822-b2a6-e335a9b00137,9bead5bd-27cc-4bce-b348-dfdfe52bbcfa,69cbbe19-e8fa-45c5-a250-77fd8aa3d98e,expense,45000.00,-,2025-03-20,2025-03-20 19:27:00+00,d6c2f9dc-62aa-4d66-ae36-b8dd7f048e9c,
c21284a0-936b-4cc5-bbb8-120350a4a52d,9bead5bd-27cc-4bce-b348-dfdfe52bbcfa,,transfer,1800000.00,-,2025-03-10,2025-03-10 21:21:00+00,ef0c2451-f7a3-483f-b498-009cff598508,d1d65a47-79be-472a-8e7c-191ddef21252
c235c60c-aa6d-4d38-a34b-5778adb66273,9bead5bd-27cc-4bce-b348-dfdfe52bbcfa,9e8d127f-fba2-437a-b77c-7f1f0074cf2a,expense,15000.00,-,2025-09-07,2025-09-07 12:26:00+00,1b52f4eb-1774-4bbf-9d75-2f22061418c0,
c24ca0c3-54f1-4664-bf55-219e70d81fc3,9bead5bd-27cc-4bce-b348-dfdfe52bbcfa,,transfer,100000.00,,2026-02-14,2026-02-14 06:00:00+00,ef0c2451-f7a3-483f-b498-009cff598508,d6c2f9dc-62aa-4d66-ae36-b8dd7f048e9c
c25ed953-b95f-4d76-901f-e2c77fc07158,9bead5bd-27cc-4bce-b348-dfdfe52bbcfa,9e8d127f-fba2-437a-b77c-7f1f0074cf2a,expense,17000.00,-,2025-06-19,2025-06-19 17:59:00+00,d6c2f9dc-62aa-4d66-ae36-b8dd7f048e9c,
c27caf46-6c12-4fa3-9f10-ced07fe4c862,9bead5bd-27cc-4bce-b348-dfdfe52bbcfa,9e8d127f-fba2-437a-b77c-7f1f0074cf2a,expense,15000.00,-,2025-08-03,2025-08-03 13:45:00+00,d6c2f9dc-62aa-4d66-ae36-b8dd7f048e9c,
c28e9271-9b12-4161-8668-e45325a89300,9bead5bd-27cc-4bce-b348-dfdfe52bbcfa,9e8d127f-fba2-437a-b77c-7f1f0074cf2a,expense,16092.00,,2026-01-04,2026-01-04 13:45:00+00,8d5cd0ca-c9ea-4d7b-b428-4a0dedc8d833,
c29b21af-4c1a-43f1-a253-6a772a6de5ab,9bead5bd-27cc-4bce-b348-dfdfe52bbcfa,,transfer,25000.00,-,2025-07-30,2025-07-30 20:30:00+00,82d51ed1-5076-450e-8ae1-4bbe92cec701,1db96cc4-753b-4ea9-bdf5-9cf9c71fb00b
c2a80b45-7b8e-4c4f-ba83-cf0a50d8b8f6,9bead5bd-27cc-4bce-b348-dfdfe52bbcfa,9e8d127f-fba2-437a-b77c-7f1f0074cf2a,expense,50000.00,,2026-06-19,2026-06-19 10:43:00+00,1b52f4eb-1774-4bbf-9d75-2f22061418c0,
c2b58cb4-29e1-409a-8657-0a3aa6a47d06,9bead5bd-27cc-4bce-b348-dfdfe52bbcfa,,transfer,19000.00,-,2025-11-20,2025-11-20 06:06:00+00,1b52f4eb-1774-4bbf-9d75-2f22061418c0,82d51ed1-5076-450e-8ae1-4bbe92cec701
c2fc34e7-20ee-4045-a155-8ba51572f2fe,9bead5bd-27cc-4bce-b348-dfdfe52bbcfa,ef5c334f-9678-43a1-a24d-06ddf2ae4336,expense,8000.00,Koreksi saldo,2025-09-09,2025-09-09 22:44:21+00,1b52f4eb-1774-4bbf-9d75-2f22061418c0,
c3010c7f-c332-4eea-856c-d48b3e8c564f,9bead5bd-27cc-4bce-b348-dfdfe52bbcfa,9eb96490-908d-4d01-bf88-5590e81f2e65,income,1000000.00,skripsi,2025-08-23,2025-08-23 12:43:00+00,ef0c2451-f7a3-483f-b498-009cff598508,
c31957ec-f7c5-4a51-b41a-a5935c7d4e12,9bead5bd-27cc-4bce-b348-dfdfe52bbcfa,,transfer,42295.00,-,2025-03-12,2025-03-12 13:58:00+00,ef0c2451-f7a3-483f-b498-009cff598508,d6c2f9dc-62aa-4d66-ae36-b8dd7f048e9c
c3203064-6a09-4b22-8c99-0bee35cd08bd,9bead5bd-27cc-4bce-b348-dfdfe52bbcfa,,transfer,75990.00,,2026-02-14,2026-02-14 19:43:00+00,d6c2f9dc-62aa-4d66-ae36-b8dd7f048e9c,82d51ed1-5076-450e-8ae1-4bbe92cec701
c3310792-668c-4097-9228-71c6bf555ee8,9bead5bd-27cc-4bce-b348-dfdfe52bbcfa,9e8d127f-fba2-437a-b77c-7f1f0074cf2a,expense,14000.00,-,2025-05-25,2025-05-25 12:18:00+00,1b52f4eb-1774-4bbf-9d75-2f22061418c0,
c332e29f-5ab2-457d-b3c6-a7e0d07251c1,9bead5bd-27cc-4bce-b348-dfdfe52bbcfa,,transfer,250000.00,,2026-05-12,2026-05-12 12:59:00+00,ef0c2451-f7a3-483f-b498-009cff598508,1b52f4eb-1774-4bbf-9d75-2f22061418c0
c370bda9-c616-493f-a45e-5e7687abff3b,9bead5bd-27cc-4bce-b348-dfdfe52bbcfa,9e8d127f-fba2-437a-b77c-7f1f0074cf2a,expense,14400.00,,2026-01-17,2026-01-17 20:17:00+00,d6c2f9dc-62aa-4d66-ae36-b8dd7f048e9c,
c3ac043d-34ff-4369-acf0-0e703e49e0ed,9bead5bd-27cc-4bce-b348-dfdfe52bbcfa,,transfer,200000.00,-,2025-02-18,2025-02-18 02:19:00+00,ef0c2451-f7a3-483f-b498-009cff598508,d6c2f9dc-62aa-4d66-ae36-b8dd7f048e9c
c3facdcc-b155-4b62-a39e-5651b2891807,9bead5bd-27cc-4bce-b348-dfdfe52bbcfa,,transfer,26800.00,-,2025-02-01,2025-02-01 07:45:00+00,d6c2f9dc-62aa-4d66-ae36-b8dd7f048e9c,ef0c2451-f7a3-483f-b498-009cff598508
c3fbca66-a349-4051-adc6-3266df9752e9,9bead5bd-27cc-4bce-b348-dfdfe52bbcfa,,transfer,1000000.00,-,2025-03-14,2025-03-14 00:44:00+00,ef0c2451-f7a3-483f-b498-009cff598508,d1d65a47-79be-472a-8e7c-191ddef21252
c4318c7f-4c66-4c99-87f9-014048c2fa15,9bead5bd-27cc-4bce-b348-dfdfe52bbcfa,,transfer,12000.00,,2026-01-10,2026-01-10 09:57:00+00,1b52f4eb-1774-4bbf-9d75-2f22061418c0,82d51ed1-5076-450e-8ae1-4bbe92cec701
c437237a-3a1c-4a7e-9485-503bce9c500d,9bead5bd-27cc-4bce-b348-dfdfe52bbcfa,ef5c334f-9678-43a1-a24d-06ddf2ae4336,expense,5000.00,Koreksi saldo,2025-12-07,2025-12-07 18:22:27+00,82d51ed1-5076-450e-8ae1-4bbe92cec701,
c47ca9a4-2735-47dc-9522-ef5b5df6851d,9bead5bd-27cc-4bce-b348-dfdfe52bbcfa,9e8d127f-fba2-437a-b77c-7f1f0074cf2a,expense,13000.00,-,2025-11-21,2025-11-21 18:34:00+00,d6c2f9dc-62aa-4d66-ae36-b8dd7f048e9c,
c48697ce-ae0b-49b0-b86c-d73c1cb13951,9bead5bd-27cc-4bce-b348-dfdfe52bbcfa,3d15abb3-b62b-4772-b093-5880019049e3,expense,5900.00,,2026-05-01,2026-05-01 18:23:00+00,ef0c2451-f7a3-483f-b498-009cff598508,
c4aba934-ecbf-48e1-a4ba-4007f96926f0,9bead5bd-27cc-4bce-b348-dfdfe52bbcfa,9e8d127f-fba2-437a-b77c-7f1f0074cf2a,expense,16000.00,,2026-08-02,2026-08-02 17:54:00+00,ef0c2451-f7a3-483f-b498-009cff598508,
c4d4afd7-3b5c-40b6-8ca6-6a6fd3501372,9bead5bd-27cc-4bce-b348-dfdfe52bbcfa,9e8d127f-fba2-437a-b77c-7f1f0074cf2a,expense,19000.00,,2026-05-20,2026-05-20 22:18:00+00,ef0c2451-f7a3-483f-b498-009cff598508,
c4d789bc-4c12-4297-ae62-46d98919f52e,9bead5bd-27cc-4bce-b348-dfdfe52bbcfa,e53b2a49-3ff8-4f1c-b16f-7e4eb7057130,expense,2000.00,-,2025-12-24,2025-12-24 18:28:00+00,1b52f4eb-1774-4bbf-9d75-2f22061418c0,
c4dc1f20-d22b-4421-9ede-bd7c528defe9,9bead5bd-27cc-4bce-b348-dfdfe52bbcfa,69cbbe19-e8fa-45c5-a250-77fd8aa3d98e,expense,47200.00,,2026-05-01,2026-05-01 11:21:00+00,d6c2f9dc-62aa-4d66-ae36-b8dd7f048e9c,
c4fe23d1-3a81-4bc9-84bf-70059d22d8bd,9bead5bd-27cc-4bce-b348-dfdfe52bbcfa,69cbbe19-e8fa-45c5-a250-77fd8aa3d98e,expense,51400.00,listrik,2025-04-20,2025-04-20 16:42:00+00,d6c2f9dc-62aa-4d66-ae36-b8dd7f048e9c,
c50072a1-cf7e-4e67-a9de-c5199a39959d,9bead5bd-27cc-4bce-b348-dfdfe52bbcfa,9e8d127f-fba2-437a-b77c-7f1f0074cf2a,expense,16000.00,-,2025-07-31,2025-07-31 00:14:00+00,d6c2f9dc-62aa-4d66-ae36-b8dd7f048e9c,
c5203783-8049-41fb-88d8-ff5513cd60be,9bead5bd-27cc-4bce-b348-dfdfe52bbcfa,,transfer,20000.00,-,2025-01-23,2025-01-23 16:09:00+00,1db96cc4-753b-4ea9-bdf5-9cf9c71fb00b,1b52f4eb-1774-4bbf-9d75-2f22061418c0
c543605e-05fb-4888-8fdf-5e3b90646b3f,9bead5bd-27cc-4bce-b348-dfdfe52bbcfa,9e8d127f-fba2-437a-b77c-7f1f0074cf2a,expense,18500.00,-,2025-09-22,2025-09-22 15:47:00+00,82d51ed1-5076-450e-8ae1-4bbe92cec701,
c557e05b-71c3-4a91-8ce7-73719e6fda26,9bead5bd-27cc-4bce-b348-dfdfe52bbcfa,,transfer,50000.00,,2026-07-10,2026-07-10 13:19:00+00,c2b7adda-52b3-4d0f-949b-8c8f2930f6b0,ef0c2451-f7a3-483f-b498-009cff598508
c5a85132-3c10-4354-b252-b3e3cfc57b53,9bead5bd-27cc-4bce-b348-dfdfe52bbcfa,04bbb778-c16c-48b3-86d6-e5bceea67e4d,expense,18000.00,-,2025-07-06,2025-07-06 08:33:00+00,ef0c2451-f7a3-483f-b498-009cff598508,
c5b49804-9cff-45ca-9ba5-3bf2ab637ca9,9bead5bd-27cc-4bce-b348-dfdfe52bbcfa,ef5c334f-9678-43a1-a24d-06ddf2ae4336,expense,47.00,Koreksi saldo,2025-05-04,2025-05-04 14:00:59+00,ef0c2451-f7a3-483f-b498-009cff598508,
c5d9f223-f9ca-426c-a67e-d94584a9f30d,9bead5bd-27cc-4bce-b348-dfdfe52bbcfa,9e8d127f-fba2-437a-b77c-7f1f0074cf2a,expense,20000.00,,2026-02-13,2026-02-13 20:48:00+00,ef0c2451-f7a3-483f-b498-009cff598508,
c5dab55f-a35e-46a2-bf40-f935bf4181d7,9bead5bd-27cc-4bce-b348-dfdfe52bbcfa,c363bb9a-e1c1-4485-a21b-d5cb69be8ac5,expense,50000.00,-,2025-03-24,2025-03-24 17:33:00+00,1b52f4eb-1774-4bbf-9d75-2f22061418c0,
c5e27541-3647-4ceb-bb21-57907fcf9d2c,9bead5bd-27cc-4bce-b348-dfdfe52bbcfa,e66badba-dce0-4403-80cf-760a4f913399,expense,5000.00,-,2025-10-01,2025-10-01 14:19:00+00,ef0c2451-f7a3-483f-b498-009cff598508,
c5f347ef-8221-4a5b-87d9-cbe902a61365,9bead5bd-27cc-4bce-b348-dfdfe52bbcfa,ef5c334f-9678-43a1-a24d-06ddf2ae4336,income,833.00,Koreksi saldo,2025-04-06,2025-04-06 12:19:26+00,ef0c2451-f7a3-483f-b498-009cff598508,
c636b9fb-74c0-4534-9c5f-9e7f513d88f5,9bead5bd-27cc-4bce-b348-dfdfe52bbcfa,9e8d127f-fba2-437a-b77c-7f1f0074cf2a,expense,16770.00,-,2025-02-20,2025-02-20 09:14:00+00,d6c2f9dc-62aa-4d66-ae36-b8dd7f048e9c,
c648ee24-99e6-4bdc-b45e-79a3c05bbd7c,9bead5bd-27cc-4bce-b348-dfdfe52bbcfa,73a6b95b-efdb-4afd-bda5-2a6aedd82af4,expense,30500.00,sabuk,2026-02-21,2026-02-21 11:04:00+00,d6c2f9dc-62aa-4d66-ae36-b8dd7f048e9c,
c69a25dd-9d35-4e0a-8abf-f0c1792662e0,9bead5bd-27cc-4bce-b348-dfdfe52bbcfa,,transfer,200000.00,-,2025-01-11,2025-01-11 11:49:00+00,1b52f4eb-1774-4bbf-9d75-2f22061418c0,1db96cc4-753b-4ea9-bdf5-9cf9c71fb00b
c6a281e9-ef7c-460a-84e6-277181c5f074,9bead5bd-27cc-4bce-b348-dfdfe52bbcfa,,transfer,20000.00,-,2025-05-31,2025-05-31 10:34:00+00,ef0c2451-f7a3-483f-b498-009cff598508,1db96cc4-753b-4ea9-bdf5-9cf9c71fb00b
c6d40bfa-9457-49a2-852e-bf8abea2785c,9bead5bd-27cc-4bce-b348-dfdfe52bbcfa,c2fa641c-c10c-46ea-a69b-e2e8fab6d2ef,expense,17500.00,,2026-08-04,2026-08-04 13:14:00+00,d6c2f9dc-62aa-4d66-ae36-b8dd7f048e9c,
c72a22ae-83e9-4fa4-b819-e49143318e6f,9bead5bd-27cc-4bce-b348-dfdfe52bbcfa,,transfer,100000.00,,2026-02-01,2026-02-01 09:06:00+00,ef0c2451-f7a3-483f-b498-009cff598508,d6c2f9dc-62aa-4d66-ae36-b8dd7f048e9c
c73b39d6-e8f2-40cf-8a84-67393f0fd1e0,9bead5bd-27cc-4bce-b348-dfdfe52bbcfa,,transfer,250000.00,,2026-02-14,2026-02-14 06:00:00+00,ef0c2451-f7a3-483f-b498-009cff598508,1b52f4eb-1774-4bbf-9d75-2f22061418c0
c74874d3-6065-4492-846c-ebb90af368da,9bead5bd-27cc-4bce-b348-dfdfe52bbcfa,3dfd2937-650e-4dfa-aa82-1532855306a0,expense,9500.00,sabun cuci piring,2026-08-25,2026-08-25 06:26:00+00,ef0c2451-f7a3-483f-b498-009cff598508,
c76814cb-2c76-4954-8fc0-fd244c11131c,9bead5bd-27cc-4bce-b348-dfdfe52bbcfa,c2fa641c-c10c-46ea-a69b-e2e8fab6d2ef,expense,35000.00,,2026-01-15,2026-01-15 08:37:00+00,ef0c2451-f7a3-483f-b498-009cff598508,
c770a0b3-422a-4499-a93e-0eef1dacd8f4,9bead5bd-27cc-4bce-b348-dfdfe52bbcfa,56fadd62-20d5-4988-a5ff-3e86fdc5fa7d,income,101346.00,#crypto,2026-09-01,2026-09-01 03:12:00+00,ef945642-f8b2-43e7-8f16-1dfdf9802e69,
c775183a-9407-42ba-bcf5-28f02fa83989,9bead5bd-27cc-4bce-b348-dfdfe52bbcfa,ef5c334f-9678-43a1-a24d-06ddf2ae4336,expense,29479.00,Koreksi saldo,2025-02-11,2025-02-11 18:09:37+00,ef0c2451-f7a3-483f-b498-009cff598508,
c7968e34-2990-48d7-a7b1-7469452ff993,9bead5bd-27cc-4bce-b348-dfdfe52bbcfa,,transfer,26000.00,-,2025-12-14,2025-12-14 14:39:00+00,ef0c2451-f7a3-483f-b498-009cff598508,82d51ed1-5076-450e-8ae1-4bbe92cec701
c7ad836e-90b9-4f7e-80fb-c7126e296f12,9bead5bd-27cc-4bce-b348-dfdfe52bbcfa,,transfer,20000.00,-,2025-11-27,2025-11-27 18:22:00+00,ef0c2451-f7a3-483f-b498-009cff598508,82d51ed1-5076-450e-8ae1-4bbe92cec701
c7f4de26-c777-4c29-a77d-71127949a7ae,9bead5bd-27cc-4bce-b348-dfdfe52bbcfa,9e8d127f-fba2-437a-b77c-7f1f0074cf2a,expense,14000.00,-,2025-02-11,2025-02-11 17:43:00+00,1b52f4eb-1774-4bbf-9d75-2f22061418c0,
c81f5eab-f020-49b0-bf9e-5b2b88aa1f9c,9bead5bd-27cc-4bce-b348-dfdfe52bbcfa,e53b2a49-3ff8-4f1c-b16f-7e4eb7057130,expense,2000.00,,2026-03-11,2026-03-11 20:33:00+00,1b52f4eb-1774-4bbf-9d75-2f22061418c0,
c82ef00c-3e5b-4af4-855c-a6b30b7815c9,9bead5bd-27cc-4bce-b348-dfdfe52bbcfa,,transfer,100000.00,forex,2025-03-05,2025-03-05 22:10:00+00,ef0c2451-f7a3-483f-b498-009cff598508,d1d65a47-79be-472a-8e7c-191ddef21252
c83e557e-3bdf-485a-8c03-efafd88c904b,9bead5bd-27cc-4bce-b348-dfdfe52bbcfa,9e8d127f-fba2-437a-b77c-7f1f0074cf2a,expense,15000.00,-,2025-08-28,2025-08-28 18:31:00+00,1b52f4eb-1774-4bbf-9d75-2f22061418c0,
c8680405-d660-4f9e-8e85-85508e25c585,9bead5bd-27cc-4bce-b348-dfdfe52bbcfa,e53b2a49-3ff8-4f1c-b16f-7e4eb7057130,expense,2000.00,,2026-01-16,2026-01-16 20:15:00+00,1b52f4eb-1774-4bbf-9d75-2f22061418c0,
c89f3732-2bdf-4969-916b-be29e17ab89b,9bead5bd-27cc-4bce-b348-dfdfe52bbcfa,,transfer,625750.00,,2026-03-25,2026-03-25 17:54:00+00,82d51ed1-5076-450e-8ae1-4bbe92cec701,ef0c2451-f7a3-483f-b498-009cff598508
c8b11fb3-9f40-4185-ae6f-82576d4413ec,9bead5bd-27cc-4bce-b348-dfdfe52bbcfa,9e8d127f-fba2-437a-b77c-7f1f0074cf2a,expense,18800.00,-,2025-12-03,2025-12-03 09:48:00+00,ef0c2451-f7a3-483f-b498-009cff598508,
c8b1c2c4-5f54-446f-880c-71ad25e2bc8a,9bead5bd-27cc-4bce-b348-dfdfe52bbcfa,a729f02d-cd4d-4ee1-98fb-56147ad0f773,income,3507693.00,,2026-01-21,2026-01-21 18:58:00+00,ef0c2451-f7a3-483f-b498-009cff598508,
c8e734da-d536-466c-8b91-353127c98fd4,9bead5bd-27cc-4bce-b348-dfdfe52bbcfa,c363bb9a-e1c1-4485-a21b-d5cb69be8ac5,expense,25000.00,-,2025-11-25,2025-11-25 07:00:00+00,1b52f4eb-1774-4bbf-9d75-2f22061418c0,
c8f6c4da-5b28-4446-8a54-7c0221f4f7ad,9bead5bd-27cc-4bce-b348-dfdfe52bbcfa,3dfd2937-650e-4dfa-aa82-1532855306a0,expense,6000.00,-,2025-03-13,2025-03-13 21:21:00+00,1b52f4eb-1774-4bbf-9d75-2f22061418c0,
c904c55b-906e-471d-b982-62cf74ddf027,9bead5bd-27cc-4bce-b348-dfdfe52bbcfa,9e8d127f-fba2-437a-b77c-7f1f0074cf2a,expense,14000.00,-,2025-08-08,2025-08-08 12:18:00+00,82d51ed1-5076-450e-8ae1-4bbe92cec701,
c92d0906-38f5-463e-a1a5-4377247dd08f,9bead5bd-27cc-4bce-b348-dfdfe52bbcfa,e53b2a49-3ff8-4f1c-b16f-7e4eb7057130,expense,2000.00,,2026-05-16,2026-05-16 18:08:00+00,1b52f4eb-1774-4bbf-9d75-2f22061418c0,
c936c94c-5136-4f76-b1c9-6593996a51ae,9bead5bd-27cc-4bce-b348-dfdfe52bbcfa,9e8d127f-fba2-437a-b77c-7f1f0074cf2a,expense,25000.00,-,2025-06-02,2025-06-02 15:02:00+00,d6c2f9dc-62aa-4d66-ae36-b8dd7f048e9c,
c93b5d70-440e-4085-bff6-9005416e9d9c,9bead5bd-27cc-4bce-b348-dfdfe52bbcfa,9e8d127f-fba2-437a-b77c-7f1f0074cf2a,expense,15000.00,-,2025-06-27,2025-06-27 17:24:00+00,1b52f4eb-1774-4bbf-9d75-2f22061418c0,
c9bc5da5-440b-468f-a915-b068fd041861,9bead5bd-27cc-4bce-b348-dfdfe52bbcfa,,transfer,41000.00,-,2025-07-21,2025-07-21 08:40:00+00,82d51ed1-5076-450e-8ae1-4bbe92cec701,1db96cc4-753b-4ea9-bdf5-9cf9c71fb00b
c9bc9198-686e-4423-aed3-1dc98f53cb71,9bead5bd-27cc-4bce-b348-dfdfe52bbcfa,9e8d127f-fba2-437a-b77c-7f1f0074cf2a,expense,21500.00,,2026-02-09,2026-02-09 18:56:00+00,ef0c2451-f7a3-483f-b498-009cff598508,
ca0d8ea9-139f-4362-9feb-4c8b614ec10b,9bead5bd-27cc-4bce-b348-dfdfe52bbcfa,a95286ad-558f-456c-a43e-791b6bee7426,expense,75675.00,celana,2025-04-24,2025-04-24 16:28:00+00,d6c2f9dc-62aa-4d66-ae36-b8dd7f048e9c,
ca2ce15e-574d-490f-9329-8b6a51ade772,9bead5bd-27cc-4bce-b348-dfdfe52bbcfa,ef5c334f-9678-43a1-a24d-06ddf2ae4336,expense,9000.00,-,2025-06-15,2025-06-15 07:15:00+00,1b52f4eb-1774-4bbf-9d75-2f22061418c0,
ca3bc87f-8aec-4bab-b3dc-ea097d13b354,9bead5bd-27cc-4bce-b348-dfdfe52bbcfa,,transfer,18000.00,-,2025-07-19,2025-07-19 08:35:00+00,ef0c2451-f7a3-483f-b498-009cff598508,82d51ed1-5076-450e-8ae1-4bbe92cec701
ca596121-7de9-49e9-aec2-1cee24fb3a44,9bead5bd-27cc-4bce-b348-dfdfe52bbcfa,ef5c334f-9678-43a1-a24d-06ddf2ae4336,expense,4569.00,Koreksi saldo,2026-03-25,2026-03-25 18:00:59+00,ef0c2451-f7a3-483f-b498-009cff598508,
ca5a8f83-d878-4d80-b020-6ba26b371669,9bead5bd-27cc-4bce-b348-dfdfe52bbcfa,,transfer,1000.00,-,2025-09-18,2025-09-18 04:03:00+00,1b52f4eb-1774-4bbf-9d75-2f22061418c0,ef0c2451-f7a3-483f-b498-009cff598508
ca6be5b8-50b1-4ff8-9977-780bc55383ce,9bead5bd-27cc-4bce-b348-dfdfe52bbcfa,,transfer,500000.00,,2026-07-26,2026-07-26 14:06:00+00,82d51ed1-5076-450e-8ae1-4bbe92cec701,ef0c2451-f7a3-483f-b498-009cff598508
caa2f71a-de4e-4384-adb6-5230f551b6db,9bead5bd-27cc-4bce-b348-dfdfe52bbcfa,73a6b95b-efdb-4afd-bda5-2a6aedd82af4,expense,10000.00,-,2025-06-03,2025-06-03 20:11:00+00,1b52f4eb-1774-4bbf-9d75-2f22061418c0,
cac19e34-e9a5-4dfa-b4c6-53b1005a7016,9bead5bd-27cc-4bce-b348-dfdfe52bbcfa,e53b2a49-3ff8-4f1c-b16f-7e4eb7057130,expense,2000.00,-,2025-12-21,2025-12-21 19:49:00+00,1b52f4eb-1774-4bbf-9d75-2f22061418c0,
cad2a471-875c-41c4-a0e8-3db0ecc95bfd,9bead5bd-27cc-4bce-b348-dfdfe52bbcfa,9e8d127f-fba2-437a-b77c-7f1f0074cf2a,expense,10000.00,-,2025-11-16,2025-11-16 12:25:00+00,1b52f4eb-1774-4bbf-9d75-2f22061418c0,
cad7a597-f5ba-42c8-ad05-981c42186102,9bead5bd-27cc-4bce-b348-dfdfe52bbcfa,9e8d127f-fba2-437a-b77c-7f1f0074cf2a,expense,15000.00,-,2025-09-24,2025-09-24 18:59:00+00,1b52f4eb-1774-4bbf-9d75-2f22061418c0,
caf000af-cab2-4927-af8c-44e363061c0c,9bead5bd-27cc-4bce-b348-dfdfe52bbcfa,,transfer,80790.00,,2026-06-09,2026-06-09 07:48:00+00,ef945642-f8b2-43e7-8f16-1dfdf9802e69,82d51ed1-5076-450e-8ae1-4bbe92cec701
cafda7ee-2e4e-4525-9966-66a1f48e4bff,9bead5bd-27cc-4bce-b348-dfdfe52bbcfa,417ffb54-8c5d-49a6-90bd-9748bb065b43,expense,8000.00,,2026-06-10,2026-06-10 07:40:00+00,ef0c2451-f7a3-483f-b498-009cff598508,
cb0e5ace-a0e5-414a-9b30-e23414495da0,9bead5bd-27cc-4bce-b348-dfdfe52bbcfa,9e8d127f-fba2-437a-b77c-7f1f0074cf2a,expense,22000.00,,2026-03-28,2026-03-28 20:41:00+00,ef0c2451-f7a3-483f-b498-009cff598508,
cb20ae3b-0094-4912-b720-0fe04fc6d7ef,9bead5bd-27cc-4bce-b348-dfdfe52bbcfa,861e04d0-951b-45e5-bf64-e0aecaf43eb7,expense,76000.00,,2026-08-08,2026-08-08 21:05:00+00,ef945642-f8b2-43e7-8f16-1dfdf9802e69,
cb2f753b-ef85-4b6a-813b-0375881b099a,9bead5bd-27cc-4bce-b348-dfdfe52bbcfa,04bbb778-c16c-48b3-86d6-e5bceea67e4d,expense,19000.00,,2026-05-25,2026-05-25 12:47:00+00,ef0c2451-f7a3-483f-b498-009cff598508,
cb377e89-2389-4e75-9791-dba2fceaa1b4,9bead5bd-27cc-4bce-b348-dfdfe52bbcfa,9e8d127f-fba2-437a-b77c-7f1f0074cf2a,expense,19000.00,,2026-02-04,2026-02-04 18:23:00+00,ef0c2451-f7a3-483f-b498-009cff598508,
cb6286c1-4b54-4d37-8a30-cddad6f6de96,9bead5bd-27cc-4bce-b348-dfdfe52bbcfa,9e8d127f-fba2-437a-b77c-7f1f0074cf2a,expense,3818.00,ppn gacoan,2025-09-11,2025-09-11 11:25:00+00,82d51ed1-5076-450e-8ae1-4bbe92cec701,
cb7c5965-5eda-41df-b299-767c8819e898,9bead5bd-27cc-4bce-b348-dfdfe52bbcfa,,transfer,1400000.00,-,2025-10-25,2025-10-25 14:51:00+00,c2b7adda-52b3-4d0f-949b-8c8f2930f6b0,ef945642-f8b2-43e7-8f16-1dfdf9802e69
cbc59e57-64c2-4f90-997b-ba26f53d07aa,9bead5bd-27cc-4bce-b348-dfdfe52bbcfa,8c36b2da-48c2-4bd2-8df4-c1b94780d823,expense,2200.00,merbabu,2025-04-30,2025-04-30 20:21:00+00,1db96cc4-753b-4ea9-bdf5-9cf9c71fb00b,
cc16acc5-4bba-466e-8263-8e7d826f72cc,9bead5bd-27cc-4bce-b348-dfdfe52bbcfa,8c36b2da-48c2-4bd2-8df4-c1b94780d823,expense,13000.00,refund tiket,2025-04-25,2025-04-25 17:10:00+00,ef0c2451-f7a3-483f-b498-009cff598508,
cc2dcf27-a31f-4ff2-9719-be1fef619783,9bead5bd-27cc-4bce-b348-dfdfe52bbcfa,,transfer,35500.00,,2026-06-12,2026-06-12 18:02:00+00,d6c2f9dc-62aa-4d66-ae36-b8dd7f048e9c,82d51ed1-5076-450e-8ae1-4bbe92cec701
cc718451-011c-44c2-a7e0-645299a88049,9bead5bd-27cc-4bce-b348-dfdfe52bbcfa,9e8d127f-fba2-437a-b77c-7f1f0074cf2a,expense,12000.00,-,2025-04-23,2025-04-23 15:57:00+00,d6c2f9dc-62aa-4d66-ae36-b8dd7f048e9c,
cc75545e-14ab-4ab9-a9ba-dcc18d08bb41,9bead5bd-27cc-4bce-b348-dfdfe52bbcfa,3c5231bc-d29d-4b03-991b-b59211c737f2,expense,23062.00,casing,2025-01-14,2025-01-14 08:59:00+00,4d401094-2758-4a23-b355-6f5250d51a16,
cc7c9fc1-3418-47be-9e3b-26defa71d5da,9bead5bd-27cc-4bce-b348-dfdfe52bbcfa,9e8d127f-fba2-437a-b77c-7f1f0074cf2a,expense,13982.00,-,2025-05-09,2025-05-09 08:07:00+00,d6c2f9dc-62aa-4d66-ae36-b8dd7f048e9c,
cc86a051-f6cf-48f5-83b6-c81f93eb2eaf,9bead5bd-27cc-4bce-b348-dfdfe52bbcfa,69cbbe19-e8fa-45c5-a250-77fd8aa3d98e,expense,59310.00,air,2026-08-01,2026-08-01 21:05:00+00,ef945642-f8b2-43e7-8f16-1dfdf9802e69,
cc957808-0327-43c9-bbc1-ac410b23a685,9bead5bd-27cc-4bce-b348-dfdfe52bbcfa,e53b2a49-3ff8-4f1c-b16f-7e4eb7057130,expense,6000.00,,2026-01-14,2026-01-14 15:19:00+00,1b52f4eb-1774-4bbf-9d75-2f22061418c0,
cca8b962-1f56-4119-aa1a-1f09f6e19e78,9bead5bd-27cc-4bce-b348-dfdfe52bbcfa,69cbbe19-e8fa-45c5-a250-77fd8aa3d98e,expense,88000.00,wifi,2026-01-26,2026-01-26 11:38:00+00,1db96cc4-753b-4ea9-bdf5-9cf9c71fb00b,
ccaaa170-d2d4-464c-bc7c-cae25a43f28f,9bead5bd-27cc-4bce-b348-dfdfe52bbcfa,9e8d127f-fba2-437a-b77c-7f1f0074cf2a,expense,22000.00,-,2025-03-14,2025-03-14 19:55:00+00,d6c2f9dc-62aa-4d66-ae36-b8dd7f048e9c,
cccdd923-b094-4834-be4d-2eae69d412ac,9bead5bd-27cc-4bce-b348-dfdfe52bbcfa,c363bb9a-e1c1-4485-a21b-d5cb69be8ac5,expense,20000.00,,2026-03-11,2026-03-11 17:47:00+00,1b52f4eb-1774-4bbf-9d75-2f22061418c0,
ccf9c3f4-5265-4466-93fe-b7e2bbe5efaa,9bead5bd-27cc-4bce-b348-dfdfe52bbcfa,c2fa641c-c10c-46ea-a69b-e2e8fab6d2ef,expense,15000.00,-,2025-06-26,2025-06-26 17:54:00+00,1db96cc4-753b-4ea9-bdf5-9cf9c71fb00b,
cd09ed00-7590-4146-abd4-f934296cd905,9bead5bd-27cc-4bce-b348-dfdfe52bbcfa,9e8d127f-fba2-437a-b77c-7f1f0074cf2a,expense,16960.00,-,2025-02-25,2025-02-25 10:35:00+00,d6c2f9dc-62aa-4d66-ae36-b8dd7f048e9c,
cd12be31-ff11-447e-ae4c-9cd439bc06a0,9bead5bd-27cc-4bce-b348-dfdfe52bbcfa,,transfer,150000.00,-,2025-01-31,2025-01-31 01:57:00+00,ef0c2451-f7a3-483f-b498-009cff598508,1b52f4eb-1774-4bbf-9d75-2f22061418c0
cd328eae-1f57-4ab2-8950-efac721f63fd,9bead5bd-27cc-4bce-b348-dfdfe52bbcfa,69cbbe19-e8fa-45c5-a250-77fd8aa3d98e,expense,50000.00,listrik,2025-11-09,2025-11-09 17:37:00+00,ef945642-f8b2-43e7-8f16-1dfdf9802e69,
cd3a9854-d191-41fd-9b09-3b463800c906,9bead5bd-27cc-4bce-b348-dfdfe52bbcfa,,transfer,14000.00,-,2025-08-05,2025-08-05 19:51:00+00,ef0c2451-f7a3-483f-b498-009cff598508,82d51ed1-5076-450e-8ae1-4bbe92cec701
cd41d281-2107-49ca-bbaa-37cf338febb2,9bead5bd-27cc-4bce-b348-dfdfe52bbcfa,,transfer,166000.00,-,2025-05-03,2025-05-03 20:10:00+00,c2b7adda-52b3-4d0f-949b-8c8f2930f6b0,ef0c2451-f7a3-483f-b498-009cff598508
cd4cd0da-937a-47d3-9702-f05f479d1926,9bead5bd-27cc-4bce-b348-dfdfe52bbcfa,,transfer,450000.00,,2026-07-23,2026-07-23 15:12:00+00,ef945642-f8b2-43e7-8f16-1dfdf9802e69,ef0c2451-f7a3-483f-b498-009cff598508
cd5363ff-9f50-4944-aa56-aa6441311e5a,9bead5bd-27cc-4bce-b348-dfdfe52bbcfa,9e8d127f-fba2-437a-b77c-7f1f0074cf2a,expense,20000.00,,2026-01-22,2026-01-22 18:44:00+00,ef0c2451-f7a3-483f-b498-009cff598508,
cd92761e-c87a-437e-9b22-a32a810b32dd,9bead5bd-27cc-4bce-b348-dfdfe52bbcfa,,transfer,140000.00,,2026-08-24,2026-08-24 06:23:00+00,ef945642-f8b2-43e7-8f16-1dfdf9802e69,ef0c2451-f7a3-483f-b498-009cff598508
cd927d41-d52b-4bea-b989-44a936e091fc,9bead5bd-27cc-4bce-b348-dfdfe52bbcfa,,transfer,50000.00,-,2025-02-11,2025-02-11 15:03:00+00,1db96cc4-753b-4ea9-bdf5-9cf9c71fb00b,1b52f4eb-1774-4bbf-9d75-2f22061418c0
cdac7299-916a-46f6-ab17-f0cf87470ac7,9bead5bd-27cc-4bce-b348-dfdfe52bbcfa,9e8d127f-fba2-437a-b77c-7f1f0074cf2a,expense,10000.00,-,2025-01-06,2025-01-06 08:49:00+00,1b52f4eb-1774-4bbf-9d75-2f22061418c0,
cdc6a84b-0888-4014-8188-afdcf40e6e30,9bead5bd-27cc-4bce-b348-dfdfe52bbcfa,9e8d127f-fba2-437a-b77c-7f1f0074cf2a,expense,14000.00,-,2025-05-07,2025-05-07 18:19:00+00,1b52f4eb-1774-4bbf-9d75-2f22061418c0,
cdfa87c6-4a2b-4e9c-8f3f-78a9e70298d6,9bead5bd-27cc-4bce-b348-dfdfe52bbcfa,4cc387d6-39b2-4734-9cf8-c0f2c3e66205,income,500000.00,,2026-08-26,2026-08-26 06:36:00+00,ef0c2451-f7a3-483f-b498-009cff598508,
ce0433e9-9b25-4a06-ae1f-d35de834e69e,9bead5bd-27cc-4bce-b348-dfdfe52bbcfa,e53b2a49-3ff8-4f1c-b16f-7e4eb7057130,expense,2000.00,,2026-03-01,2026-03-01 21:04:00+00,1b52f4eb-1774-4bbf-9d75-2f22061418c0,
ce5e5c10-c3cd-4564-bd83-0fed3204cb95,9bead5bd-27cc-4bce-b348-dfdfe52bbcfa,861e04d0-951b-45e5-bf64-e0aecaf43eb7,expense,20000.00,cetak foto,2025-01-08,2025-01-08 15:15:00+00,1b52f4eb-1774-4bbf-9d75-2f22061418c0,
ce61eb7d-02f3-4ded-97a0-054b022e75f6,9bead5bd-27cc-4bce-b348-dfdfe52bbcfa,0413cdfe-d251-4bca-bd5f-5d520d7076f6,income,99184.00,,2026-02-25,2026-02-25 22:51:00+00,ef945642-f8b2-43e7-8f16-1dfdf9802e69,
ce8371e5-879a-4aa7-8d9e-3030ba814c02,9bead5bd-27cc-4bce-b348-dfdfe52bbcfa,9e8d127f-fba2-437a-b77c-7f1f0074cf2a,expense,16000.00,-,2025-06-29,2025-06-29 22:02:00+00,ef0c2451-f7a3-483f-b498-009cff598508,
ce8418c4-2d07-43d9-979e-f69476896c7f,9bead5bd-27cc-4bce-b348-dfdfe52bbcfa,,transfer,17000.00,,2026-01-18,2026-01-18 15:10:00+00,5d613a77-a05e-464c-ae45-0d5540681ac7,82d51ed1-5076-450e-8ae1-4bbe92cec701
cea330ad-d36d-48a6-98b7-d0ba390a74d6,9bead5bd-27cc-4bce-b348-dfdfe52bbcfa,3dfd2937-650e-4dfa-aa82-1532855306a0,expense,10000.00,sugar,2025-10-10,2025-10-10 11:13:00+00,1b52f4eb-1774-4bbf-9d75-2f22061418c0,
cea6c24b-c057-48d0-a9de-69aae5130555,9bead5bd-27cc-4bce-b348-dfdfe52bbcfa,9e8d127f-fba2-437a-b77c-7f1f0074cf2a,expense,20000.00,-,2025-09-19,2025-09-19 17:07:00+00,1b52f4eb-1774-4bbf-9d75-2f22061418c0,
ceb90227-73af-45ee-9f79-a0ba3e8637ad,9bead5bd-27cc-4bce-b348-dfdfe52bbcfa,9e8d127f-fba2-437a-b77c-7f1f0074cf2a,expense,12250.00,,2026-02-01,2026-02-01 09:09:00+00,d6c2f9dc-62aa-4d66-ae36-b8dd7f048e9c,
ced4c4e6-e9e7-49f4-be3b-be9f27050c72,9bead5bd-27cc-4bce-b348-dfdfe52bbcfa,c55296a5-4e89-4ecd-a694-75d9d426b104,expense,29900.00,spay vip,2026-01-24,2026-01-24 09:26:00+00,d6c2f9dc-62aa-4d66-ae36-b8dd7f048e9c,
cf045062-6ab8-4039-8e96-55d47f97a16b,9bead5bd-27cc-4bce-b348-dfdfe52bbcfa,a729f02d-cd4d-4ee1-98fb-56147ad0f773,income,3507693.00,-,2025-12-22,2025-12-22 21:00:00+00,ef0c2451-f7a3-483f-b498-009cff598508,
cf0e844a-9306-4f4d-965a-f5259a40510b,9bead5bd-27cc-4bce-b348-dfdfe52bbcfa,7e3596b4-6bb1-468d-9834-671feb25967b,expense,50000.00,-,2025-07-25,2025-07-25 08:41:00+00,d6c2f9dc-62aa-4d66-ae36-b8dd7f048e9c,
cf225c79-2df0-4f71-b219-8949d08703c1,9bead5bd-27cc-4bce-b348-dfdfe52bbcfa,fbc816ab-9344-4a18-bac0-35bc12bb587b,expense,21878.00,-,2025-05-31,2025-05-31 20:46:00+00,ef0c2451-f7a3-483f-b498-009cff598508,
cf451486-4949-4a2b-9045-bab8c66da630,9bead5bd-27cc-4bce-b348-dfdfe52bbcfa,3d15abb3-b62b-4772-b093-5880019049e3,expense,4000.00,-,2025-12-15,2025-12-15 19:22:00+00,ef0c2451-f7a3-483f-b498-009cff598508,
cf8b60de-6294-4590-b054-b6faeea26610,9bead5bd-27cc-4bce-b348-dfdfe52bbcfa,9e8d127f-fba2-437a-b77c-7f1f0074cf2a,expense,15440.00,,2026-05-11,2026-05-11 12:35:00+00,d6c2f9dc-62aa-4d66-ae36-b8dd7f048e9c,
cf92b9e4-334e-4a99-8bf0-5711c094b844,9bead5bd-27cc-4bce-b348-dfdfe52bbcfa,9e8d127f-fba2-437a-b77c-7f1f0074cf2a,expense,16000.00,-,2025-10-19,2025-10-19 21:10:00+00,d6c2f9dc-62aa-4d66-ae36-b8dd7f048e9c,
cff9eed6-2ea3-4511-9625-6cdd5d017e1b,9bead5bd-27cc-4bce-b348-dfdfe52bbcfa,56fadd62-20d5-4988-a5ff-3e86fdc5fa7d,income,1851.00,Correction (+) Seabank,2026-08-26,2026-08-26 07:02:00+00,ef945642-f8b2-43e7-8f16-1dfdf9802e69,
d019b478-0019-4f94-9a68-75acd7144f02,9bead5bd-27cc-4bce-b348-dfdfe52bbcfa,9e8d127f-fba2-437a-b77c-7f1f0074cf2a,expense,15000.00,-,2025-09-30,2025-09-30 20:45:00+00,1b52f4eb-1774-4bbf-9d75-2f22061418c0,
d01e0054-c3a1-4ab8-a78d-2bda38415e5b,9bead5bd-27cc-4bce-b348-dfdfe52bbcfa,9e8d127f-fba2-437a-b77c-7f1f0074cf2a,expense,14400.00,-,2025-12-08,2025-12-08 09:22:00+00,ef945642-f8b2-43e7-8f16-1dfdf9802e69,
d0202418-d6ec-4e48-8b91-ca831d029ae0,9bead5bd-27cc-4bce-b348-dfdfe52bbcfa,9e8d127f-fba2-437a-b77c-7f1f0074cf2a,expense,26750.00,-,2025-10-18,2025-10-18 10:58:00+00,d6c2f9dc-62aa-4d66-ae36-b8dd7f048e9c,
d02188d0-4c52-4baa-9e35-dd7a174737d0,9bead5bd-27cc-4bce-b348-dfdfe52bbcfa,9e8d127f-fba2-437a-b77c-7f1f0074cf2a,expense,22454.00,,2026-01-02,2026-01-02 19:00:00+00,8d5cd0ca-c9ea-4d7b-b428-4a0dedc8d833,
d0288d98-cb0a-4598-97ac-a8dc0f9224be,9bead5bd-27cc-4bce-b348-dfdfe52bbcfa,3d15abb3-b62b-4772-b093-5880019049e3,expense,21500.00,,2026-03-26,2026-03-26 18:47:00+00,ef0c2451-f7a3-483f-b498-009cff598508,
d0399923-b6b7-440c-bdaf-b5523228b184,9bead5bd-27cc-4bce-b348-dfdfe52bbcfa,,transfer,13000.00,-,2025-11-09,2025-11-09 19:56:00+00,ef0c2451-f7a3-483f-b498-009cff598508,82d51ed1-5076-450e-8ae1-4bbe92cec701
d07caac3-728c-43e1-b889-b7a457007595,9bead5bd-27cc-4bce-b348-dfdfe52bbcfa,,transfer,3500000.00,,2026-04-04,2026-04-04 14:26:00+00,ef0c2451-f7a3-483f-b498-009cff598508,d6c2f9dc-62aa-4d66-ae36-b8dd7f048e9c
d0af36b0-014d-4d2b-b05d-f002d9f6bc93,9bead5bd-27cc-4bce-b348-dfdfe52bbcfa,,transfer,150000.00,-,2025-05-28,2025-05-28 14:56:00+00,ef0c2451-f7a3-483f-b498-009cff598508,d6c2f9dc-62aa-4d66-ae36-b8dd7f048e9c
d0d55070-f3dc-42bd-a2f7-270a68e764c3,9bead5bd-27cc-4bce-b348-dfdfe52bbcfa,9e8d127f-fba2-437a-b77c-7f1f0074cf2a,expense,25000.00,-,2025-08-01,2025-08-01 15:40:00+00,ef0c2451-f7a3-483f-b498-009cff598508,
d126875a-8a9f-4d37-a88d-d62a0d4032a7,9bead5bd-27cc-4bce-b348-dfdfe52bbcfa,c2fa641c-c10c-46ea-a69b-e2e8fab6d2ef,expense,41000.00,,2026-01-24,2026-01-24 09:25:00+00,1db96cc4-753b-4ea9-bdf5-9cf9c71fb00b,
d13619e3-10fc-4745-a202-f6a40cecf781,9bead5bd-27cc-4bce-b348-dfdfe52bbcfa,71db4328-07e5-48f3-8a41-32ddb7391fed,expense,4000.00,,2026-08-03,2026-08-03 17:49:00+00,1b52f4eb-1774-4bbf-9d75-2f22061418c0,
d13844c8-3761-4cc4-94b9-f3b4394e3dcb,9bead5bd-27cc-4bce-b348-dfdfe52bbcfa,73a6b95b-efdb-4afd-bda5-2a6aedd82af4,expense,115805.00,-,2025-04-08,2025-04-08 15:59:00+00,d6c2f9dc-62aa-4d66-ae36-b8dd7f048e9c,
d1444255-70d0-4de1-b441-7da783df5d19,9bead5bd-27cc-4bce-b348-dfdfe52bbcfa,e53b2a49-3ff8-4f1c-b16f-7e4eb7057130,expense,2000.00,,2026-01-26,2026-01-26 18:23:00+00,1b52f4eb-1774-4bbf-9d75-2f22061418c0,
d1599c71-a31e-49d6-ab26-ef0d60f72cec,9bead5bd-27cc-4bce-b348-dfdfe52bbcfa,,transfer,100000.00,-,2025-03-13,2025-03-13 21:22:00+00,ef0c2451-f7a3-483f-b498-009cff598508,1db96cc4-753b-4ea9-bdf5-9cf9c71fb00b
d163c427-32a0-4ca6-9186-a9cd8324825c,9bead5bd-27cc-4bce-b348-dfdfe52bbcfa,,transfer,20000.00,,2026-06-15,2026-06-15 10:42:00+00,ef945642-f8b2-43e7-8f16-1dfdf9802e69,d1d65a47-79be-472a-8e7c-191ddef21252
d16b7059-139c-49ab-b4a9-07b2c423f58f,9bead5bd-27cc-4bce-b348-dfdfe52bbcfa,73a6b95b-efdb-4afd-bda5-2a6aedd82af4,expense,15000.00,-,2025-12-15,2025-12-15 20:20:00+00,ef0c2451-f7a3-483f-b498-009cff598508,
d178d762-b98b-4c47-9cee-55cf0227d1f5,9bead5bd-27cc-4bce-b348-dfdfe52bbcfa,,transfer,25000.00,-,2025-09-25,2025-09-25 19:09:00+00,d6c2f9dc-62aa-4d66-ae36-b8dd7f048e9c,82d51ed1-5076-450e-8ae1-4bbe92cec701
d17fcac5-9dc4-4108-b0a8-9bb2ef2e6acc,9bead5bd-27cc-4bce-b348-dfdfe52bbcfa,c363bb9a-e1c1-4485-a21b-d5cb69be8ac5,expense,50000.00,-,2025-01-08,2025-01-08 15:45:00+00,1b52f4eb-1774-4bbf-9d75-2f22061418c0,
d1a22e8c-1b4e-4292-afc8-1e52c5f8b0f3,9bead5bd-27cc-4bce-b348-dfdfe52bbcfa,e66badba-dce0-4403-80cf-760a4f913399,expense,1000.00,-,2025-04-14,2025-04-14 10:10:00+00,d6c2f9dc-62aa-4d66-ae36-b8dd7f048e9c,
d1d0c30e-568e-48f6-b8ee-07a173ca6255,9bead5bd-27cc-4bce-b348-dfdfe52bbcfa,9eb96490-908d-4d01-bf88-5590e81f2e65,income,400000.00,joki - lioni (1/2),2025-05-15,2025-05-15 13:41:00+00,ef0c2451-f7a3-483f-b498-009cff598508,
d202af89-0968-42fe-9772-390d282fd7df,9bead5bd-27cc-4bce-b348-dfdfe52bbcfa,9e8d127f-fba2-437a-b77c-7f1f0074cf2a,expense,10500.00,,2026-02-05,2026-02-05 12:47:00+00,ef0c2451-f7a3-483f-b498-009cff598508,
d20b3b4c-7bbc-4f0d-a398-f326b5d10296,9bead5bd-27cc-4bce-b348-dfdfe52bbcfa,ef5c334f-9678-43a1-a24d-06ddf2ae4336,expense,5000.00,-,2025-06-19,2025-06-19 12:16:00+00,1b52f4eb-1774-4bbf-9d75-2f22061418c0,
d22d9d47-397a-4669-bf28-a36c4b0e5fb3,9bead5bd-27cc-4bce-b348-dfdfe52bbcfa,9e8d127f-fba2-437a-b77c-7f1f0074cf2a,expense,15000.00,-,2025-03-05,2025-03-05 18:23:00+00,d6c2f9dc-62aa-4d66-ae36-b8dd7f048e9c,
d231f1ba-ba4b-43b2-84d1-7f0697b632c0,9bead5bd-27cc-4bce-b348-dfdfe52bbcfa,9e8d127f-fba2-437a-b77c-7f1f0074cf2a,expense,15000.00,-,2025-02-17,2025-02-17 18:44:00+00,1b52f4eb-1774-4bbf-9d75-2f22061418c0,
d24f0463-3049-4cb1-b332-5457893f62df,9bead5bd-27cc-4bce-b348-dfdfe52bbcfa,c363bb9a-e1c1-4485-a21b-d5cb69be8ac5,expense,25000.00,,2026-05-04,2026-05-04 10:14:00+00,1b52f4eb-1774-4bbf-9d75-2f22061418c0,
d25330ce-d8e9-4e74-89af-f5282b9285d2,9bead5bd-27cc-4bce-b348-dfdfe52bbcfa,f37df41e-f249-4312-886a-c27968ccb934,expense,5825499.00,Kerugian Trading,2025-06-17,2025-06-17 11:52:01+00,d1d65a47-79be-472a-8e7c-191ddef21252,
d29ad8a4-758a-4854-9580-2d503ea21df4,9bead5bd-27cc-4bce-b348-dfdfe52bbcfa,69cbbe19-e8fa-45c5-a250-77fd8aa3d98e,expense,51000.00,-,2025-12-06,2025-12-06 08:38:00+00,5d613a77-a05e-464c-ae45-0d5540681ac7,
d2a6dbac-bd63-405b-960f-1cb299262fc3,9bead5bd-27cc-4bce-b348-dfdfe52bbcfa,9e8d127f-fba2-437a-b77c-7f1f0074cf2a,expense,139800.00,,2026-08-18,2026-08-18 14:50:00+00,d6c2f9dc-62aa-4d66-ae36-b8dd7f048e9c,
d3045e65-cbf3-4794-92a9-5ed3006d19cc,9bead5bd-27cc-4bce-b348-dfdfe52bbcfa,,transfer,50000.00,-,2025-02-06,2025-02-06 11:59:00+00,ef0c2451-f7a3-483f-b498-009cff598508,1b52f4eb-1774-4bbf-9d75-2f22061418c0
d31c97e0-0b16-4056-bffe-c57e8c1a866c,9bead5bd-27cc-4bce-b348-dfdfe52bbcfa,c363bb9a-e1c1-4485-a21b-d5cb69be8ac5,expense,50000.00,,2026-03-18,2026-03-18 12:48:00+00,1b52f4eb-1774-4bbf-9d75-2f22061418c0,
d3264e7b-d92c-40e6-a311-ee34faa2c833,9bead5bd-27cc-4bce-b348-dfdfe52bbcfa,89af7f66-fcf6-4ede-85ce-97818d8ee5e5,expense,38000.00,,2026-06-08,2026-06-08 12:54:00+00,ef0c2451-f7a3-483f-b498-009cff598508,
d35f15d0-5dc4-480c-9f4a-10fab3641bab,9bead5bd-27cc-4bce-b348-dfdfe52bbcfa,861e04d0-951b-45e5-bf64-e0aecaf43eb7,expense,4600.00,Turnitin,2025-01-13,2025-01-13 06:42:00+00,ef0c2451-f7a3-483f-b498-009cff598508,
d38b742b-1451-472e-b59e-9c502fba5caf,9bead5bd-27cc-4bce-b348-dfdfe52bbcfa,9eb96490-908d-4d01-bf88-5590e81f2e65,income,200000.00,seminar,2025-01-04,2025-01-04 12:00:00+00,1b52f4eb-1774-4bbf-9d75-2f22061418c0,
d3a06ebe-0b05-4bd6-bb2b-9ae39b8e74eb,9bead5bd-27cc-4bce-b348-dfdfe52bbcfa,94c7c221-c74d-4a89-a0ee-3c71a8260ac6,expense,9000.00,,2026-04-22,2026-04-22 18:35:00+00,ef0c2451-f7a3-483f-b498-009cff598508,
d3bec607-a6f4-425b-b801-b462324591b9,9bead5bd-27cc-4bce-b348-dfdfe52bbcfa,,transfer,6900.00,,2026-06-21,2026-06-21 20:07:00+00,5d613a77-a05e-464c-ae45-0d5540681ac7,1b52f4eb-1774-4bbf-9d75-2f22061418c0
d409e62b-1988-4067-83c6-f9efca82a95f,9bead5bd-27cc-4bce-b348-dfdfe52bbcfa,3dfd2937-650e-4dfa-aa82-1532855306a0,expense,6000.00,minum,2025-04-15,2025-04-15 18:40:00+00,1b52f4eb-1774-4bbf-9d75-2f22061418c0,
d42206ec-e2b9-4c52-8e27-0142453c4d6f,9bead5bd-27cc-4bce-b348-dfdfe52bbcfa,9e8d127f-fba2-437a-b77c-7f1f0074cf2a,expense,10900.00,,2026-03-30,2026-03-30 13:00:00+00,ef0c2451-f7a3-483f-b498-009cff598508,
d42d9eb8-52e2-44ba-844d-84722d24361a,9bead5bd-27cc-4bce-b348-dfdfe52bbcfa,04d94b74-503f-4e20-b426-649acd17779d,expense,20000.00,tk,2025-08-02,2025-08-02 19:17:00+00,1db96cc4-753b-4ea9-bdf5-9cf9c71fb00b,
d4394810-8a4d-4e3b-94d5-d0608ca74117,9bead5bd-27cc-4bce-b348-dfdfe52bbcfa,9e8d127f-fba2-437a-b77c-7f1f0074cf2a,expense,50000.00,,2026-06-21,2026-06-21 20:05:00+00,1b52f4eb-1774-4bbf-9d75-2f22061418c0,
d48928ca-7023-4e64-8724-2448643daa43,9bead5bd-27cc-4bce-b348-dfdfe52bbcfa,ef5c334f-9678-43a1-a24d-06ddf2ae4336,income,42500.00,-,2025-11-29,2025-11-29 10:32:00+00,5d613a77-a05e-464c-ae45-0d5540681ac7,
d4bad721-d996-4591-93df-b9235954ddbd,9bead5bd-27cc-4bce-b348-dfdfe52bbcfa,ef5c334f-9678-43a1-a24d-06ddf2ae4336,expense,500.00,Koreksi saldo,2025-07-23,2025-07-23 20:23:16+00,1db96cc4-753b-4ea9-bdf5-9cf9c71fb00b,
d4c6281e-ba9e-4ea9-821b-489ce5eb84f6,9bead5bd-27cc-4bce-b348-dfdfe52bbcfa,,transfer,23000.00,-,2025-11-15,2025-11-15 12:11:00+00,ef945642-f8b2-43e7-8f16-1dfdf9802e69,ef0c2451-f7a3-483f-b498-009cff598508
d4f34f43-4f01-466c-99f7-13f88f7c8f2d,9bead5bd-27cc-4bce-b348-dfdfe52bbcfa,,transfer,35501.00,,2026-02-06,2026-02-06 13:21:00+00,d6c2f9dc-62aa-4d66-ae36-b8dd7f048e9c,ef0c2451-f7a3-483f-b498-009cff598508
d55c1e9a-eed7-4584-96f8-7dd8a1c9da19,9bead5bd-27cc-4bce-b348-dfdfe52bbcfa,73a6b95b-efdb-4afd-bda5-2a6aedd82af4,expense,22730.00,,2026-08-04,2026-08-04 15:38:00+00,ef945642-f8b2-43e7-8f16-1dfdf9802e69,
d55e948e-5590-49ba-a471-2a1c9edfbfec,9bead5bd-27cc-4bce-b348-dfdfe52bbcfa,04bbb778-c16c-48b3-86d6-e5bceea67e4d,expense,22000.00,,2026-06-26,2026-06-26 11:42:00+00,ef945642-f8b2-43e7-8f16-1dfdf9802e69,
d57b7630-d287-4e97-a971-494983d9512f,9bead5bd-27cc-4bce-b348-dfdfe52bbcfa,9e8d127f-fba2-437a-b77c-7f1f0074cf2a,expense,13000.00,-,2025-11-02,2025-11-02 21:46:00+00,1b52f4eb-1774-4bbf-9d75-2f22061418c0,
d57ea5da-6857-462e-bc12-60e4d4c9077f,9bead5bd-27cc-4bce-b348-dfdfe52bbcfa,73a6b95b-efdb-4afd-bda5-2a6aedd82af4,expense,15000.00,potong rambut,2026-06-09,2026-06-09 09:40:00+00,1b52f4eb-1774-4bbf-9d75-2f22061418c0,
d584d294-8f5e-4792-95d2-97dcdbb2186a,9bead5bd-27cc-4bce-b348-dfdfe52bbcfa,04d94b74-503f-4e20-b426-649acd17779d,income,165000.00,ortu,2025-06-15,2025-06-15 11:17:00+00,ef0c2451-f7a3-483f-b498-009cff598508,
d597748f-0876-4fc8-8987-3edb3baa3875,9bead5bd-27cc-4bce-b348-dfdfe52bbcfa,9e8d127f-fba2-437a-b77c-7f1f0074cf2a,expense,15000.00,-,2025-08-24,2025-08-24 13:06:00+00,1b52f4eb-1774-4bbf-9d75-2f22061418c0,
d5af37fe-045f-48f0-8c31-9659fc1d892b,9bead5bd-27cc-4bce-b348-dfdfe52bbcfa,e66badba-dce0-4403-80cf-760a4f913399,expense,1000.00,-,2025-04-25,2025-04-25 06:00:00+00,d6c2f9dc-62aa-4d66-ae36-b8dd7f048e9c,
d5cf3bc5-a8ea-4ecb-83d5-1d9e236aa88b,9bead5bd-27cc-4bce-b348-dfdfe52bbcfa,a95286ad-558f-456c-a43e-791b6bee7426,expense,24000.00,cafe,2025-05-08,2025-05-08 21:57:00+00,1db96cc4-753b-4ea9-bdf5-9cf9c71fb00b,
d5ecf506-76d3-47dd-933d-126a81091990,9bead5bd-27cc-4bce-b348-dfdfe52bbcfa,,transfer,3000000.00,,2026-04-04,2026-04-04 22:25:00+00,ef945642-f8b2-43e7-8f16-1dfdf9802e69,d1d65a47-79be-472a-8e7c-191ddef21252
d6247db0-5024-4798-b215-adeb55fe8e73,9bead5bd-27cc-4bce-b348-dfdfe52bbcfa,04d94b74-503f-4e20-b426-649acd17779d,expense,20000.00,aza,2025-01-30,2025-01-30 01:54:00+00,1b52f4eb-1774-4bbf-9d75-2f22061418c0,
d63d8787-2894-4eb2-ad4f-91d7c752eb15,9bead5bd-27cc-4bce-b348-dfdfe52bbcfa,9e8d127f-fba2-437a-b77c-7f1f0074cf2a,expense,26000.00,,2026-03-26,2026-03-26 18:46:00+00,ef0c2451-f7a3-483f-b498-009cff598508,
d63f77d2-98d8-47e3-b02d-7463e328817a,9bead5bd-27cc-4bce-b348-dfdfe52bbcfa,9e8d127f-fba2-437a-b77c-7f1f0074cf2a,expense,16000.00,-,2025-08-12,2025-08-12 18:37:00+00,1b52f4eb-1774-4bbf-9d75-2f22061418c0,
d6dd9572-f119-4f62-a8c7-06589a4a75a8,9bead5bd-27cc-4bce-b348-dfdfe52bbcfa,9e8d127f-fba2-437a-b77c-7f1f0074cf2a,expense,20000.00,,2026-01-26,2026-01-26 13:37:00+00,ef0c2451-f7a3-483f-b498-009cff598508,
d6f23786-9e01-4086-98a7-953dfc7b4717,9bead5bd-27cc-4bce-b348-dfdfe52bbcfa,73a6b95b-efdb-4afd-bda5-2a6aedd82af4,expense,220987.00,-,2025-01-27,2025-01-27 11:44:00+00,ef0c2451-f7a3-483f-b498-009cff598508,
d70e658b-f0e0-47c0-96ed-3c3d155523be,9bead5bd-27cc-4bce-b348-dfdfe52bbcfa,c363bb9a-e1c1-4485-a21b-d5cb69be8ac5,expense,50000.00,,2026-02-03,2026-02-03 11:40:00+00,1b52f4eb-1774-4bbf-9d75-2f22061418c0,
d710e168-37aa-4ea7-97ee-474e3a5efbbf,9bead5bd-27cc-4bce-b348-dfdfe52bbcfa,ef5c334f-9678-43a1-a24d-06ddf2ae4336,expense,5000.00,-,2025-03-17,2025-03-17 08:01:00+00,1b52f4eb-1774-4bbf-9d75-2f22061418c0,
d7125399-1af0-49b3-9fb5-4e0c89a32ad9,9bead5bd-27cc-4bce-b348-dfdfe52bbcfa,9e8d127f-fba2-437a-b77c-7f1f0074cf2a,expense,13000.00,-,2025-12-24,2025-12-24 18:27:00+00,ef0c2451-f7a3-483f-b498-009cff598508,
d7549926-7246-4dc0-b13f-b0482ebb172b,9bead5bd-27cc-4bce-b348-dfdfe52bbcfa,,transfer,15000.00,-,2025-09-03,2025-09-03 20:46:00+00,d6c2f9dc-62aa-4d66-ae36-b8dd7f048e9c,1b52f4eb-1774-4bbf-9d75-2f22061418c0
d789ce4e-e7bd-4f9f-8a5e-6a1841180323,9bead5bd-27cc-4bce-b348-dfdfe52bbcfa,9e8d127f-fba2-437a-b77c-7f1f0074cf2a,expense,15000.00,,2026-04-21,2026-04-21 21:51:00+00,ef0c2451-f7a3-483f-b498-009cff598508,
d7ae65a1-222f-4376-aafe-df1692a30a20,9bead5bd-27cc-4bce-b348-dfdfe52bbcfa,e66badba-dce0-4403-80cf-760a4f913399,expense,1000.00,-,2025-05-22,2025-05-22 10:17:00+00,ef0c2451-f7a3-483f-b498-009cff598508,
d7dd229d-0d54-4866-a2e0-0f8901cfbc82,9bead5bd-27cc-4bce-b348-dfdfe52bbcfa,,transfer,277234.00,,2026-08-12,2026-08-12 16:51:00+00,d1d65a47-79be-472a-8e7c-191ddef21252,ef945642-f8b2-43e7-8f16-1dfdf9802e69
d818042f-feb2-441b-95ac-10d54222c26f,9bead5bd-27cc-4bce-b348-dfdfe52bbcfa,9e8d127f-fba2-437a-b77c-7f1f0074cf2a,expense,24000.00,,2026-05-10,2026-05-10 22:26:00+00,ef0c2451-f7a3-483f-b498-009cff598508,
d81b4369-ebaa-4e51-98c6-46227e69d6a2,9bead5bd-27cc-4bce-b348-dfdfe52bbcfa,ffea2dd4-8c8d-4442-a93a-c4cee0ccee55,expense,19000.00,id card,2026-01-24,2026-01-24 12:24:00+00,d6c2f9dc-62aa-4d66-ae36-b8dd7f048e9c,
d8315f9a-ae4c-41fe-9a17-81ea876e0ba4,9bead5bd-27cc-4bce-b348-dfdfe52bbcfa,c363bb9a-e1c1-4485-a21b-d5cb69be8ac5,expense,50000.00,,2026-04-27,2026-04-27 17:29:00+00,1b52f4eb-1774-4bbf-9d75-2f22061418c0,
d87984bf-5a72-408b-8d0c-98f47657e4ca,9bead5bd-27cc-4bce-b348-dfdfe52bbcfa,9e8d127f-fba2-437a-b77c-7f1f0074cf2a,expense,16000.00,-,2025-07-28,2025-07-28 21:23:00+00,1b52f4eb-1774-4bbf-9d75-2f22061418c0,
d895db4e-384c-4c48-96b1-bf6d085bb2c1,9bead5bd-27cc-4bce-b348-dfdfe52bbcfa,,transfer,9900.00,,2026-05-05,2026-05-05 05:15:00+00,ef0c2451-f7a3-483f-b498-009cff598508,d6c2f9dc-62aa-4d66-ae36-b8dd7f048e9c
d8995d9c-fb09-46a2-8fdf-3441187b607f,9bead5bd-27cc-4bce-b348-dfdfe52bbcfa,,transfer,226000.00,-,2025-11-25,2025-11-25 18:59:00+00,82d51ed1-5076-450e-8ae1-4bbe92cec701,ef0c2451-f7a3-483f-b498-009cff598508
d8ef5e3c-3d8d-485f-8167-f1d2070933c7,9bead5bd-27cc-4bce-b348-dfdfe52bbcfa,ef5c334f-9678-43a1-a24d-06ddf2ae4336,expense,2000.00,,2026-02-21,2026-02-21 19:17:00+00,1b52f4eb-1774-4bbf-9d75-2f22061418c0,
d90b4f96-d5de-4a5d-922c-c05667e1eaaf,9bead5bd-27cc-4bce-b348-dfdfe52bbcfa,,transfer,15000.00,-,2025-11-02,2025-11-02 21:46:00+00,1b52f4eb-1774-4bbf-9d75-2f22061418c0,d6c2f9dc-62aa-4d66-ae36-b8dd7f048e9c
d91a997b-e704-4954-80eb-995c4b05cabd,9bead5bd-27cc-4bce-b348-dfdfe52bbcfa,9e8d127f-fba2-437a-b77c-7f1f0074cf2a,expense,14608.00,,2026-05-18,2026-05-18 09:19:00+00,d6c2f9dc-62aa-4d66-ae36-b8dd7f048e9c,
d958f6ab-d913-4c5d-b630-cd9d3c62e83a,9bead5bd-27cc-4bce-b348-dfdfe52bbcfa,,transfer,2900000.00,-,2025-12-25,2025-12-25 06:31:00+00,ef0c2451-f7a3-483f-b498-009cff598508,8d5cd0ca-c9ea-4d7b-b428-4a0dedc8d833
d95e1838-e7ab-4b85-a251-a62515a264b0,9bead5bd-27cc-4bce-b348-dfdfe52bbcfa,,transfer,20000.00,-,2025-12-21,2025-12-21 10:57:00+00,1b52f4eb-1774-4bbf-9d75-2f22061418c0,ef0c2451-f7a3-483f-b498-009cff598508
d9898779-66bc-4bc5-b73d-04df43aa8998,9bead5bd-27cc-4bce-b348-dfdfe52bbcfa,,transfer,50000.00,-,2025-01-19,2025-01-19 15:06:00+00,1b52f4eb-1774-4bbf-9d75-2f22061418c0,1db96cc4-753b-4ea9-bdf5-9cf9c71fb00b
d9a7238a-981a-40d5-a56a-b9da8bbaece5,9bead5bd-27cc-4bce-b348-dfdfe52bbcfa,ef5c334f-9678-43a1-a24d-06ddf2ae4336,expense,910.00,Koreksi saldo,2025-11-18,2025-11-18 22:29:23+00,82d51ed1-5076-450e-8ae1-4bbe92cec701,
d9bcc41c-9c47-4dab-a8ef-3f823f59b45e,9bead5bd-27cc-4bce-b348-dfdfe52bbcfa,,transfer,150000.00,-,2025-03-20,2025-03-20 19:27:00+00,ef0c2451-f7a3-483f-b498-009cff598508,d6c2f9dc-62aa-4d66-ae36-b8dd7f048e9c
d9dd71a5-4524-49cd-bf0e-a172d790b679,9bead5bd-27cc-4bce-b348-dfdfe52bbcfa,9e8d127f-fba2-437a-b77c-7f1f0074cf2a,expense,13608.00,,2026-04-23,2026-04-23 08:34:00+00,d6c2f9dc-62aa-4d66-ae36-b8dd7f048e9c,
d9de9a20-16a4-4054-9493-a736451bd287,9bead5bd-27cc-4bce-b348-dfdfe52bbcfa,04bbb778-c16c-48b3-86d6-e5bceea67e4d,expense,18000.00,-,2025-10-02,2025-10-02 18:36:00+00,d6c2f9dc-62aa-4d66-ae36-b8dd7f048e9c,
d9ef26d3-5d6d-4e57-b195-0cebcc1270dd,9bead5bd-27cc-4bce-b348-dfdfe52bbcfa,,transfer,100000.00,-,2025-04-04,2025-04-04 09:30:00+00,ef0c2451-f7a3-483f-b498-009cff598508,d6c2f9dc-62aa-4d66-ae36-b8dd7f048e9c
da41f2aa-99ed-4f3e-abb1-78bb1b78b5ce,9bead5bd-27cc-4bce-b348-dfdfe52bbcfa,c2fa641c-c10c-46ea-a69b-e2e8fab6d2ef,expense,15000.00,,2026-06-02,2026-06-02 22:19:00+00,ef0c2451-f7a3-483f-b498-009cff598508,
da49c22f-4b4f-4a83-b1d2-15faf0135387,9bead5bd-27cc-4bce-b348-dfdfe52bbcfa,,transfer,100000.00,-,2025-06-22,2025-06-22 18:06:00+00,1b52f4eb-1774-4bbf-9d75-2f22061418c0,ef0c2451-f7a3-483f-b498-009cff598508
da835b97-098b-44ef-8642-8270f544f25f,9bead5bd-27cc-4bce-b348-dfdfe52bbcfa,,transfer,26000.00,-,2025-12-20,2025-12-20 10:54:00+00,ef0c2451-f7a3-483f-b498-009cff598508,82d51ed1-5076-450e-8ae1-4bbe92cec701
daad8b72-bd2f-41b7-b070-7270864913d8,9bead5bd-27cc-4bce-b348-dfdfe52bbcfa,9e8d127f-fba2-437a-b77c-7f1f0074cf2a,expense,11850.00,,2026-04-04,2026-04-04 08:31:00+00,d6c2f9dc-62aa-4d66-ae36-b8dd7f048e9c,
daf52e53-711c-4674-a2ff-6a01a1fc8647,9bead5bd-27cc-4bce-b348-dfdfe52bbcfa,,transfer,80000.00,,2026-03-11,2026-03-11 20:35:00+00,5d613a77-a05e-464c-ae45-0d5540681ac7,ef0c2451-f7a3-483f-b498-009cff598508
db423355-bf5c-41cd-a35c-c008dd756ff2,9bead5bd-27cc-4bce-b348-dfdfe52bbcfa,9e8d127f-fba2-437a-b77c-7f1f0074cf2a,expense,10000.00,-,2025-11-22,2025-11-22 12:38:00+00,d6c2f9dc-62aa-4d66-ae36-b8dd7f048e9c,
db58f98c-4b2e-46db-83c2-2fe8bcc02f74,9bead5bd-27cc-4bce-b348-dfdfe52bbcfa,9e8d127f-fba2-437a-b77c-7f1f0074cf2a,expense,15000.00,,2026-01-06,2026-01-06 18:08:00+00,ef0c2451-f7a3-483f-b498-009cff598508,
dba0b2d8-d54b-4c0c-9db4-6c2cb7b2e113,9bead5bd-27cc-4bce-b348-dfdfe52bbcfa,73a6b95b-efdb-4afd-bda5-2a6aedd82af4,expense,15000.00,-,2025-03-29,2025-03-29 14:07:00+00,1b52f4eb-1774-4bbf-9d75-2f22061418c0,
dc04f0ad-109a-46b7-84ef-d6abc68fe5e2,9bead5bd-27cc-4bce-b348-dfdfe52bbcfa,06c4dac0-5cd5-43ae-aeab-bd0ac041116b,expense,13500.00,,2026-08-29,2026-08-29 09:16:00+00,d6c2f9dc-62aa-4d66-ae36-b8dd7f048e9c,
dc0aef64-fa7d-4a56-b807-e99a4f3383cf,9bead5bd-27cc-4bce-b348-dfdfe52bbcfa,c363bb9a-e1c1-4485-a21b-d5cb69be8ac5,expense,25000.00,-,2025-11-29,2025-11-29 13:14:00+00,82d51ed1-5076-450e-8ae1-4bbe92cec701,
dc0edf53-bd63-4d9a-93f0-943cdea45a8e,9bead5bd-27cc-4bce-b348-dfdfe52bbcfa,c363bb9a-e1c1-4485-a21b-d5cb69be8ac5,expense,50000.00,,2026-02-15,2026-02-15 06:29:00+00,1b52f4eb-1774-4bbf-9d75-2f22061418c0,
dc53b1ce-9e93-4006-b515-4d208ff06161,9bead5bd-27cc-4bce-b348-dfdfe52bbcfa,,transfer,350000.00,,2026-07-26,2026-07-26 17:53:00+00,1b52f4eb-1774-4bbf-9d75-2f22061418c0,ef0c2451-f7a3-483f-b498-009cff598508
dc902673-7072-4b55-899f-e19ad8327fa7,9bead5bd-27cc-4bce-b348-dfdfe52bbcfa,06c4dac0-5cd5-43ae-aeab-bd0ac041116b,expense,269000.00,servis,2026-04-27,2026-04-27 10:29:00+00,ef0c2451-f7a3-483f-b498-009cff598508,
dc96f15a-6d12-4659-973c-be0e380769ea,9bead5bd-27cc-4bce-b348-dfdfe52bbcfa,9e8d127f-fba2-437a-b77c-7f1f0074cf2a,expense,15000.00,-,2025-02-09,2025-02-09 17:29:00+00,1b52f4eb-1774-4bbf-9d75-2f22061418c0,
dc9d4a67-949d-4923-b2a3-fdfa1643a377,9bead5bd-27cc-4bce-b348-dfdfe52bbcfa,e66badba-dce0-4403-80cf-760a4f913399,expense,1000.00,-,2025-04-14,2025-04-14 09:44:00+00,ef0c2451-f7a3-483f-b498-009cff598508,
dcad7f9b-2cb0-46e3-8868-873226f6e504,9bead5bd-27cc-4bce-b348-dfdfe52bbcfa,69cbbe19-e8fa-45c5-a250-77fd8aa3d98e,expense,60000.00,wifi,2025-09-20,2025-09-20 19:44:00+00,d6c2f9dc-62aa-4d66-ae36-b8dd7f048e9c,
dcc761d0-9f10-41b2-a395-aa8516b6ccaf,9bead5bd-27cc-4bce-b348-dfdfe52bbcfa,9e8d127f-fba2-437a-b77c-7f1f0074cf2a,expense,5000.00,-,2025-11-26,2025-11-26 19:17:00+00,1b52f4eb-1774-4bbf-9d75-2f22061418c0,
dcf2bb3f-155c-4632-b90e-e7f286ab1e09,9bead5bd-27cc-4bce-b348-dfdfe52bbcfa,3d15abb3-b62b-4772-b093-5880019049e3,expense,22000.00,galon,2025-01-17,2025-01-17 16:30:00+00,1b52f4eb-1774-4bbf-9d75-2f22061418c0,
dd0e561b-c098-433a-bbda-4d24a47d7e71,9bead5bd-27cc-4bce-b348-dfdfe52bbcfa,9e8d127f-fba2-437a-b77c-7f1f0074cf2a,expense,15000.00,,2026-01-30,2026-01-30 12:11:00+00,ef0c2451-f7a3-483f-b498-009cff598508,
dd4873d1-eac7-431c-8156-e23764098899,9bead5bd-27cc-4bce-b348-dfdfe52bbcfa,9e8d127f-fba2-437a-b77c-7f1f0074cf2a,expense,27400.00,-,2025-12-26,2025-12-26 19:39:00+00,ef0c2451-f7a3-483f-b498-009cff598508,
dd5d0f73-1bd7-416c-9dbd-cc7b1f28065e,9bead5bd-27cc-4bce-b348-dfdfe52bbcfa,3dfd2937-650e-4dfa-aa82-1532855306a0,expense,31000.00,-,2025-04-11,2025-04-11 19:30:00+00,1b52f4eb-1774-4bbf-9d75-2f22061418c0,
dd5e7458-ce08-42a8-b56f-cc9da0bc40db,9bead5bd-27cc-4bce-b348-dfdfe52bbcfa,06c4dac0-5cd5-43ae-aeab-bd0ac041116b,expense,10450.00,,2026-08-05,2026-08-05 12:57:00+00,ef945642-f8b2-43e7-8f16-1dfdf9802e69,
dd5ff681-6048-437c-a891-580d8312bcff,9bead5bd-27cc-4bce-b348-dfdfe52bbcfa,,transfer,150000.00,-,2025-01-23,2025-01-23 14:08:00+00,ef0c2451-f7a3-483f-b498-009cff598508,1db96cc4-753b-4ea9-bdf5-9cf9c71fb00b
dd94e40a-f2e1-4d56-89d7-d1ce8b68d1fb,9bead5bd-27cc-4bce-b348-dfdfe52bbcfa,,transfer,100000.00,-,2025-03-29,2025-03-29 20:21:00+00,1b52f4eb-1774-4bbf-9d75-2f22061418c0,ef0c2451-f7a3-483f-b498-009cff598508
ddb28571-35ad-4457-8589-f3ffc77fe2f1,9bead5bd-27cc-4bce-b348-dfdfe52bbcfa,,transfer,33000.00,,2026-02-14,2026-02-14 06:00:00+00,1b52f4eb-1774-4bbf-9d75-2f22061418c0,ef0c2451-f7a3-483f-b498-009cff598508
ddbefb56-3259-457d-bdc4-a958676bcac7,9bead5bd-27cc-4bce-b348-dfdfe52bbcfa,3dfd2937-650e-4dfa-aa82-1532855306a0,expense,7000.00,vitamin,2025-11-25,2025-11-25 18:29:00+00,ef0c2451-f7a3-483f-b498-009cff598508,
dde572e1-6985-44f0-b1f5-bd287655153a,9bead5bd-27cc-4bce-b348-dfdfe52bbcfa,a95286ad-558f-456c-a43e-791b6bee7426,expense,15000.00,-,2025-06-16,2025-06-16 21:47:00+00,1b52f4eb-1774-4bbf-9d75-2f22061418c0,
dde6845b-5b2f-478c-9433-15be5a1f6f69,9bead5bd-27cc-4bce-b348-dfdfe52bbcfa,c363bb9a-e1c1-4485-a21b-d5cb69be8ac5,expense,10000.00,-,2025-11-20,2025-11-20 11:07:00+00,82d51ed1-5076-450e-8ae1-4bbe92cec701,
dde8b73d-d15e-432f-be9c-f3f880045d91,9bead5bd-27cc-4bce-b348-dfdfe52bbcfa,d6b7f46d-c8b4-4cdf-822a-80d1083c7393,expense,6000.00,-,2025-10-29,2025-10-29 18:01:00+00,1b52f4eb-1774-4bbf-9d75-2f22061418c0,
de0bfaf0-3f3c-40a2-bdaf-d1835e3f2078,9bead5bd-27cc-4bce-b348-dfdfe52bbcfa,e53b2a49-3ff8-4f1c-b16f-7e4eb7057130,expense,3000.00,-,2025-06-30,2025-06-30 10:39:00+00,1b52f4eb-1774-4bbf-9d75-2f22061418c0,
de0e330e-d337-41c3-be20-3ad17d0b4fd5,9bead5bd-27cc-4bce-b348-dfdfe52bbcfa,,transfer,18000.00,-,2025-11-18,2025-11-18 06:23:00+00,ef945642-f8b2-43e7-8f16-1dfdf9802e69,82d51ed1-5076-450e-8ae1-4bbe92cec701
de52783b-5d17-425a-9ae0-cf3ad18293cd,9bead5bd-27cc-4bce-b348-dfdfe52bbcfa,9e8d127f-fba2-437a-b77c-7f1f0074cf2a,expense,19000.00,-,2025-09-23,2025-09-23 16:03:00+00,82d51ed1-5076-450e-8ae1-4bbe92cec701,
de54fbb9-c65f-4e5e-94f1-8b968bf4bca6,9bead5bd-27cc-4bce-b348-dfdfe52bbcfa,c363bb9a-e1c1-4485-a21b-d5cb69be8ac5,expense,20000.00,,2026-05-21,2026-05-21 22:51:00+00,ef0c2451-f7a3-483f-b498-009cff598508,
de5ad739-544f-41ac-be9e-64b2bca9fb10,9bead5bd-27cc-4bce-b348-dfdfe52bbcfa,06c4dac0-5cd5-43ae-aeab-bd0ac041116b,expense,67625.00,helm,2025-11-12,2025-11-12 18:52:00+00,ef945642-f8b2-43e7-8f16-1dfdf9802e69,
de6a3f5a-7147-497a-b417-62ed1ab28494,9bead5bd-27cc-4bce-b348-dfdfe52bbcfa,9e8d127f-fba2-437a-b77c-7f1f0074cf2a,expense,10000.00,-,2025-12-18,2025-12-18 08:08:00+00,ef0c2451-f7a3-483f-b498-009cff598508,
de6e8e06-1d29-4759-9134-82f8724cfcbd,9bead5bd-27cc-4bce-b348-dfdfe52bbcfa,3d15abb3-b62b-4772-b093-5880019049e3,expense,22000.00,galon,2025-01-01,2025-01-01 19:28:00+00,1b52f4eb-1774-4bbf-9d75-2f22061418c0,
de8c00b9-b512-4fea-b8ba-6e7d348b8eed,9bead5bd-27cc-4bce-b348-dfdfe52bbcfa,ef5c334f-9678-43a1-a24d-06ddf2ae4336,income,104.00,Koreksi saldo,2025-03-12,2025-03-12 05:00:00+00,ef0c2451-f7a3-483f-b498-009cff598508,
deb8dfe3-b414-4725-b6e2-a2f773fc8645,9bead5bd-27cc-4bce-b348-dfdfe52bbcfa,,transfer,101000.00,-,2025-02-08,2025-02-08 08:58:00+00,ef0c2451-f7a3-483f-b498-009cff598508,d6c2f9dc-62aa-4d66-ae36-b8dd7f048e9c
dec56c08-6aab-4c18-9df9-ba09cdb7cc6c,9bead5bd-27cc-4bce-b348-dfdfe52bbcfa,9eb96490-908d-4d01-bf88-5590e81f2e65,income,110000.00,joki,2025-01-13,2025-01-13 08:07:00+00,1db96cc4-753b-4ea9-bdf5-9cf9c71fb00b,
ded1767f-784a-4ab0-a70a-5a1eb7735dcc,9bead5bd-27cc-4bce-b348-dfdfe52bbcfa,417ffb54-8c5d-49a6-90bd-9748bb065b43,expense,14300.00,,2026-07-31,2026-07-31 15:43:00+00,d6c2f9dc-62aa-4d66-ae36-b8dd7f048e9c,
ded9baf1-74a6-4fa3-abe1-bb84f8cdaa3e,9bead5bd-27cc-4bce-b348-dfdfe52bbcfa,9e8d127f-fba2-437a-b77c-7f1f0074cf2a,expense,21000.00,-,2025-08-24,2025-08-24 20:22:00+00,ef0c2451-f7a3-483f-b498-009cff598508,
dedf52d8-43b4-4b97-a8f2-25b38b031f99,9bead5bd-27cc-4bce-b348-dfdfe52bbcfa,,transfer,5695.00,,2026-06-25,2026-06-25 12:19:00+00,ef945642-f8b2-43e7-8f16-1dfdf9802e69,d1d65a47-79be-472a-8e7c-191ddef21252
dee42367-5021-464c-854f-db52c9192f9f,9bead5bd-27cc-4bce-b348-dfdfe52bbcfa,9e8d127f-fba2-437a-b77c-7f1f0074cf2a,expense,15000.00,,2026-04-10,2026-04-10 09:19:00+00,ef0c2451-f7a3-483f-b498-009cff598508,
deee19a7-0bd2-4b85-a825-9275b74c2229,9bead5bd-27cc-4bce-b348-dfdfe52bbcfa,c363bb9a-e1c1-4485-a21b-d5cb69be8ac5,expense,40000.00,-,2025-07-17,2025-07-17 20:55:00+00,1b52f4eb-1774-4bbf-9d75-2f22061418c0,
df243f29-411a-4651-9603-f0af22e6e77b,9bead5bd-27cc-4bce-b348-dfdfe52bbcfa,,transfer,10000.00,,2026-03-10,2026-03-10 17:50:00+00,1b52f4eb-1774-4bbf-9d75-2f22061418c0,ef0c2451-f7a3-483f-b498-009cff598508
df52ffff-b48e-49e6-900f-8099e4dd13bc,9bead5bd-27cc-4bce-b348-dfdfe52bbcfa,,transfer,18000.00,,2026-01-31,2026-01-31 09:04:00+00,d6c2f9dc-62aa-4d66-ae36-b8dd7f048e9c,82d51ed1-5076-450e-8ae1-4bbe92cec701
df57cf87-074a-4bc7-ace0-7cca714276a5,9bead5bd-27cc-4bce-b348-dfdfe52bbcfa,417ffb54-8c5d-49a6-90bd-9748bb065b43,expense,6900.00,-,2025-10-09,2025-10-09 09:40:00+00,d6c2f9dc-62aa-4d66-ae36-b8dd7f048e9c,
dfd82637-9913-4f3a-adae-d3cdbe8d6ab7,9bead5bd-27cc-4bce-b348-dfdfe52bbcfa,,transfer,20000.00,,2026-02-14,2026-02-14 09:36:00+00,1b52f4eb-1774-4bbf-9d75-2f22061418c0,82d51ed1-5076-450e-8ae1-4bbe92cec701
dfe2b9bb-b04d-4236-9bc8-1dff6e3dd6d4,9bead5bd-27cc-4bce-b348-dfdfe52bbcfa,9e8d127f-fba2-437a-b77c-7f1f0074cf2a,expense,10000.00,-,2025-11-20,2025-11-20 06:07:00+00,82d51ed1-5076-450e-8ae1-4bbe92cec701,
dff6198e-0526-4c6c-a4ed-b77be5fd30fb,9bead5bd-27cc-4bce-b348-dfdfe52bbcfa,e53b2a49-3ff8-4f1c-b16f-7e4eb7057130,expense,2000.00,,2026-03-10,2026-03-10 20:34:00+00,1b52f4eb-1774-4bbf-9d75-2f22061418c0,
e0195d00-409c-4304-9ebb-5fb0936e75e6,9bead5bd-27cc-4bce-b348-dfdfe52bbcfa,,transfer,27000.00,,2026-05-22,2026-05-22 20:14:00+00,d6c2f9dc-62aa-4d66-ae36-b8dd7f048e9c,ef0c2451-f7a3-483f-b498-009cff598508
e0219470-f937-4efa-ab17-e6bd4c278a7b,9bead5bd-27cc-4bce-b348-dfdfe52bbcfa,04bbb778-c16c-48b3-86d6-e5bceea67e4d,expense,15000.00,-,2025-11-08,2025-11-08 19:20:00+00,1b52f4eb-1774-4bbf-9d75-2f22061418c0,
e085e86a-09a3-4b4c-b098-4bc7d8e36ca5,9bead5bd-27cc-4bce-b348-dfdfe52bbcfa,9e8d127f-fba2-437a-b77c-7f1f0074cf2a,expense,19850.00,-,2025-07-02,2025-07-02 10:25:00+00,d6c2f9dc-62aa-4d66-ae36-b8dd7f048e9c,
e0877e65-78a2-4d31-b148-aaf05e7a4e28,9bead5bd-27cc-4bce-b348-dfdfe52bbcfa,,transfer,100000.00,-,2025-04-20,2025-04-20 11:37:00+00,d6c2f9dc-62aa-4d66-ae36-b8dd7f048e9c,ef0c2451-f7a3-483f-b498-009cff598508
e0b9e76a-b1e5-4769-a20d-235f111d75fe,9bead5bd-27cc-4bce-b348-dfdfe52bbcfa,69cbbe19-e8fa-45c5-a250-77fd8aa3d98e,expense,53000.00,listrik,2025-01-26,2025-01-26 11:12:00+00,ef0c2451-f7a3-483f-b498-009cff598508,
e0be1f60-a017-41e9-81b1-a9f74f77d3ef,9bead5bd-27cc-4bce-b348-dfdfe52bbcfa,ef5c334f-9678-43a1-a24d-06ddf2ae4336,expense,1000.00,-,2025-02-17,2025-02-17 18:45:00+00,1b52f4eb-1774-4bbf-9d75-2f22061418c0,
e0c34e52-00da-4b82-ab5d-ceb822806a8e,9bead5bd-27cc-4bce-b348-dfdfe52bbcfa,9e8d127f-fba2-437a-b77c-7f1f0074cf2a,expense,20462.00,-,2025-04-06,2025-04-06 12:13:00+00,d6c2f9dc-62aa-4d66-ae36-b8dd7f048e9c,
e0d432d6-0a9f-4998-a829-ece16e4cdf91,9bead5bd-27cc-4bce-b348-dfdfe52bbcfa,,transfer,3000000.00,,2026-01-27,2026-01-27 12:37:00+00,ef0c2451-f7a3-483f-b498-009cff598508,5d613a77-a05e-464c-ae45-0d5540681ac7
e0ec2113-29b0-43a7-a463-56e4e04032b8,9bead5bd-27cc-4bce-b348-dfdfe52bbcfa,,transfer,14000.00,-,2025-12-16,2025-12-16 19:02:00+00,ef0c2451-f7a3-483f-b498-009cff598508,82d51ed1-5076-450e-8ae1-4bbe92cec701
e104ae90-efa3-4a54-a181-1d314c5e70df,9bead5bd-27cc-4bce-b348-dfdfe52bbcfa,ef5c334f-9678-43a1-a24d-06ddf2ae4336,expense,8000.00,Koreksi saldo,2025-08-23,2025-08-23 06:01:00+00,1b52f4eb-1774-4bbf-9d75-2f22061418c0,
e10a6c88-e436-487d-9b49-74974aa42a20,9bead5bd-27cc-4bce-b348-dfdfe52bbcfa,9e8d127f-fba2-437a-b77c-7f1f0074cf2a,expense,25000.00,,2026-03-29,2026-03-29 22:34:00+00,ef0c2451-f7a3-483f-b498-009cff598508,
e11616cf-1522-4449-bc15-9e12218b6e5d,9bead5bd-27cc-4bce-b348-dfdfe52bbcfa,,transfer,16000.00,-,2025-11-19,2025-11-19 06:52:00+00,d6c2f9dc-62aa-4d66-ae36-b8dd7f048e9c,1b52f4eb-1774-4bbf-9d75-2f22061418c0
e1506c75-c5fc-422c-9687-0ecd1eea75a7,9bead5bd-27cc-4bce-b348-dfdfe52bbcfa,c363bb9a-e1c1-4485-a21b-d5cb69be8ac5,expense,40000.00,,2026-08-02,2026-08-02 11:53:00+00,ef0c2451-f7a3-483f-b498-009cff598508,
e1600f48-f320-48f2-bc83-e57997757aff,9bead5bd-27cc-4bce-b348-dfdfe52bbcfa,ef5c334f-9678-43a1-a24d-06ddf2ae4336,income,2100.00,Koreksi saldo,2025-04-27,2025-04-27 23:20:47+00,d6c2f9dc-62aa-4d66-ae36-b8dd7f048e9c,
e165ad95-eeed-484e-a351-8cbc20105dd7,9bead5bd-27cc-4bce-b348-dfdfe52bbcfa,c363bb9a-e1c1-4485-a21b-d5cb69be8ac5,expense,50000.00,-,2025-10-26,2025-10-26 16:02:00+00,1b52f4eb-1774-4bbf-9d75-2f22061418c0,
e16ad38d-cffb-48f3-9223-f9938353e7e0,9bead5bd-27cc-4bce-b348-dfdfe52bbcfa,06c4dac0-5cd5-43ae-aeab-bd0ac041116b,expense,7000.00,,2026-04-25,2026-04-25 11:48:00+00,1b52f4eb-1774-4bbf-9d75-2f22061418c0,
e180c632-f26d-44ad-bb00-f59b9540d078,9bead5bd-27cc-4bce-b348-dfdfe52bbcfa,9e8d127f-fba2-437a-b77c-7f1f0074cf2a,expense,16850.00,-,2025-08-30,2025-08-30 11:58:00+00,d6c2f9dc-62aa-4d66-ae36-b8dd7f048e9c,
e18e924a-971d-4b4c-9968-3d167ace95e2,9bead5bd-27cc-4bce-b348-dfdfe52bbcfa,9e8d127f-fba2-437a-b77c-7f1f0074cf2a,expense,19000.00,-,2025-12-19,2025-12-19 19:14:00+00,82d51ed1-5076-450e-8ae1-4bbe92cec701,
e1a03b3b-7225-4edc-b6d9-72d017758480,9bead5bd-27cc-4bce-b348-dfdfe52bbcfa,69cbbe19-e8fa-45c5-a250-77fd8aa3d98e,expense,50000.00,,2026-04-14,2026-04-14 06:04:00+00,d6c2f9dc-62aa-4d66-ae36-b8dd7f048e9c,
e1d7510b-ea71-4269-9b27-9599805fa7ed,9bead5bd-27cc-4bce-b348-dfdfe52bbcfa,c363bb9a-e1c1-4485-a21b-d5cb69be8ac5,expense,50000.00,-,2025-02-15,2025-02-15 16:46:00+00,1b52f4eb-1774-4bbf-9d75-2f22061418c0,
e20e28b4-c702-4eaf-a484-3575524677ac,9bead5bd-27cc-4bce-b348-dfdfe52bbcfa,,transfer,20000.00,,2026-01-19,2026-01-19 16:30:00+00,8d5cd0ca-c9ea-4d7b-b428-4a0dedc8d833,5d613a77-a05e-464c-ae45-0d5540681ac7
e21442ac-1388-4025-ae9f-28061cf36308,9bead5bd-27cc-4bce-b348-dfdfe52bbcfa,,transfer,200000.00,-,2025-11-24,2025-11-24 18:35:00+00,82d51ed1-5076-450e-8ae1-4bbe92cec701,ef0c2451-f7a3-483f-b498-009cff598508
e2517c8f-0b55-44df-a39f-a41b48705fb5,9bead5bd-27cc-4bce-b348-dfdfe52bbcfa,,transfer,200000.00,-,2025-07-27,2025-07-27 17:18:00+00,ef0c2451-f7a3-483f-b498-009cff598508,1b52f4eb-1774-4bbf-9d75-2f22061418c0
e264a2ef-9455-4acc-a3c5-122b678dbdb9,9bead5bd-27cc-4bce-b348-dfdfe52bbcfa,,transfer,7300.00,,2026-01-02,2026-01-02 19:40:00+00,ef0c2451-f7a3-483f-b498-009cff598508,82d51ed1-5076-450e-8ae1-4bbe92cec701
e2d70244-93d4-4df2-b8ef-e0a23eeb41eb,9bead5bd-27cc-4bce-b348-dfdfe52bbcfa,,transfer,1000000.00,,2026-03-14,2026-03-14 15:07:00+00,1b52f4eb-1774-4bbf-9d75-2f22061418c0,ef0c2451-f7a3-483f-b498-009cff598508
e2ec4728-fdfa-4cac-a477-28d50b14be58,9bead5bd-27cc-4bce-b348-dfdfe52bbcfa,9e8d127f-fba2-437a-b77c-7f1f0074cf2a,expense,16500.00,-,2025-01-22,2025-01-22 21:17:00+00,1b52f4eb-1774-4bbf-9d75-2f22061418c0,
e2ec75b5-7cde-496f-b598-76c6e1bd2e1a,9bead5bd-27cc-4bce-b348-dfdfe52bbcfa,9e8d127f-fba2-437a-b77c-7f1f0074cf2a,expense,20000.00,,2026-02-07,2026-02-07 09:20:00+00,ef0c2451-f7a3-483f-b498-009cff598508,
e305e948-46e5-4b7a-b1e5-7b90b421ba28,9bead5bd-27cc-4bce-b348-dfdfe52bbcfa,9e8d127f-fba2-437a-b77c-7f1f0074cf2a,expense,13000.00,-,2025-10-27,2025-10-27 18:15:00+00,1b52f4eb-1774-4bbf-9d75-2f22061418c0,
e31483f6-d016-41de-8bd0-248048398c9a,9bead5bd-27cc-4bce-b348-dfdfe52bbcfa,73a6b95b-efdb-4afd-bda5-2a6aedd82af4,expense,309500.00,sepatu,2025-03-12,2025-03-12 14:04:00+00,ef0c2451-f7a3-483f-b498-009cff598508,
e3281f21-7596-4550-a261-c0c7ab4262af,9bead5bd-27cc-4bce-b348-dfdfe52bbcfa,04bbb778-c16c-48b3-86d6-e5bceea67e4d,expense,19000.00,-,2025-07-30,2025-07-30 18:28:00+00,ef0c2451-f7a3-483f-b498-009cff598508,
e33bfd6f-0dbc-4ea7-b889-47a991f87b62,9bead5bd-27cc-4bce-b348-dfdfe52bbcfa,c2fa641c-c10c-46ea-a69b-e2e8fab6d2ef,expense,17000.00,-,2025-04-10,2025-04-10 07:15:00+00,1db96cc4-753b-4ea9-bdf5-9cf9c71fb00b,
e383c218-6f38-4a94-bf8e-010c24c9d703,9bead5bd-27cc-4bce-b348-dfdfe52bbcfa,3dfd2937-650e-4dfa-aa82-1532855306a0,expense,9000.00,-,2025-05-07,2025-05-07 18:18:00+00,1b52f4eb-1774-4bbf-9d75-2f22061418c0,
e39eb7e0-b725-4394-b5b8-2230408df106,9bead5bd-27cc-4bce-b348-dfdfe52bbcfa,c2fa641c-c10c-46ea-a69b-e2e8fab6d2ef,expense,17000.00,-,2025-09-15,2025-09-15 02:10:00+00,1db96cc4-753b-4ea9-bdf5-9cf9c71fb00b,
e3b6ee7e-1c34-4158-b887-14dcdaef1c70,9bead5bd-27cc-4bce-b348-dfdfe52bbcfa,e66badba-dce0-4403-80cf-760a4f913399,expense,5000.00,,2026-07-01,2026-07-01 06:00:00+00,ef0c2451-f7a3-483f-b498-009cff598508,
e3e2d377-5f82-494a-b7fb-f14c0db03d58,9bead5bd-27cc-4bce-b348-dfdfe52bbcfa,9e8d127f-fba2-437a-b77c-7f1f0074cf2a,expense,25900.00,-,2025-04-22,2025-04-22 15:57:00+00,d6c2f9dc-62aa-4d66-ae36-b8dd7f048e9c,
e3f6c27a-b732-49bd-bb94-9175f7131cb8,9bead5bd-27cc-4bce-b348-dfdfe52bbcfa,c363bb9a-e1c1-4485-a21b-d5cb69be8ac5,expense,20000.00,-,2025-11-03,2025-11-03 08:09:00+00,1b52f4eb-1774-4bbf-9d75-2f22061418c0,
e41d8377-6ec6-4c46-88a7-965e0080b154,9bead5bd-27cc-4bce-b348-dfdfe52bbcfa,9e8d127f-fba2-437a-b77c-7f1f0074cf2a,expense,10660.00,,2026-05-03,2026-05-03 07:01:00+00,d6c2f9dc-62aa-4d66-ae36-b8dd7f048e9c,
e440f140-9105-49eb-b472-810b24134378,9bead5bd-27cc-4bce-b348-dfdfe52bbcfa,73a6b95b-efdb-4afd-bda5-2a6aedd82af4,expense,92396.00,celana,2026-01-30,2026-01-30 20:26:00+00,d6c2f9dc-62aa-4d66-ae36-b8dd7f048e9c,
e449b416-a74d-4564-9db5-2fb50ea2ab1b,9bead5bd-27cc-4bce-b348-dfdfe52bbcfa,e66badba-dce0-4403-80cf-760a4f913399,expense,5000.00,,2026-05-01,2026-05-01 08:21:00+00,ef0c2451-f7a3-483f-b498-009cff598508,
e47c207f-6962-40a3-ba72-52f6bad0d2ec,9bead5bd-27cc-4bce-b348-dfdfe52bbcfa,,transfer,10000.00,-,2025-12-17,2025-12-17 06:16:00+00,ef0c2451-f7a3-483f-b498-009cff598508,82d51ed1-5076-450e-8ae1-4bbe92cec701
e4922177-79fe-42f7-b6f0-a97b05a1a29d,9bead5bd-27cc-4bce-b348-dfdfe52bbcfa,9e8d127f-fba2-437a-b77c-7f1f0074cf2a,expense,18340.00,,2026-03-14,2026-03-14 21:28:00+00,d6c2f9dc-62aa-4d66-ae36-b8dd7f048e9c,
e4b6f28f-c536-442a-bf7d-b1ac956b4158,9bead5bd-27cc-4bce-b348-dfdfe52bbcfa,e53b2a49-3ff8-4f1c-b16f-7e4eb7057130,expense,2000.00,-,2025-09-26,2025-09-26 08:12:00+00,1b52f4eb-1774-4bbf-9d75-2f22061418c0,
e4bffb28-0681-4681-b1f3-45444d466923,9bead5bd-27cc-4bce-b348-dfdfe52bbcfa,9e8d127f-fba2-437a-b77c-7f1f0074cf2a,expense,10000.00,-,2025-10-27,2025-10-27 12:15:00+00,1b52f4eb-1774-4bbf-9d75-2f22061418c0,
e4e31336-9ab9-4df4-a5bd-6caddf91b8f5,9bead5bd-27cc-4bce-b348-dfdfe52bbcfa,,transfer,1000000.00,,2026-06-28,2026-06-28 11:53:00+00,ef0c2451-f7a3-483f-b498-009cff598508,ef945642-f8b2-43e7-8f16-1dfdf9802e69
e4ee42f1-c1ef-4ccd-a4b5-ea9597c1fee5,9bead5bd-27cc-4bce-b348-dfdfe52bbcfa,9e8d127f-fba2-437a-b77c-7f1f0074cf2a,expense,13000.00,-,2025-12-16,2025-12-16 19:01:00+00,ef0c2451-f7a3-483f-b498-009cff598508,
e4ef5e0d-95ba-4d60-966c-f0bd8a324988,9bead5bd-27cc-4bce-b348-dfdfe52bbcfa,0413cdfe-d251-4bca-bd5f-5d520d7076f6,income,324329.00,,2026-03-08,2026-03-08 12:24:00+00,5d613a77-a05e-464c-ae45-0d5540681ac7,
e4f8b3b7-6d3c-4a06-92a5-acb71772663f,9bead5bd-27cc-4bce-b348-dfdfe52bbcfa,c2fa641c-c10c-46ea-a69b-e2e8fab6d2ef,expense,35000.00,-,2025-10-15,2025-10-15 22:25:00+00,1db96cc4-753b-4ea9-bdf5-9cf9c71fb00b,
e53cdfad-16da-42c9-b33f-fe1a37627b34,9bead5bd-27cc-4bce-b348-dfdfe52bbcfa,,transfer,200000.00,,2026-01-24,2026-01-24 12:24:00+00,ef0c2451-f7a3-483f-b498-009cff598508,d6c2f9dc-62aa-4d66-ae36-b8dd7f048e9c
e5402038-a62d-4338-86ae-118802fb8901,9bead5bd-27cc-4bce-b348-dfdfe52bbcfa,89af7f66-fcf6-4ede-85ce-97818d8ee5e5,expense,43117.00,shampoo,2026-04-04,2026-04-04 15:12:00+00,d6c2f9dc-62aa-4d66-ae36-b8dd7f048e9c,
e5538fcc-51ec-48db-b130-0a5d71d21029,9bead5bd-27cc-4bce-b348-dfdfe52bbcfa,,transfer,5000.00,-,2025-11-16,2025-11-16 22:08:00+00,1b52f4eb-1774-4bbf-9d75-2f22061418c0,82d51ed1-5076-450e-8ae1-4bbe92cec701
e56998c5-cef2-4535-917f-2eaaa7f0dc21,9bead5bd-27cc-4bce-b348-dfdfe52bbcfa,3dfd2937-650e-4dfa-aa82-1532855306a0,expense,10000.00,-,2025-01-31,2025-01-31 01:56:00+00,1b52f4eb-1774-4bbf-9d75-2f22061418c0,
e572d6f2-3b9a-4c40-8e92-476635675b6a,9bead5bd-27cc-4bce-b348-dfdfe52bbcfa,ef5c334f-9678-43a1-a24d-06ddf2ae4336,income,100.00,Koreksi saldo,2025-11-01,2025-11-01 09:55:44+00,d6c2f9dc-62aa-4d66-ae36-b8dd7f048e9c,
e581a89a-b190-4da3-a84d-d04523f6b465,9bead5bd-27cc-4bce-b348-dfdfe52bbcfa,,transfer,169450.00,,2026-02-13,2026-02-13 03:41:00+00,ef945642-f8b2-43e7-8f16-1dfdf9802e69,ef0c2451-f7a3-483f-b498-009cff598508
e5afc191-6b84-4c1b-8e5d-28f59c18ac33,9bead5bd-27cc-4bce-b348-dfdfe52bbcfa,9e8d127f-fba2-437a-b77c-7f1f0074cf2a,expense,26000.00,-,2025-08-22,2025-08-22 18:58:00+00,ef0c2451-f7a3-483f-b498-009cff598508,
e6149064-38bf-438a-b2d8-52c657788033,9bead5bd-27cc-4bce-b348-dfdfe52bbcfa,a95286ad-558f-456c-a43e-791b6bee7426,expense,17900.00,tato,2025-04-21,2025-04-21 10:49:00+00,d6c2f9dc-62aa-4d66-ae36-b8dd7f048e9c,
e62b4b6f-ed94-4d05-9e05-12286e506a13,9bead5bd-27cc-4bce-b348-dfdfe52bbcfa,71db4328-07e5-48f3-8a41-32ddb7391fed,expense,27000.00,-,2025-12-08,2025-12-08 08:32:00+00,1db96cc4-753b-4ea9-bdf5-9cf9c71fb00b,
e661cfc7-dcc8-4c9e-948c-8fbf25e120a5,9bead5bd-27cc-4bce-b348-dfdfe52bbcfa,69cbbe19-e8fa-45c5-a250-77fd8aa3d98e,expense,44000.00,wifi,2025-01-21,2025-01-21 11:48:00+00,c2b7adda-52b3-4d0f-949b-8c8f2930f6b0,
e673068a-1ed5-41ef-ad8d-070276339d63,9bead5bd-27cc-4bce-b348-dfdfe52bbcfa,,transfer,50000.00,-,2025-02-01,2025-02-01 18:53:00+00,d6c2f9dc-62aa-4d66-ae36-b8dd7f048e9c,ef0c2451-f7a3-483f-b498-009cff598508
e6898b12-db77-4814-a13d-fea34ba39c9a,9bead5bd-27cc-4bce-b348-dfdfe52bbcfa,3d15abb3-b62b-4772-b093-5880019049e3,expense,22000.00,-,2025-07-27,2025-07-27 17:19:00+00,1b52f4eb-1774-4bbf-9d75-2f22061418c0,
e6b5a6ec-33bd-4ac8-af13-e53505eebdd7,9bead5bd-27cc-4bce-b348-dfdfe52bbcfa,e66badba-dce0-4403-80cf-760a4f913399,expense,1000.00,-,2025-04-22,2025-04-22 09:47:00+00,d6c2f9dc-62aa-4d66-ae36-b8dd7f048e9c,
e7210e91-2ce2-4c34-b242-6da1c2b9c85d,9bead5bd-27cc-4bce-b348-dfdfe52bbcfa,9e8d127f-fba2-437a-b77c-7f1f0074cf2a,expense,16800.00,-,2025-04-21,2025-04-21 19:34:00+00,d6c2f9dc-62aa-4d66-ae36-b8dd7f048e9c,
e72b7e57-3d82-4b5d-a089-52afec1ce24a,9bead5bd-27cc-4bce-b348-dfdfe52bbcfa,a95286ad-558f-456c-a43e-791b6bee7426,expense,39500.00,-,2025-06-14,2025-06-14 18:14:00+00,ef0c2451-f7a3-483f-b498-009cff598508,
e738c81f-3b19-4a86-951c-2f2b6a7bd1c2,9bead5bd-27cc-4bce-b348-dfdfe52bbcfa,89af7f66-fcf6-4ede-85ce-97818d8ee5e5,expense,43400.00,"deo, pisau cukur",2026-01-17,2026-01-17 20:18:00+00,ef0c2451-f7a3-483f-b498-009cff598508,
e7662987-256f-4b21-871f-1269b8591e3a,9bead5bd-27cc-4bce-b348-dfdfe52bbcfa,,transfer,300000.00,,2026-04-27,2026-04-27 19:30:00+00,1b52f4eb-1774-4bbf-9d75-2f22061418c0,ef0c2451-f7a3-483f-b498-009cff598508
e76e6568-a4be-4365-99ef-209d2ea8407b,9bead5bd-27cc-4bce-b348-dfdfe52bbcfa,9e8d127f-fba2-437a-b77c-7f1f0074cf2a,expense,20000.00,-,2025-02-23,2025-02-23 22:07:00+00,1b52f4eb-1774-4bbf-9d75-2f22061418c0,
e77252ef-065b-4eb4-8859-433b2a683632,9bead5bd-27cc-4bce-b348-dfdfe52bbcfa,,transfer,206910.00,-,2025-11-15,2025-11-15 12:13:00+00,ef0c2451-f7a3-483f-b498-009cff598508,82d51ed1-5076-450e-8ae1-4bbe92cec701
e783df81-e774-4269-86a1-5d52ea7ccc7f,9bead5bd-27cc-4bce-b348-dfdfe52bbcfa,04bbb778-c16c-48b3-86d6-e5bceea67e4d,expense,18000.00,,2026-07-19,2026-07-19 14:10:00+00,ef0c2451-f7a3-483f-b498-009cff598508,
e78a37cd-2323-4f99-80bb-e2324e357e4f,9bead5bd-27cc-4bce-b348-dfdfe52bbcfa,9e8d127f-fba2-437a-b77c-7f1f0074cf2a,expense,9500.00,-,2025-12-05,2025-12-05 18:52:00+00,ef0c2451-f7a3-483f-b498-009cff598508,
e7921b59-c32e-4f90-a604-158f89493035,9bead5bd-27cc-4bce-b348-dfdfe52bbcfa,9e8d127f-fba2-437a-b77c-7f1f0074cf2a,expense,20000.00,,2026-02-06,2026-02-06 12:47:00+00,ef0c2451-f7a3-483f-b498-009cff598508,
e817e265-ae76-41da-a6d8-e6229b80f2be,9bead5bd-27cc-4bce-b348-dfdfe52bbcfa,9e8d127f-fba2-437a-b77c-7f1f0074cf2a,expense,15108.00,,2026-05-10,2026-05-10 07:48:00+00,d6c2f9dc-62aa-4d66-ae36-b8dd7f048e9c,
e8338aff-2510-4d7f-b3f7-8ca0f20809bb,9bead5bd-27cc-4bce-b348-dfdfe52bbcfa,9e8d127f-fba2-437a-b77c-7f1f0074cf2a,expense,13500.00,,2026-03-27,2026-03-27 10:27:00+00,ef0c2451-f7a3-483f-b498-009cff598508,
e84fd76e-0438-4871-b5d9-cf4f35542178,9bead5bd-27cc-4bce-b348-dfdfe52bbcfa,89af7f66-fcf6-4ede-85ce-97818d8ee5e5,expense,20000.00,sabun cair,2025-01-27,2025-01-27 20:50:00+00,1b52f4eb-1774-4bbf-9d75-2f22061418c0,
e8a4e700-19d9-42a1-8043-9cdaf207bef3,9bead5bd-27cc-4bce-b348-dfdfe52bbcfa,9e8d127f-fba2-437a-b77c-7f1f0074cf2a,expense,20000.00,-,2025-05-08,2025-05-08 22:40:00+00,1b52f4eb-1774-4bbf-9d75-2f22061418c0,
e939621e-d41f-463a-b5b5-8f5893f3745f,9bead5bd-27cc-4bce-b348-dfdfe52bbcfa,9e8d127f-fba2-437a-b77c-7f1f0074cf2a,expense,17592.00,-,2025-01-26,2025-01-26 15:53:00+00,ef0c2451-f7a3-483f-b498-009cff598508,
e95a2c10-6233-4951-bc6a-799a0d3249ec,9bead5bd-27cc-4bce-b348-dfdfe52bbcfa,,transfer,15000.00,-,2025-04-14,2025-04-14 20:35:00+00,d6c2f9dc-62aa-4d66-ae36-b8dd7f048e9c,1b52f4eb-1774-4bbf-9d75-2f22061418c0
e9dd21a5-30a5-42e1-844d-f41738caafa7,9bead5bd-27cc-4bce-b348-dfdfe52bbcfa,c2fa641c-c10c-46ea-a69b-e2e8fab6d2ef,expense,15000.00,,2026-05-29,2026-05-29 10:50:00+00,ef0c2451-f7a3-483f-b498-009cff598508,
e9ebf97b-ec6a-4d18-94c3-bb323cabb446,9bead5bd-27cc-4bce-b348-dfdfe52bbcfa,,transfer,94350.00,-,2025-05-30,2025-05-30 09:02:00+00,d6c2f9dc-62aa-4d66-ae36-b8dd7f048e9c,d1d65a47-79be-472a-8e7c-191ddef21252
e9eefdc5-36cc-45d6-8d94-f69ab8eedbdf,9bead5bd-27cc-4bce-b348-dfdfe52bbcfa,9e8d127f-fba2-437a-b77c-7f1f0074cf2a,expense,8900.00,,2026-01-08,2026-01-08 12:27:00+00,ef0c2451-f7a3-483f-b498-009cff598508,
e9f1d629-fc03-4c2e-acea-0c916af1c6fd,9bead5bd-27cc-4bce-b348-dfdfe52bbcfa,,transfer,23000.00,,2026-01-17,2026-01-17 18:05:00+00,1db96cc4-753b-4ea9-bdf5-9cf9c71fb00b,82d51ed1-5076-450e-8ae1-4bbe92cec701
e9f68603-67a8-4a54-8888-97d9c5dc2038,9bead5bd-27cc-4bce-b348-dfdfe52bbcfa,71db4328-07e5-48f3-8a41-32ddb7391fed,expense,9000.00,diapet,2026-04-18,2026-04-18 16:40:00+00,1b52f4eb-1774-4bbf-9d75-2f22061418c0,
ea0395f6-24e0-4a9e-889d-f8064383143f,9bead5bd-27cc-4bce-b348-dfdfe52bbcfa,,income,150.00,Koreksi saldo,2026-01-01,2026-01-01 00:00:00+00,ef945642-f8b2-43e7-8f16-1dfdf9802e69,
ea088a78-5ecc-47e4-91d4-b660e737410b,9bead5bd-27cc-4bce-b348-dfdfe52bbcfa,9e8d127f-fba2-437a-b77c-7f1f0074cf2a,expense,13000.00,-,2025-10-02,2025-10-02 11:26:00+00,1b52f4eb-1774-4bbf-9d75-2f22061418c0,
ea3114d8-3dd3-4bfa-88c4-9c493dcd5a48,9bead5bd-27cc-4bce-b348-dfdfe52bbcfa,,transfer,50000.00,-,2025-07-08,2025-07-08 19:57:00+00,1b52f4eb-1774-4bbf-9d75-2f22061418c0,d6c2f9dc-62aa-4d66-ae36-b8dd7f048e9c
ea3ddc7d-4156-4d01-af38-0b3ea9ec13ba,9bead5bd-27cc-4bce-b348-dfdfe52bbcfa,e53b2a49-3ff8-4f1c-b16f-7e4eb7057130,expense,6000.00,,2026-03-19,2026-03-19 12:39:00+00,1b52f4eb-1774-4bbf-9d75-2f22061418c0,
ea5371e5-8ba6-42c7-9fd4-c5bd1c67fdd8,9bead5bd-27cc-4bce-b348-dfdfe52bbcfa,e66badba-dce0-4403-80cf-760a4f913399,expense,5000.00,-,2025-12-01,2025-12-01 09:55:00+00,ef0c2451-f7a3-483f-b498-009cff598508,
ea80a9bf-308d-4348-b4a5-5597148bee71,9bead5bd-27cc-4bce-b348-dfdfe52bbcfa,c363bb9a-e1c1-4485-a21b-d5cb69be8ac5,expense,55000.00,,2026-03-24,2026-03-24 12:27:00+00,1b52f4eb-1774-4bbf-9d75-2f22061418c0,
ead3a2e4-0601-458e-8e23-897220395152,9bead5bd-27cc-4bce-b348-dfdfe52bbcfa,,transfer,50000.00,,2026-06-12,2026-06-12 15:42:00+00,ef945642-f8b2-43e7-8f16-1dfdf9802e69,1b52f4eb-1774-4bbf-9d75-2f22061418c0
eadb49cb-6dc3-4346-9640-12d6b1b33668,9bead5bd-27cc-4bce-b348-dfdfe52bbcfa,69cbbe19-e8fa-45c5-a250-77fd8aa3d98e,expense,58000.00,-,2025-12-21,2025-12-21 13:39:00+00,5d613a77-a05e-464c-ae45-0d5540681ac7,
eb1ed29a-c386-4339-9163-14d76588b792,9bead5bd-27cc-4bce-b348-dfdfe52bbcfa,ef5c334f-9678-43a1-a24d-06ddf2ae4336,expense,500.00,Koreksi saldo,2025-06-03,2025-06-03 10:35:23+00,1db96cc4-753b-4ea9-bdf5-9cf9c71fb00b,
eb59e0b9-57ec-48cd-90ef-2420737aac51,9bead5bd-27cc-4bce-b348-dfdfe52bbcfa,73a6b95b-efdb-4afd-bda5-2a6aedd82af4,expense,79705.00,jaket,2025-04-04,2025-04-04 18:47:00+00,d6c2f9dc-62aa-4d66-ae36-b8dd7f048e9c,
eb949985-a0ed-4634-ad4a-2e31ff0d1b87,9bead5bd-27cc-4bce-b348-dfdfe52bbcfa,ef5c334f-9678-43a1-a24d-06ddf2ae4336,expense,5700.00,-,2025-12-22,2025-12-22 18:17:00+00,82d51ed1-5076-450e-8ae1-4bbe92cec701,
ebabd490-efd3-47ff-bc02-cd96d9a189d8,9bead5bd-27cc-4bce-b348-dfdfe52bbcfa,c363bb9a-e1c1-4485-a21b-d5cb69be8ac5,expense,50000.00,-,2025-09-17,2025-09-17 16:52:00+00,1b52f4eb-1774-4bbf-9d75-2f22061418c0,
ebe4c21e-3c1a-4005-945d-f62d1cb104ec,9bead5bd-27cc-4bce-b348-dfdfe52bbcfa,9e8d127f-fba2-437a-b77c-7f1f0074cf2a,expense,25000.00,-,2025-07-25,2025-07-25 08:51:00+00,d6c2f9dc-62aa-4d66-ae36-b8dd7f048e9c,
ec0ea9e3-bb48-473c-8558-2cb5599a0ee3,9bead5bd-27cc-4bce-b348-dfdfe52bbcfa,3dfd2937-650e-4dfa-aa82-1532855306a0,expense,2900.00,,2026-01-29,2026-01-29 13:57:00+00,ef0c2451-f7a3-483f-b498-009cff598508,
ec149c4f-5ca9-437d-907c-7a063e013f1b,9bead5bd-27cc-4bce-b348-dfdfe52bbcfa,,income,1035868.00,Penyesuaian Saldo Awal - BLU,2025-01-01,2025-01-01 00:00:00+00,1db96cc4-753b-4ea9-bdf5-9cf9c71fb00b,
ec5c02e7-b136-423b-a155-6c8b495a54d6,9bead5bd-27cc-4bce-b348-dfdfe52bbcfa,,transfer,13000.00,,2026-01-16,2026-01-16 18:07:00+00,ef0c2451-f7a3-483f-b498-009cff598508,82d51ed1-5076-450e-8ae1-4bbe92cec701
ec78c7dc-3d5a-4a53-9135-a155eb6f2974,9bead5bd-27cc-4bce-b348-dfdfe52bbcfa,a50b33fc-71c6-4286-a8e7-b8130e6cc2d1,expense,105000.00,bpjs,2026-07-04,2026-07-04 12:24:00+00,ef0c2451-f7a3-483f-b498-009cff598508,
ec9cf08a-f4f7-464a-aacc-811292cb1fae,9bead5bd-27cc-4bce-b348-dfdfe52bbcfa,,transfer,40000.00,-,2025-11-25,2025-11-25 19:06:00+00,d6c2f9dc-62aa-4d66-ae36-b8dd7f048e9c,ef0c2451-f7a3-483f-b498-009cff598508
ecbb9bd5-9f80-4095-9e9d-b4200fa62ff5,9bead5bd-27cc-4bce-b348-dfdfe52bbcfa,9e8d127f-fba2-437a-b77c-7f1f0074cf2a,expense,4000.00,-,2025-08-18,2025-08-18 18:16:00+00,1b52f4eb-1774-4bbf-9d75-2f22061418c0,
ecce811d-3678-4a1d-9a97-ff035ebd6309,9bead5bd-27cc-4bce-b348-dfdfe52bbcfa,06c4dac0-5cd5-43ae-aeab-bd0ac041116b,expense,20450.00,coolant,2026-08-25,2026-08-25 06:27:00+00,d6c2f9dc-62aa-4d66-ae36-b8dd7f048e9c,
ece2cd61-b292-41e4-bee4-1912480d6fd1,9bead5bd-27cc-4bce-b348-dfdfe52bbcfa,9e8d127f-fba2-437a-b77c-7f1f0074cf2a,expense,13000.00,,2026-01-23,2026-01-23 18:46:00+00,ef0c2451-f7a3-483f-b498-009cff598508,
ed0b3da4-4895-4021-9e82-419f62ec1b91,9bead5bd-27cc-4bce-b348-dfdfe52bbcfa,9e8d127f-fba2-437a-b77c-7f1f0074cf2a,expense,15000.00,,2026-02-10,2026-02-10 18:27:00+00,ef0c2451-f7a3-483f-b498-009cff598508,
ed16e99b-c847-49e1-b5a4-b882ec013275,9bead5bd-27cc-4bce-b348-dfdfe52bbcfa,d6b7f46d-c8b4-4cdf-822a-80d1083c7393,expense,12000.00,-,2025-12-14,2025-12-14 08:38:00+00,ef0c2451-f7a3-483f-b498-009cff598508,
ed245ffa-5d4d-49f2-97d3-0f659e1c6b68,9bead5bd-27cc-4bce-b348-dfdfe52bbcfa,9e8d127f-fba2-437a-b77c-7f1f0074cf2a,expense,16000.00,-,2025-07-30,2025-07-30 16:28:00+00,1b52f4eb-1774-4bbf-9d75-2f22061418c0,
ed372381-891c-4814-8cc7-8752c8f8aa9b,9bead5bd-27cc-4bce-b348-dfdfe52bbcfa,9e8d127f-fba2-437a-b77c-7f1f0074cf2a,expense,11000.00,,2026-04-22,2026-04-22 18:35:00+00,ef0c2451-f7a3-483f-b498-009cff598508,
ed572798-4d28-4c59-8e6e-429f91d5b6d9,9bead5bd-27cc-4bce-b348-dfdfe52bbcfa,9e8d127f-fba2-437a-b77c-7f1f0074cf2a,expense,28000.00,,2026-02-26,2026-02-26 20:16:00+00,ef0c2451-f7a3-483f-b498-009cff598508,
ed7dfad6-aa75-4c13-9f49-bf0849290818,9bead5bd-27cc-4bce-b348-dfdfe52bbcfa,c363bb9a-e1c1-4485-a21b-d5cb69be8ac5,expense,50000.00,-,2025-01-27,2025-01-27 13:09:00+00,ef0c2451-f7a3-483f-b498-009cff598508,
ed93fc7c-36ae-4176-a1fd-fd758c3cea27,9bead5bd-27cc-4bce-b348-dfdfe52bbcfa,9e8d127f-fba2-437a-b77c-7f1f0074cf2a,expense,15760.00,,2026-03-10,2026-03-10 02:41:00+00,d6c2f9dc-62aa-4d66-ae36-b8dd7f048e9c,
ed9abf29-a066-465c-99a1-6df9f69ec867,9bead5bd-27cc-4bce-b348-dfdfe52bbcfa,ef5c334f-9678-43a1-a24d-06ddf2ae4336,income,1000.00,Koreksi saldo,2025-01-11,2025-01-11 11:50:20+00,1db96cc4-753b-4ea9-bdf5-9cf9c71fb00b,
edb0c351-67c4-4832-bdad-4f5daecf0a87,9bead5bd-27cc-4bce-b348-dfdfe52bbcfa,3dfd2937-650e-4dfa-aa82-1532855306a0,expense,38000.00,"kopi, soap, tisu",2025-05-14,2025-05-14 12:05:00+00,1b52f4eb-1774-4bbf-9d75-2f22061418c0,
edb58f4f-216f-4d87-b133-8ac22ab8fe8f,9bead5bd-27cc-4bce-b348-dfdfe52bbcfa,ef5c334f-9678-43a1-a24d-06ddf2ae4336,income,1000.00,Koreksi saldo,2025-11-29,2025-11-29 10:25:00+00,c2b7adda-52b3-4d0f-949b-8c8f2930f6b0,
edd91e34-bf02-422d-85a1-83f889130d75,9bead5bd-27cc-4bce-b348-dfdfe52bbcfa,c363bb9a-e1c1-4485-a21b-d5cb69be8ac5,expense,50000.00,,2026-01-17,2026-01-17 08:45:00+00,1b52f4eb-1774-4bbf-9d75-2f22061418c0,
ee115aad-a6c0-46f7-8048-c63451331296,9bead5bd-27cc-4bce-b348-dfdfe52bbcfa,3d15abb3-b62b-4772-b093-5880019049e3,expense,11000.00,,2026-04-16,2026-04-16 18:50:00+00,ef0c2451-f7a3-483f-b498-009cff598508,
ee6d8f9e-b519-4dd2-979f-e3e6763b3358,9bead5bd-27cc-4bce-b348-dfdfe52bbcfa,9e8d127f-fba2-437a-b77c-7f1f0074cf2a,expense,17160.00,-,2025-01-18,2025-01-18 15:46:00+00,ef0c2451-f7a3-483f-b498-009cff598508,
ee72de19-3ec0-44e3-bb42-606db30bb59c,9bead5bd-27cc-4bce-b348-dfdfe52bbcfa,9e8d127f-fba2-437a-b77c-7f1f0074cf2a,expense,15000.00,-,2025-01-16,2025-01-16 19:15:00+00,1b52f4eb-1774-4bbf-9d75-2f22061418c0,
eed94293-f6c9-4a88-9bc8-d88516ed5657,9bead5bd-27cc-4bce-b348-dfdfe52bbcfa,,transfer,16500.00,-,2025-07-23,2025-07-23 20:22:00+00,ef0c2451-f7a3-483f-b498-009cff598508,82d51ed1-5076-450e-8ae1-4bbe92cec701
eefc328c-7276-42c7-b047-49e0a46db4a4,9bead5bd-27cc-4bce-b348-dfdfe52bbcfa,06c4dac0-5cd5-43ae-aeab-bd0ac041116b,expense,10000.00,cuci motor,2025-02-06,2025-02-06 10:52:00+00,1b52f4eb-1774-4bbf-9d75-2f22061418c0,
ef10fcd9-6bbd-4fee-b055-ed4b3fe847a6,9bead5bd-27cc-4bce-b348-dfdfe52bbcfa,9e8d127f-fba2-437a-b77c-7f1f0074cf2a,expense,14780.00,,2026-05-21,2026-05-21 09:51:00+00,d6c2f9dc-62aa-4d66-ae36-b8dd7f048e9c,
ef1b3d05-d469-4e2c-8322-927440f58359,9bead5bd-27cc-4bce-b348-dfdfe52bbcfa,,transfer,13500.00,,2026-04-23,2026-04-23 07:27:00+00,3c862479-d55e-45c3-9ff5-d92e3b23f17f,ef0c2451-f7a3-483f-b498-009cff598508
ef2f2184-3043-4d5b-9f81-658c7044987a,9bead5bd-27cc-4bce-b348-dfdfe52bbcfa,9eb96490-908d-4d01-bf88-5590e81f2e65,income,750000.00,Skripsi - Reva (1/1),2025-05-20,2025-05-20 22:18:00+00,c2b7adda-52b3-4d0f-949b-8c8f2930f6b0,
ef31f4b5-c342-454f-8aaf-bcb634f57c2c,9bead5bd-27cc-4bce-b348-dfdfe52bbcfa,9e8d127f-fba2-437a-b77c-7f1f0074cf2a,expense,74500.00,,2026-06-15,2026-06-15 17:15:00+00,ef0c2451-f7a3-483f-b498-009cff598508,
ef702eeb-147b-449a-9a2e-61a993fd7739,9bead5bd-27cc-4bce-b348-dfdfe52bbcfa,c2fa641c-c10c-46ea-a69b-e2e8fab6d2ef,expense,17000.00,-,2025-09-17,2025-09-17 20:02:00+00,1db96cc4-753b-4ea9-bdf5-9cf9c71fb00b,
ef837ea0-0099-4404-8e44-fdb33e2a9158,9bead5bd-27cc-4bce-b348-dfdfe52bbcfa,9e8d127f-fba2-437a-b77c-7f1f0074cf2a,expense,20000.00,-,2025-04-29,2025-04-29 10:18:00+00,1b52f4eb-1774-4bbf-9d75-2f22061418c0,
ef9a6b19-f05a-4d46-9195-12e2eb142328,9bead5bd-27cc-4bce-b348-dfdfe52bbcfa,,transfer,36800.00,,2026-06-28,2026-06-28 18:34:00+00,ef0c2451-f7a3-483f-b498-009cff598508,82d51ed1-5076-450e-8ae1-4bbe92cec701
efaf8693-9d2f-41cf-a358-7ef139bb6c11,9bead5bd-27cc-4bce-b348-dfdfe52bbcfa,9e8d127f-fba2-437a-b77c-7f1f0074cf2a,expense,14000.00,-,2025-07-07,2025-07-07 19:07:00+00,ef0c2451-f7a3-483f-b498-009cff598508,
efcc0157-39fe-4f58-a957-f1885840bc7b,9bead5bd-27cc-4bce-b348-dfdfe52bbcfa,,transfer,400000.00,,2026-03-01,2026-03-01 11:59:00+00,82d51ed1-5076-450e-8ae1-4bbe92cec701,d6c2f9dc-62aa-4d66-ae36-b8dd7f048e9c
f0088189-96dc-48d3-9b72-9a82776df885,9bead5bd-27cc-4bce-b348-dfdfe52bbcfa,8c36b2da-48c2-4bd2-8df4-c1b94780d823,expense,121000.00,Gunung buthak,2025-07-05,2025-07-05 18:39:00+00,1b52f4eb-1774-4bbf-9d75-2f22061418c0,
f0088a02-2396-49fd-81ae-f8d790b20311,9bead5bd-27cc-4bce-b348-dfdfe52bbcfa,e53b2a49-3ff8-4f1c-b16f-7e4eb7057130,expense,2000.00,,2026-04-13,2026-04-13 18:35:00+00,1b52f4eb-1774-4bbf-9d75-2f22061418c0,
f0313e35-867d-4a05-b054-2cf09c191269,9bead5bd-27cc-4bce-b348-dfdfe52bbcfa,9e8d127f-fba2-437a-b77c-7f1f0074cf2a,expense,13000.00,-,2025-04-08,2025-04-08 15:56:00+00,1b52f4eb-1774-4bbf-9d75-2f22061418c0,
f057862f-ec59-4811-8807-a99cd7d88a98,9bead5bd-27cc-4bce-b348-dfdfe52bbcfa,ef5c334f-9678-43a1-a24d-06ddf2ae4336,income,150000.00,-,2025-11-22,2025-11-22 22:42:00+00,5d613a77-a05e-464c-ae45-0d5540681ac7,
f07ba321-8b45-4c5f-b1d7-60840aa10981,9bead5bd-27cc-4bce-b348-dfdfe52bbcfa,c2fa641c-c10c-46ea-a69b-e2e8fab6d2ef,expense,17000.00,-,2025-02-04,2025-02-04 12:32:00+00,1db96cc4-753b-4ea9-bdf5-9cf9c71fb00b,
f07d1a76-a62d-4d26-8806-1824d6044eae,9bead5bd-27cc-4bce-b348-dfdfe52bbcfa,06c4dac0-5cd5-43ae-aeab-bd0ac041116b,expense,28700.00,baterai,2026-07-31,2026-07-31 15:43:00+00,d6c2f9dc-62aa-4d66-ae36-b8dd7f048e9c,
f0ae245a-128b-4697-a0bf-0786c2224c46,9bead5bd-27cc-4bce-b348-dfdfe52bbcfa,c363bb9a-e1c1-4485-a21b-d5cb69be8ac5,expense,20000.00,-,2025-10-08,2025-10-08 15:00:00+00,1b52f4eb-1774-4bbf-9d75-2f22061418c0,
f0d28d05-edde-4bdf-bace-552a28ac1165,9bead5bd-27cc-4bce-b348-dfdfe52bbcfa,69cbbe19-e8fa-45c5-a250-77fd8aa3d98e,expense,107500.00,,2026-01-08,2026-01-08 08:05:00+00,5d613a77-a05e-464c-ae45-0d5540681ac7,
f0dd2f24-e38a-46c6-84fc-053472f89b0d,9bead5bd-27cc-4bce-b348-dfdfe52bbcfa,04d94b74-503f-4e20-b426-649acd17779d,income,50000.00,-,2025-07-01,2025-07-01 10:21:00+00,1b52f4eb-1774-4bbf-9d75-2f22061418c0,
f0e076c1-4adc-4221-b844-d7ac93b3842c,9bead5bd-27cc-4bce-b348-dfdfe52bbcfa,,transfer,200000.00,-,2025-12-25,2025-12-25 07:41:00+00,ef0c2451-f7a3-483f-b498-009cff598508,1b52f4eb-1774-4bbf-9d75-2f22061418c0
f0e707d2-2f67-401a-8e7d-54648ef9641e,9bead5bd-27cc-4bce-b348-dfdfe52bbcfa,06c4dac0-5cd5-43ae-aeab-bd0ac041116b,expense,37000.00,,2026-08-04,2026-08-04 15:37:00+00,ef945642-f8b2-43e7-8f16-1dfdf9802e69,
f0ee69aa-5814-43f9-93f2-8884b83edeaf,9bead5bd-27cc-4bce-b348-dfdfe52bbcfa,9e8d127f-fba2-437a-b77c-7f1f0074cf2a,expense,19640.00,,2026-05-17,2026-05-17 08:22:00+00,d6c2f9dc-62aa-4d66-ae36-b8dd7f048e9c,
f0f3b4f1-9c8d-40f5-90ff-105518cb839f,9bead5bd-27cc-4bce-b348-dfdfe52bbcfa,,transfer,3000000.00,,2026-04-04,2026-04-04 22:23:00+00,d6c2f9dc-62aa-4d66-ae36-b8dd7f048e9c,ef945642-f8b2-43e7-8f16-1dfdf9802e69
f10a65cd-5cb4-4133-ac4e-0c31bbebc321,9bead5bd-27cc-4bce-b348-dfdfe52bbcfa,9e8d127f-fba2-437a-b77c-7f1f0074cf2a,expense,13560.00,,2026-04-18,2026-04-18 07:45:00+00,d6c2f9dc-62aa-4d66-ae36-b8dd7f048e9c,
f1135ee1-251c-4e10-88cd-5de7941e963a,9bead5bd-27cc-4bce-b348-dfdfe52bbcfa,a95286ad-558f-456c-a43e-791b6bee7426,expense,5000.00,-,2025-12-27,2025-12-27 12:38:00+00,1b52f4eb-1774-4bbf-9d75-2f22061418c0,
f11b6b33-ff9c-43c2-98a0-53f336ec2f3b,9bead5bd-27cc-4bce-b348-dfdfe52bbcfa,ef5c334f-9678-43a1-a24d-06ddf2ae4336,expense,3800.00,Koreksi saldo,2025-02-01,2025-02-01 18:55:00+00,d6c2f9dc-62aa-4d66-ae36-b8dd7f048e9c,
f13ec38a-825a-40e3-b7de-1b3dbe03ec1b,9bead5bd-27cc-4bce-b348-dfdfe52bbcfa,4cc387d6-39b2-4734-9cf8-c0f2c3e66205,income,1500000.00,-,2025-07-01,2025-07-01 10:40:00+00,ef0c2451-f7a3-483f-b498-009cff598508,
f141a6b1-9e73-4ff6-91d8-fba19d16d501,9bead5bd-27cc-4bce-b348-dfdfe52bbcfa,96451090-fe19-4a49-923c-34e2b0645bb4,expense,23000.00,turnitin,2025-08-06,2025-08-06 16:05:00+00,ef0c2451-f7a3-483f-b498-009cff598508,
f1649b34-6f6f-4bb4-ab28-9158ffa15c4a,9bead5bd-27cc-4bce-b348-dfdfe52bbcfa,9e8d127f-fba2-437a-b77c-7f1f0074cf2a,expense,11600.00,,2026-04-24,2026-04-24 07:28:00+00,d6c2f9dc-62aa-4d66-ae36-b8dd7f048e9c,
f1773af6-5f72-4ad9-9070-403b169fdb18,9bead5bd-27cc-4bce-b348-dfdfe52bbcfa,9e8d127f-fba2-437a-b77c-7f1f0074cf2a,expense,14000.00,,2026-05-11,2026-05-11 15:57:00+00,ef0c2451-f7a3-483f-b498-009cff598508,
f179ae02-7515-42ee-8ef6-71b31af21d2e,9bead5bd-27cc-4bce-b348-dfdfe52bbcfa,,transfer,2800000.00,-,2025-03-14,2025-03-14 23:06:00+00,d1d65a47-79be-472a-8e7c-191ddef21252,ef0c2451-f7a3-483f-b498-009cff598508
f189bbad-15ee-4170-a69b-b4e402fb4bbc,9bead5bd-27cc-4bce-b348-dfdfe52bbcfa,,transfer,17000.00,-,2025-07-28,2025-07-28 21:23:00+00,1b52f4eb-1774-4bbf-9d75-2f22061418c0,82d51ed1-5076-450e-8ae1-4bbe92cec701
f1a33443-51c6-4094-a4a2-79a484788159,9bead5bd-27cc-4bce-b348-dfdfe52bbcfa,e53b2a49-3ff8-4f1c-b16f-7e4eb7057130,expense,2000.00,,2026-05-01,2026-05-01 12:44:00+00,1b52f4eb-1774-4bbf-9d75-2f22061418c0,
f1d17fbf-4f8a-4e79-a343-4b9a62fa89dc,9bead5bd-27cc-4bce-b348-dfdfe52bbcfa,,transfer,220000.00,,2026-05-06,2026-05-06 11:57:00+00,ef945642-f8b2-43e7-8f16-1dfdf9802e69,474b878e-ac87-4a17-b5ea-e104268d14dd
f21acb97-d8df-4fe1-aad6-0957b63f53a4,9bead5bd-27cc-4bce-b348-dfdfe52bbcfa,,transfer,100000.00,-,2025-12-15,2025-12-15 09:59:00+00,ef0c2451-f7a3-483f-b498-009cff598508,1b52f4eb-1774-4bbf-9d75-2f22061418c0
f249b176-2afa-413e-953c-677def77fdc3,9bead5bd-27cc-4bce-b348-dfdfe52bbcfa,,transfer,56000.00,-,2025-04-26,2025-04-26 05:15:00+00,ef0c2451-f7a3-483f-b498-009cff598508,1b52f4eb-1774-4bbf-9d75-2f22061418c0
f25292a5-5ad5-46b7-864e-816eec9054d7,9bead5bd-27cc-4bce-b348-dfdfe52bbcfa,e66badba-dce0-4403-80cf-760a4f913399,expense,5000.00,-,2025-05-01,2025-05-01 01:00:00+00,ef0c2451-f7a3-483f-b498-009cff598508,
f2633363-eb95-4f2d-8bfc-3e8af619eeb5,9bead5bd-27cc-4bce-b348-dfdfe52bbcfa,06c4dac0-5cd5-43ae-aeab-bd0ac041116b,expense,6000.00,nitrogen,2025-12-25,2025-12-25 13:41:00+00,1b52f4eb-1774-4bbf-9d75-2f22061418c0,
f280d321-9260-4178-b2c7-9633ebd4757f,9bead5bd-27cc-4bce-b348-dfdfe52bbcfa,,transfer,10000.00,,2026-08-04,2026-08-04 15:36:00+00,ef945642-f8b2-43e7-8f16-1dfdf9802e69,1b52f4eb-1774-4bbf-9d75-2f22061418c0
f2aac60e-3e03-4756-bc39-63a982ab398a,9bead5bd-27cc-4bce-b348-dfdfe52bbcfa,,transfer,185055.00,,2026-08-25,2026-08-25 06:24:00+00,d1d65a47-79be-472a-8e7c-191ddef21252,d6c2f9dc-62aa-4d66-ae36-b8dd7f048e9c
f2ad3fe0-337d-4f4e-a0ef-eafe21285317,9bead5bd-27cc-4bce-b348-dfdfe52bbcfa,,transfer,150000.00,-,2025-05-21,2025-05-21 09:37:00+00,ef0c2451-f7a3-483f-b498-009cff598508,d6c2f9dc-62aa-4d66-ae36-b8dd7f048e9c
f2c28195-0b36-4788-9d2e-65744a25c408,9bead5bd-27cc-4bce-b348-dfdfe52bbcfa,,transfer,21800.00,,2026-04-18,2026-04-18 20:54:00+00,ef0c2451-f7a3-483f-b498-009cff598508,82d51ed1-5076-450e-8ae1-4bbe92cec701
f2c8c52c-c305-4610-b761-f44db7709f56,9bead5bd-27cc-4bce-b348-dfdfe52bbcfa,9e8d127f-fba2-437a-b77c-7f1f0074cf2a,expense,20000.00,-,2025-12-23,2025-12-23 22:27:00+00,ef0c2451-f7a3-483f-b498-009cff598508,
f2d6c977-67d3-4bfc-b683-e6fb27182fe6,9bead5bd-27cc-4bce-b348-dfdfe52bbcfa,9eb96490-908d-4d01-bf88-5590e81f2e65,income,200000.00,joki,2025-02-23,2025-02-23 18:58:00+00,1db96cc4-753b-4ea9-bdf5-9cf9c71fb00b,
f2fcf1b7-c1cd-4351-9356-6c2211aeb871,9bead5bd-27cc-4bce-b348-dfdfe52bbcfa,9e8d127f-fba2-437a-b77c-7f1f0074cf2a,expense,15000.00,,2026-02-01,2026-02-01 23:04:00+00,ef0c2451-f7a3-483f-b498-009cff598508,
f2ff6f36-3e66-4c06-9a81-4f4f191750c7,9bead5bd-27cc-4bce-b348-dfdfe52bbcfa,89af7f66-fcf6-4ede-85ce-97818d8ee5e5,expense,15000.00,potong rambut,2026-05-08,2026-05-08 12:41:00+00,1b52f4eb-1774-4bbf-9d75-2f22061418c0,
f3175c2e-19e3-4b4a-9277-80ab1da2a1bc,9bead5bd-27cc-4bce-b348-dfdfe52bbcfa,,transfer,17000.00,-,2025-07-30,2025-07-30 20:30:00+00,1b52f4eb-1774-4bbf-9d75-2f22061418c0,82d51ed1-5076-450e-8ae1-4bbe92cec701
f33ac0fc-1ef8-4db2-adea-37cda603e3ef,9bead5bd-27cc-4bce-b348-dfdfe52bbcfa,ef5c334f-9678-43a1-a24d-06ddf2ae4336,income,5000.00,-,2025-10-15,2025-10-15 19:07:00+00,d6c2f9dc-62aa-4d66-ae36-b8dd7f048e9c,
f341353c-0fcc-45f4-b09e-319582ee86a8,9bead5bd-27cc-4bce-b348-dfdfe52bbcfa,,transfer,150000.00,-,2025-09-29,2025-09-29 11:31:00+00,ef0c2451-f7a3-483f-b498-009cff598508,d6c2f9dc-62aa-4d66-ae36-b8dd7f048e9c
f38dbad8-5a38-49e8-a625-74a5f612d8d4,9bead5bd-27cc-4bce-b348-dfdfe52bbcfa,04bbb778-c16c-48b3-86d6-e5bceea67e4d,expense,15000.00,,2026-05-12,2026-05-12 16:06:00+00,ef0c2451-f7a3-483f-b498-009cff598508,
f3b584aa-168d-472b-b974-e619d35948e7,9bead5bd-27cc-4bce-b348-dfdfe52bbcfa,3d15abb3-b62b-4772-b093-5880019049e3,expense,22500.00,galon,2025-03-05,2025-03-05 20:10:00+00,1b52f4eb-1774-4bbf-9d75-2f22061418c0,
f3bea1b2-3c98-40c6-b0f9-91b801df37a4,9bead5bd-27cc-4bce-b348-dfdfe52bbcfa,9e8d127f-fba2-437a-b77c-7f1f0074cf2a,expense,10000.00,,2026-04-15,2026-04-15 07:51:00+00,ef0c2451-f7a3-483f-b498-009cff598508,
f3ce2cd4-1c0b-4b07-acf4-57de33cf9c13,9bead5bd-27cc-4bce-b348-dfdfe52bbcfa,04bbb778-c16c-48b3-86d6-e5bceea67e4d,expense,7000.00,,2026-05-19,2026-05-19 22:15:00+00,5d613a77-a05e-464c-ae45-0d5540681ac7,
f3cec922-0dae-46e4-bc9c-073cc5e8c4bc,9bead5bd-27cc-4bce-b348-dfdfe52bbcfa,c363bb9a-e1c1-4485-a21b-d5cb69be8ac5,expense,20000.00,-,2025-12-10,2025-12-10 07:29:00+00,ef0c2451-f7a3-483f-b498-009cff598508,
f3f2bdf3-6df5-4523-ac31-6494946ae28f,9bead5bd-27cc-4bce-b348-dfdfe52bbcfa,c2fa641c-c10c-46ea-a69b-e2e8fab6d2ef,expense,15000.00,,2026-04-26,2026-04-26 11:42:00+00,ef0c2451-f7a3-483f-b498-009cff598508,
f3fc26c7-3b3d-45b4-9431-1bc359355016,9bead5bd-27cc-4bce-b348-dfdfe52bbcfa,9e8d127f-fba2-437a-b77c-7f1f0074cf2a,expense,20000.00,,2026-04-23,2026-04-23 18:28:00+00,ef0c2451-f7a3-483f-b498-009cff598508,
f4169cba-d734-4278-88b0-8c2eedc10880,9bead5bd-27cc-4bce-b348-dfdfe52bbcfa,9e8d127f-fba2-437a-b77c-7f1f0074cf2a,expense,29559.00,,2026-04-02,2026-04-02 18:14:00+00,ef0c2451-f7a3-483f-b498-009cff598508,
f42915cd-52eb-4241-a15b-fbf15c646412,9bead5bd-27cc-4bce-b348-dfdfe52bbcfa,,transfer,150000.00,-,2025-11-22,2025-11-22 22:42:00+00,ef945642-f8b2-43e7-8f16-1dfdf9802e69,5d613a77-a05e-464c-ae45-0d5540681ac7
f42e88b1-0fc2-4cbe-9242-8bf8a1a80a7b,9bead5bd-27cc-4bce-b348-dfdfe52bbcfa,,transfer,9000.00,,2026-06-12,2026-06-12 13:58:00+00,5d613a77-a05e-464c-ae45-0d5540681ac7,82d51ed1-5076-450e-8ae1-4bbe92cec701
f4535ec2-dde4-48c6-851e-31e949c03b12,9bead5bd-27cc-4bce-b348-dfdfe52bbcfa,3d15abb3-b62b-4772-b093-5880019049e3,expense,24100.00,,2026-06-03,2026-06-03 12:59:00+00,ef0c2451-f7a3-483f-b498-009cff598508,
f45d4fe1-b768-4275-86d1-ced0a5419153,9bead5bd-27cc-4bce-b348-dfdfe52bbcfa,04bbb778-c16c-48b3-86d6-e5bceea67e4d,expense,24000.00,,2026-07-14,2026-07-14 12:38:00+00,ef0c2451-f7a3-483f-b498-009cff598508,
f4651cd1-afdb-4348-8053-90ab3f37df8c,9bead5bd-27cc-4bce-b348-dfdfe52bbcfa,,income,134000.00,Penyesuaian Saldo Awal - Cash,2025-01-01,2025-01-01 00:00:00+00,1b52f4eb-1774-4bbf-9d75-2f22061418c0,
f473348b-7ad5-4416-8dea-8e13a3ae9136,9bead5bd-27cc-4bce-b348-dfdfe52bbcfa,9e8d127f-fba2-437a-b77c-7f1f0074cf2a,expense,26900.00,-,2025-05-28,2025-05-28 07:59:00+00,d6c2f9dc-62aa-4d66-ae36-b8dd7f048e9c,
f487c08f-831b-4102-a16f-06e4386d19be,9bead5bd-27cc-4bce-b348-dfdfe52bbcfa,861e04d0-951b-45e5-bf64-e0aecaf43eb7,expense,5000.00,print,2025-01-08,2025-01-08 11:45:00+00,1b52f4eb-1774-4bbf-9d75-2f22061418c0,
f4dd4bff-7a05-4426-b83e-846562f8dff9,9bead5bd-27cc-4bce-b348-dfdfe52bbcfa,a95286ad-558f-456c-a43e-791b6bee7426,expense,24900.00,Tend lamp,2025-04-24,2025-04-24 14:26:00+00,d6c2f9dc-62aa-4d66-ae36-b8dd7f048e9c,
f4e9d046-1619-4acb-a273-fb644798f750,9bead5bd-27cc-4bce-b348-dfdfe52bbcfa,9e8d127f-fba2-437a-b77c-7f1f0074cf2a,expense,34125.00,-,2025-10-06,2025-10-06 12:10:00+00,d6c2f9dc-62aa-4d66-ae36-b8dd7f048e9c,
f4ff478c-acaa-4b7d-8703-de0f71c917f3,9bead5bd-27cc-4bce-b348-dfdfe52bbcfa,89af7f66-fcf6-4ede-85ce-97818d8ee5e5,expense,24300.00,body wash,2026-09-03,2026-09-03 03:32:00+00,d6c2f9dc-62aa-4d66-ae36-b8dd7f048e9c,
f52cb28c-cec2-4e0b-b211-8b87eb03fe97,9bead5bd-27cc-4bce-b348-dfdfe52bbcfa,c363bb9a-e1c1-4485-a21b-d5cb69be8ac5,expense,25000.00,,2026-01-12,2026-01-12 11:52:00+00,ef0c2451-f7a3-483f-b498-009cff598508,
f533e5ce-20bb-4ba3-8bf2-24a52bceefef,9bead5bd-27cc-4bce-b348-dfdfe52bbcfa,,transfer,100000.00,-,2025-12-20,2025-12-20 18:54:00+00,ef0c2451-f7a3-483f-b498-009cff598508,1b52f4eb-1774-4bbf-9d75-2f22061418c0
f54488b7-8937-42a3-add1-6224dadda605,9bead5bd-27cc-4bce-b348-dfdfe52bbcfa,,transfer,100000.00,,2026-06-20,2026-06-20 10:39:00+00,474b878e-ac87-4a17-b5ea-e104268d14dd,ef945642-f8b2-43e7-8f16-1dfdf9802e69
f578065d-5c96-43a7-9043-3755c6dd2b49,9bead5bd-27cc-4bce-b348-dfdfe52bbcfa,9e8d127f-fba2-437a-b77c-7f1f0074cf2a,expense,12000.00,-,2025-07-30,2025-07-30 15:24:00+00,1b52f4eb-1774-4bbf-9d75-2f22061418c0,
f581cfae-9392-47ac-85ca-b179ba750fec,9bead5bd-27cc-4bce-b348-dfdfe52bbcfa,c7abc874-efb2-4281-a6cb-6f241da98254,income,20643.00,,2026-01-28,2026-01-28 04:53:00+00,5d613a77-a05e-464c-ae45-0d5540681ac7,
f5cd98c2-e402-407c-adf9-cb09742e24a6,9bead5bd-27cc-4bce-b348-dfdfe52bbcfa,3d15abb3-b62b-4772-b093-5880019049e3,expense,21500.00,galon,2025-07-07,2025-07-07 15:03:00+00,1b52f4eb-1774-4bbf-9d75-2f22061418c0,
f5f9cc3e-6b41-4798-a670-2f0b7ace80a9,9bead5bd-27cc-4bce-b348-dfdfe52bbcfa,c363bb9a-e1c1-4485-a21b-d5cb69be8ac5,expense,50000.00,,2026-05-01,2026-05-01 11:22:00+00,1b52f4eb-1774-4bbf-9d75-2f22061418c0,
f61128d8-924f-45e1-aebd-1689a24379d2,9bead5bd-27cc-4bce-b348-dfdfe52bbcfa,,transfer,19200.00,,2026-06-09,2026-06-09 05:41:00+00,d6c2f9dc-62aa-4d66-ae36-b8dd7f048e9c,ef0c2451-f7a3-483f-b498-009cff598508
f62e9b2b-9c70-4c86-bc62-dc807af34313,9bead5bd-27cc-4bce-b348-dfdfe52bbcfa,04d94b74-503f-4e20-b426-649acd17779d,expense,25000.00,,2026-07-09,2026-07-09 13:02:00+00,ef0c2451-f7a3-483f-b498-009cff598508,
f633b08f-710f-4514-aa2a-db9dc84d12b1,9bead5bd-27cc-4bce-b348-dfdfe52bbcfa,,transfer,8000.00,-,2025-09-24,2025-09-24 20:02:00+00,ef0c2451-f7a3-483f-b498-009cff598508,82d51ed1-5076-450e-8ae1-4bbe92cec701
f66a2943-3d93-4f79-ad0c-d869ae706cd7,9bead5bd-27cc-4bce-b348-dfdfe52bbcfa,9e8d127f-fba2-437a-b77c-7f1f0074cf2a,expense,13000.00,-,2025-10-10,2025-10-10 17:12:00+00,1b52f4eb-1774-4bbf-9d75-2f22061418c0,
f673e5dd-3919-4501-a40e-0d82730a1b92,9bead5bd-27cc-4bce-b348-dfdfe52bbcfa,9e8d127f-fba2-437a-b77c-7f1f0074cf2a,expense,6300.00,,2026-04-02,2026-04-02 12:16:00+00,ef0c2451-f7a3-483f-b498-009cff598508,
f67ffcec-6fa2-4cba-9b4e-4da83f973358,9bead5bd-27cc-4bce-b348-dfdfe52bbcfa,ef5c334f-9678-43a1-a24d-06ddf2ae4336,expense,5000.00,-,2025-07-21,2025-07-21 10:50:00+00,1b52f4eb-1774-4bbf-9d75-2f22061418c0,
f6898821-21a1-40a9-9be6-27ec8b106034,9bead5bd-27cc-4bce-b348-dfdfe52bbcfa,69cbbe19-e8fa-45c5-a250-77fd8aa3d98e,expense,45000.00,wifi,2025-02-20,2025-02-20 10:19:00+00,d6c2f9dc-62aa-4d66-ae36-b8dd7f048e9c,
f68f21b7-1006-4a0b-b083-6b6b91245a76,9bead5bd-27cc-4bce-b348-dfdfe52bbcfa,9e8d127f-fba2-437a-b77c-7f1f0074cf2a,expense,10000.00,-,2025-11-18,2025-11-18 22:15:00+00,ef945642-f8b2-43e7-8f16-1dfdf9802e69,
f6ba2fb3-d735-40ff-9066-df99bf40e4fb,9bead5bd-27cc-4bce-b348-dfdfe52bbcfa,c363bb9a-e1c1-4485-a21b-d5cb69be8ac5,expense,50000.00,,2026-06-08,2026-06-08 11:54:00+00,1b52f4eb-1774-4bbf-9d75-2f22061418c0,
f6ca14db-971c-4191-86ff-aae5fd165b53,9bead5bd-27cc-4bce-b348-dfdfe52bbcfa,06c4dac0-5cd5-43ae-aeab-bd0ac041116b,expense,6000.00,nitrogen,2025-01-30,2025-01-30 22:39:00+00,1b52f4eb-1774-4bbf-9d75-2f22061418c0,
f6fee7af-87cd-4248-83e9-023b91b7205b,9bead5bd-27cc-4bce-b348-dfdfe52bbcfa,,transfer,20000.00,,2026-04-30,2026-04-30 11:24:00+00,1b52f4eb-1774-4bbf-9d75-2f22061418c0,ef0c2451-f7a3-483f-b498-009cff598508
f762766d-8881-4c31-a257-2b114b8dd8c2,9bead5bd-27cc-4bce-b348-dfdfe52bbcfa,3d15abb3-b62b-4772-b093-5880019049e3,expense,11000.00,jus,2026-04-15,2026-04-15 18:52:00+00,ef0c2451-f7a3-483f-b498-009cff598508,
f78d3e55-4d1d-4dcf-a188-1d77b4a26833,9bead5bd-27cc-4bce-b348-dfdfe52bbcfa,3dfd2937-650e-4dfa-aa82-1532855306a0,expense,10000.00,-,2025-03-08,2025-03-08 18:06:00+00,1b52f4eb-1774-4bbf-9d75-2f22061418c0,
f7babde4-2b24-4c84-998d-f1d20d82a74b,9bead5bd-27cc-4bce-b348-dfdfe52bbcfa,73a6b95b-efdb-4afd-bda5-2a6aedd82af4,expense,49325.00,Sandal,2025-03-23,2025-03-23 14:46:00+00,d6c2f9dc-62aa-4d66-ae36-b8dd7f048e9c,
f7badc2e-8185-45cb-a7a2-457feab330eb,9bead5bd-27cc-4bce-b348-dfdfe52bbcfa,,transfer,20000.00,-,2025-08-24,2025-08-24 20:22:00+00,ef0c2451-f7a3-483f-b498-009cff598508,82d51ed1-5076-450e-8ae1-4bbe92cec701
f7c09a25-80e8-479c-9711-47a97addb503,9bead5bd-27cc-4bce-b348-dfdfe52bbcfa,c363bb9a-e1c1-4485-a21b-d5cb69be8ac5,expense,25000.00,-,2025-12-12,2025-12-12 11:03:00+00,ef0c2451-f7a3-483f-b498-009cff598508,
f7d94fae-45e4-4798-8c39-e5451d9d64dc,9bead5bd-27cc-4bce-b348-dfdfe52bbcfa,4cc387d6-39b2-4734-9cf8-c0f2c3e66205,income,1500000.00,-,2025-09-21,2025-09-21 05:31:00+00,d6c2f9dc-62aa-4d66-ae36-b8dd7f048e9c,
f7fedc0f-8780-4bbc-b813-b987e43f44ff,9bead5bd-27cc-4bce-b348-dfdfe52bbcfa,c363bb9a-e1c1-4485-a21b-d5cb69be8ac5,expense,30000.00,-,2025-04-05,2025-04-05 07:24:00+00,1b52f4eb-1774-4bbf-9d75-2f22061418c0,
f801efe0-e539-45f6-bfaf-5951314e7afb,9bead5bd-27cc-4bce-b348-dfdfe52bbcfa,9e8d127f-fba2-437a-b77c-7f1f0074cf2a,expense,14800.00,-,2025-08-15,2025-08-15 11:33:00+00,d6c2f9dc-62aa-4d66-ae36-b8dd7f048e9c,
f83d89d5-859d-4a1b-817f-53a7c2c936aa,9bead5bd-27cc-4bce-b348-dfdfe52bbcfa,ffea2dd4-8c8d-4442-a93a-c4cee0ccee55,expense,24500.00,,2026-08-25,2026-08-25 06:27:00+00,d6c2f9dc-62aa-4d66-ae36-b8dd7f048e9c,
f84d9e64-09e3-4f20-ae75-690bd5575c25,9bead5bd-27cc-4bce-b348-dfdfe52bbcfa,c2fa641c-c10c-46ea-a69b-e2e8fab6d2ef,expense,15000.00,,2026-06-26,2026-06-26 08:59:00+00,ef0c2451-f7a3-483f-b498-009cff598508,
f864b3c1-9e29-4878-a1ab-a73e661b946e,9bead5bd-27cc-4bce-b348-dfdfe52bbcfa,9e8d127f-fba2-437a-b77c-7f1f0074cf2a,expense,12000.00,-,2025-01-29,2025-01-29 22:54:00+00,1b52f4eb-1774-4bbf-9d75-2f22061418c0,
f865d099-dfed-4020-9ea6-7c50cc34d768,9bead5bd-27cc-4bce-b348-dfdfe52bbcfa,a729f02d-cd4d-4ee1-98fb-56147ad0f773,income,3736101.00,,2026-02-23,2026-02-23 11:28:00+00,ef0c2451-f7a3-483f-b498-009cff598508,
f882f6f6-bf4d-4ef9-bbdc-09d7eeb52d1d,9bead5bd-27cc-4bce-b348-dfdfe52bbcfa,e53b2a49-3ff8-4f1c-b16f-7e4eb7057130,expense,5000.00,,2026-02-21,2026-02-21 19:17:00+00,1b52f4eb-1774-4bbf-9d75-2f22061418c0,
f88c53d6-60ce-4dc2-9349-746d08eb54de,9bead5bd-27cc-4bce-b348-dfdfe52bbcfa,,transfer,110000.00,-,2025-01-23,2025-01-23 17:53:00+00,1db96cc4-753b-4ea9-bdf5-9cf9c71fb00b,1b52f4eb-1774-4bbf-9d75-2f22061418c0
f92ebc0d-25a1-4992-a925-d1d73abc3f83,9bead5bd-27cc-4bce-b348-dfdfe52bbcfa,9e8d127f-fba2-437a-b77c-7f1f0074cf2a,expense,15000.00,-,2025-03-03,2025-03-03 23:47:00+00,1b52f4eb-1774-4bbf-9d75-2f22061418c0,
f933c8b8-c895-42a5-8dac-fb4743b9a095,9bead5bd-27cc-4bce-b348-dfdfe52bbcfa,417ffb54-8c5d-49a6-90bd-9748bb065b43,expense,16000.00,-,2025-12-25,2025-12-25 13:41:00+00,ef0c2451-f7a3-483f-b498-009cff598508,
f93dbf6c-79ee-42e8-a7b1-42a093efd013,9bead5bd-27cc-4bce-b348-dfdfe52bbcfa,c363bb9a-e1c1-4485-a21b-d5cb69be8ac5,expense,20000.00,,2026-04-18,2026-04-18 19:50:00+00,1b52f4eb-1774-4bbf-9d75-2f22061418c0,
f9432f03-b1c1-4f02-8940-308b5291776c,9bead5bd-27cc-4bce-b348-dfdfe52bbcfa,417ffb54-8c5d-49a6-90bd-9748bb065b43,expense,8000.00,,2026-05-23,2026-05-23 17:45:00+00,ef0c2451-f7a3-483f-b498-009cff598508,
f98c3587-7f53-46ee-a5a3-8ffb0caa73eb,9bead5bd-27cc-4bce-b348-dfdfe52bbcfa,3dfd2937-650e-4dfa-aa82-1532855306a0,expense,14000.00,cofee,2025-04-16,2025-04-16 21:02:00+00,1b52f4eb-1774-4bbf-9d75-2f22061418c0,
f98f473e-0b88-45d8-b13a-0a3c7c853cb0,9bead5bd-27cc-4bce-b348-dfdfe52bbcfa,73a6b95b-efdb-4afd-bda5-2a6aedd82af4,expense,10000.00,potram,2025-02-22,2025-02-22 12:14:00+00,1b52f4eb-1774-4bbf-9d75-2f22061418c0,
f994b075-90ff-47c0-8ec1-d53c7e6b39b6,9bead5bd-27cc-4bce-b348-dfdfe52bbcfa,,transfer,200000.00,-,2025-05-25,2025-05-25 12:18:00+00,ef0c2451-f7a3-483f-b498-009cff598508,1b52f4eb-1774-4bbf-9d75-2f22061418c0
f9955abe-e667-4004-a4e0-736483eb6402,9bead5bd-27cc-4bce-b348-dfdfe52bbcfa,,transfer,28000.00,-,2025-11-18,2025-11-18 06:14:00+00,ef945642-f8b2-43e7-8f16-1dfdf9802e69,d6c2f9dc-62aa-4d66-ae36-b8dd7f048e9c
f9d1d1f2-1f78-4dbd-abe9-6d2ed654b79f,9bead5bd-27cc-4bce-b348-dfdfe52bbcfa,,transfer,100000.00,,2026-08-18,2026-08-18 14:48:00+00,ef945642-f8b2-43e7-8f16-1dfdf9802e69,d6c2f9dc-62aa-4d66-ae36-b8dd7f048e9c
f9e2ee30-71e8-4f33-81d8-9f947ca23def,9bead5bd-27cc-4bce-b348-dfdfe52bbcfa,3d15abb3-b62b-4772-b093-5880019049e3,expense,3900.00,,2026-06-08,2026-06-08 18:55:00+00,ef0c2451-f7a3-483f-b498-009cff598508,
f9e31801-e90b-4e4c-9086-2f0a97dbb39b,9bead5bd-27cc-4bce-b348-dfdfe52bbcfa,,transfer,43000.00,-,2025-10-31,2025-10-31 09:30:00+00,ef0c2451-f7a3-483f-b498-009cff598508,d6c2f9dc-62aa-4d66-ae36-b8dd7f048e9c
f9e750dd-2261-4aec-81bb-8f57f93f9563,9bead5bd-27cc-4bce-b348-dfdfe52bbcfa,9e8d127f-fba2-437a-b77c-7f1f0074cf2a,expense,12000.00,,2026-01-29,2026-01-29 13:57:00+00,ef0c2451-f7a3-483f-b498-009cff598508,
f9f11341-d879-4ce2-ac9c-8a44809eda93,9bead5bd-27cc-4bce-b348-dfdfe52bbcfa,,income,82000.00,Koreksi saldo,2026-01-01,2026-01-01 00:00:00+00,1b52f4eb-1774-4bbf-9d75-2f22061418c0,
f9f71be1-7ac4-4571-8157-2c5dff00eeaf,9bead5bd-27cc-4bce-b348-dfdfe52bbcfa,c2fa641c-c10c-46ea-a69b-e2e8fab6d2ef,expense,15000.00,,2026-05-24,2026-05-24 17:46:00+00,ef0c2451-f7a3-483f-b498-009cff598508,
fa0d378e-b5ad-44ca-95bb-d84e48d9abdd,9bead5bd-27cc-4bce-b348-dfdfe52bbcfa,3d15abb3-b62b-4772-b093-5880019049e3,expense,21500.00,,2026-05-05,2026-05-05 15:15:00+00,ef0c2451-f7a3-483f-b498-009cff598508,
fa0d7e2e-6884-4926-99ff-fcacd305b87d,9bead5bd-27cc-4bce-b348-dfdfe52bbcfa,e53b2a49-3ff8-4f1c-b16f-7e4eb7057130,expense,4000.00,-,2025-07-08,2025-07-08 19:58:00+00,1b52f4eb-1774-4bbf-9d75-2f22061418c0,
fa11769d-e6aa-4277-9b3a-81f7d997c272,9bead5bd-27cc-4bce-b348-dfdfe52bbcfa,69cbbe19-e8fa-45c5-a250-77fd8aa3d98e,expense,52000.00,wifi,2026-05-24,2026-05-24 17:45:00+00,5d613a77-a05e-464c-ae45-0d5540681ac7,
fa121da2-e728-4660-9c2b-89e84f6d50ec,9bead5bd-27cc-4bce-b348-dfdfe52bbcfa,,transfer,250000.00,-,2025-07-14,2025-07-14 18:23:00+00,ef0c2451-f7a3-483f-b498-009cff598508,1b52f4eb-1774-4bbf-9d75-2f22061418c0
fa2a3a05-81de-45cd-a72f-c9b123e39b81,9bead5bd-27cc-4bce-b348-dfdfe52bbcfa,04d94b74-503f-4e20-b426-649acd17779d,expense,61250.00,Kado ultah,2025-06-29,2025-06-29 10:37:00+00,ef0c2451-f7a3-483f-b498-009cff598508,
fa2e0294-fdc8-40c1-8913-8487e7947d11,9bead5bd-27cc-4bce-b348-dfdfe52bbcfa,,transfer,10000000.00,,2026-03-02,2026-03-02 21:05:00+00,5d613a77-a05e-464c-ae45-0d5540681ac7,d1d65a47-79be-472a-8e7c-191ddef21252
fa462305-f915-4970-84eb-e4eaa0bb64e2,9bead5bd-27cc-4bce-b348-dfdfe52bbcfa,04d94b74-503f-4e20-b426-649acd17779d,expense,48300.00,gift yudisium book,2025-01-23,2025-01-23 21:00:00+00,ef0c2451-f7a3-483f-b498-009cff598508,
fa6ae5d6-2781-41a6-8729-4da42736c144,9bead5bd-27cc-4bce-b348-dfdfe52bbcfa,9eb96490-908d-4d01-bf88-5590e81f2e65,income,70000.00,joki,2025-01-09,2025-01-09 22:56:00+00,1db96cc4-753b-4ea9-bdf5-9cf9c71fb00b,
fa7798d9-3ed5-4db2-9eb8-9d64a035592d,9bead5bd-27cc-4bce-b348-dfdfe52bbcfa,f37df41e-f249-4312-886a-c27968ccb934,expense,25000.00,Kerugian Piutang,2025-01-13,2025-01-13 04:46:00+00,1db96cc4-753b-4ea9-bdf5-9cf9c71fb00b,
fa7823f2-b512-4b93-bbb6-b88c7ffcf2d2,9bead5bd-27cc-4bce-b348-dfdfe52bbcfa,9e8d127f-fba2-437a-b77c-7f1f0074cf2a,expense,25000.00,makanan,2025-05-28,2025-05-28 20:22:00+00,d6c2f9dc-62aa-4d66-ae36-b8dd7f048e9c,
fa7e1ec8-1637-4761-b548-3ad293e5d887,9bead5bd-27cc-4bce-b348-dfdfe52bbcfa,,transfer,200000.00,-,2025-07-06,2025-07-06 10:33:00+00,ef0c2451-f7a3-483f-b498-009cff598508,d6c2f9dc-62aa-4d66-ae36-b8dd7f048e9c
fa9163b5-c7a0-4b40-8231-8fcadf61860e,9bead5bd-27cc-4bce-b348-dfdfe52bbcfa,c2fa641c-c10c-46ea-a69b-e2e8fab6d2ef,expense,15000.00,-,2025-01-28,2025-01-28 18:21:00+00,1db96cc4-753b-4ea9-bdf5-9cf9c71fb00b,
faaff49e-eac8-4e5b-b02b-7b2a1bd82eba,9bead5bd-27cc-4bce-b348-dfdfe52bbcfa,3dfd2937-650e-4dfa-aa82-1532855306a0,expense,15000.00,tisu + energen,2025-01-27,2025-01-27 20:51:00+00,1b52f4eb-1774-4bbf-9d75-2f22061418c0,
fac3390e-cb52-462c-b144-8ae10d2df3f8,9bead5bd-27cc-4bce-b348-dfdfe52bbcfa,9e8d127f-fba2-437a-b77c-7f1f0074cf2a,expense,25900.00,-,2025-05-21,2025-05-21 09:48:00+00,d6c2f9dc-62aa-4d66-ae36-b8dd7f048e9c,
fad024e1-f851-425b-81f2-969caafa7b27,9bead5bd-27cc-4bce-b348-dfdfe52bbcfa,9e8d127f-fba2-437a-b77c-7f1f0074cf2a,expense,10000.00,-,2025-12-17,2025-12-17 06:16:00+00,ef0c2451-f7a3-483f-b498-009cff598508,
faf56977-e299-4889-a2c9-955b4ecee293,9bead5bd-27cc-4bce-b348-dfdfe52bbcfa,9eb96490-908d-4d01-bf88-5590e81f2e65,income,22500.00,,2026-08-01,2026-08-01 17:52:00+00,ef945642-f8b2-43e7-8f16-1dfdf9802e69,
fb0698f8-8d4c-4cf2-96b8-3008e4b03c61,9bead5bd-27cc-4bce-b348-dfdfe52bbcfa,06c4dac0-5cd5-43ae-aeab-bd0ac041116b,expense,5000.00,,2026-05-12,2026-05-12 18:00:00+00,ef0c2451-f7a3-483f-b498-009cff598508,
fb4886d6-f646-4d09-98f4-82bc6f7cbae5,9bead5bd-27cc-4bce-b348-dfdfe52bbcfa,ef5c334f-9678-43a1-a24d-06ddf2ae4336,expense,500.00,Koreksi saldo,2025-07-31,2025-07-31 11:45:02+00,1db96cc4-753b-4ea9-bdf5-9cf9c71fb00b,
fb9989f2-1367-46c4-aecd-fbd4b8cb1288,9bead5bd-27cc-4bce-b348-dfdfe52bbcfa,9e8d127f-fba2-437a-b77c-7f1f0074cf2a,expense,15050.00,,2026-04-05,2026-04-05 20:11:00+00,d6c2f9dc-62aa-4d66-ae36-b8dd7f048e9c,
fbd0c03e-3e24-418b-ab6b-65605119e58a,9bead5bd-27cc-4bce-b348-dfdfe52bbcfa,e53b2a49-3ff8-4f1c-b16f-7e4eb7057130,expense,2000.00,,2026-05-20,2026-05-20 22:52:00+00,1b52f4eb-1774-4bbf-9d75-2f22061418c0,
fbebc8af-57b8-4098-a2c0-e9c1b697c220,9bead5bd-27cc-4bce-b348-dfdfe52bbcfa,,transfer,7500.00,-,2025-07-16,2025-07-16 19:53:00+00,ef0c2451-f7a3-483f-b498-009cff598508,1b52f4eb-1774-4bbf-9d75-2f22061418c0
fc05cd90-92a9-4555-996a-c5c00238d25e,9bead5bd-27cc-4bce-b348-dfdfe52bbcfa,9e8d127f-fba2-437a-b77c-7f1f0074cf2a,expense,14450.00,-,2025-10-11,2025-10-11 17:28:00+00,d6c2f9dc-62aa-4d66-ae36-b8dd7f048e9c,
fc54c172-e83c-49e6-a774-0b1015f1e12f,9bead5bd-27cc-4bce-b348-dfdfe52bbcfa,ef5c334f-9678-43a1-a24d-06ddf2ae4336,income,163.00,Koreksi saldo,2025-07-05,2025-07-05 18:43:12+00,1db96cc4-753b-4ea9-bdf5-9cf9c71fb00b,
fc7f9390-463d-44b8-b5a1-83edb7b115a1,9bead5bd-27cc-4bce-b348-dfdfe52bbcfa,9eb96490-908d-4d01-bf88-5590e81f2e65,income,500000.00,part time prodi,2025-02-17,2025-02-17 14:50:00+00,1b52f4eb-1774-4bbf-9d75-2f22061418c0,
fc8200b5-4f2a-428f-8540-2af3cfc8e902,9bead5bd-27cc-4bce-b348-dfdfe52bbcfa,c2fa641c-c10c-46ea-a69b-e2e8fab6d2ef,expense,15000.00,-,2025-08-26,2025-08-26 19:22:00+00,1db96cc4-753b-4ea9-bdf5-9cf9c71fb00b,
fc8a6b9b-aac8-4b3f-80de-cbd2fe852497,9bead5bd-27cc-4bce-b348-dfdfe52bbcfa,3d15abb3-b62b-4772-b093-5880019049e3,expense,6000.00,-,2025-11-06,2025-11-06 19:49:00+00,d6c2f9dc-62aa-4d66-ae36-b8dd7f048e9c,
fca00bd1-7e42-43c3-b5f2-53e798cf680c,9bead5bd-27cc-4bce-b348-dfdfe52bbcfa,9e8d127f-fba2-437a-b77c-7f1f0074cf2a,expense,19600.00,-,2025-07-09,2025-07-09 09:29:00+00,d6c2f9dc-62aa-4d66-ae36-b8dd7f048e9c,
fcaa0c2b-d2ee-43e8-b4e9-e5a0add5c8ad,9bead5bd-27cc-4bce-b348-dfdfe52bbcfa,861e04d0-951b-45e5-bf64-e0aecaf43eb7,expense,10000.00,lembar pengesahan,2025-01-23,2025-01-23 16:11:00+00,1b52f4eb-1774-4bbf-9d75-2f22061418c0,
fcb6727e-05b5-4a88-b0a1-d1fce5585b1c,9bead5bd-27cc-4bce-b348-dfdfe52bbcfa,9e8d127f-fba2-437a-b77c-7f1f0074cf2a,expense,13000.00,,2026-01-21,2026-01-21 18:56:00+00,ef0c2451-f7a3-483f-b498-009cff598508,
fcc3d972-44a5-44be-b885-348f9a1a380d,9bead5bd-27cc-4bce-b348-dfdfe52bbcfa,ef5c334f-9678-43a1-a24d-06ddf2ae4336,income,1210.00,Koreksi saldo,2026-06-13,2026-06-13 13:58:24+00,82d51ed1-5076-450e-8ae1-4bbe92cec701,
fcdb73d7-5500-489b-903c-8dd65e620cb8,9bead5bd-27cc-4bce-b348-dfdfe52bbcfa,,transfer,800.00,-,2025-05-04,2025-05-04 13:54:00+00,1db96cc4-753b-4ea9-bdf5-9cf9c71fb00b,ef0c2451-f7a3-483f-b498-009cff598508
fcdd415b-6583-4a91-941f-1ff77eb6fc4f,9bead5bd-27cc-4bce-b348-dfdfe52bbcfa,9e8d127f-fba2-437a-b77c-7f1f0074cf2a,expense,12000.00,-,2025-07-23,2025-07-23 08:19:00+00,1b52f4eb-1774-4bbf-9d75-2f22061418c0,
fd021b7f-9028-4c6a-a0e9-8bdf5b7870a1,9bead5bd-27cc-4bce-b348-dfdfe52bbcfa,c2fa641c-c10c-46ea-a69b-e2e8fab6d2ef,expense,15000.00,-,2025-06-24,2025-06-24 14:08:00+00,1db96cc4-753b-4ea9-bdf5-9cf9c71fb00b,
fd082cac-701b-4fc0-9101-a14d39cacd51,9bead5bd-27cc-4bce-b348-dfdfe52bbcfa,,transfer,100000.00,,2026-01-10,2026-01-10 18:56:00+00,ef0c2451-f7a3-483f-b498-009cff598508,1b52f4eb-1774-4bbf-9d75-2f22061418c0
fd0bc2f8-ccfc-4bac-828c-e3a70387dd68,9bead5bd-27cc-4bce-b348-dfdfe52bbcfa,861e04d0-951b-45e5-bf64-e0aecaf43eb7,expense,10000.00,-,2025-01-18,2025-01-18 20:06:00+00,1b52f4eb-1774-4bbf-9d75-2f22061418c0,
fd23634b-5b3f-4746-9e8f-8a4660260caf,9bead5bd-27cc-4bce-b348-dfdfe52bbcfa,ef5c334f-9678-43a1-a24d-06ddf2ae4336,expense,2650.00,Koreksi saldo,2025-08-23,2025-08-23 06:04:00+00,ef0c2451-f7a3-483f-b498-009cff598508,
fd2f7ea8-f2a9-4bed-8043-d404180b244b,9bead5bd-27cc-4bce-b348-dfdfe52bbcfa,,transfer,200000.00,-,2025-11-22,2025-11-22 15:43:00+00,ef0c2451-f7a3-483f-b498-009cff598508,1b52f4eb-1774-4bbf-9d75-2f22061418c0
fd3a0e42-d794-4abc-bf59-35a6923c2385,9bead5bd-27cc-4bce-b348-dfdfe52bbcfa,,transfer,10065.00,,2026-05-26,2026-05-26 14:21:00+00,ef945642-f8b2-43e7-8f16-1dfdf9802e69,d1d65a47-79be-472a-8e7c-191ddef21252
fd3b6cbb-d74e-4aa9-aa81-2e76c088c911,9bead5bd-27cc-4bce-b348-dfdfe52bbcfa,9e8d127f-fba2-437a-b77c-7f1f0074cf2a,expense,25900.00,-,2025-05-27,2025-05-27 08:43:00+00,d6c2f9dc-62aa-4d66-ae36-b8dd7f048e9c,
fd3d5451-2ba6-428f-bc8b-64e6afce3939,9bead5bd-27cc-4bce-b348-dfdfe52bbcfa,73a6b95b-efdb-4afd-bda5-2a6aedd82af4,expense,16000.00,Ikat pinggang,2025-07-19,2025-07-19 16:31:00+00,1b52f4eb-1774-4bbf-9d75-2f22061418c0,
fd5ef528-2e06-4de0-91e6-213c740c6cb2,9bead5bd-27cc-4bce-b348-dfdfe52bbcfa,9e8d127f-fba2-437a-b77c-7f1f0074cf2a,expense,12000.00,-,2025-12-24,2025-12-24 12:06:00+00,ef0c2451-f7a3-483f-b498-009cff598508,
fd6a4203-5b23-4690-be8e-d8e075c38342,9bead5bd-27cc-4bce-b348-dfdfe52bbcfa,a95286ad-558f-456c-a43e-791b6bee7426,expense,17000.00,,2026-05-31,2026-05-31 22:16:00+00,1b52f4eb-1774-4bbf-9d75-2f22061418c0,
fd80237b-6b16-4b99-9b7c-93553d5ef5fa,9bead5bd-27cc-4bce-b348-dfdfe52bbcfa,69cbbe19-e8fa-45c5-a250-77fd8aa3d98e,expense,51400.00,listrik,2025-03-17,2025-03-17 06:43:00+00,d6c2f9dc-62aa-4d66-ae36-b8dd7f048e9c,
fdc95a3f-3d43-4645-b710-a80724a24234,9bead5bd-27cc-4bce-b348-dfdfe52bbcfa,,transfer,20000.00,,2026-01-13,2026-01-13 19:35:00+00,5d613a77-a05e-464c-ae45-0d5540681ac7,ef0c2451-f7a3-483f-b498-009cff598508
fdd85852-fc04-42fd-ac67-b11732a3ae3d,9bead5bd-27cc-4bce-b348-dfdfe52bbcfa,9e8d127f-fba2-437a-b77c-7f1f0074cf2a,expense,12350.00,,2026-04-05,2026-04-05 10:36:00+00,d6c2f9dc-62aa-4d66-ae36-b8dd7f048e9c,
fe06fbb6-550e-4447-bb5e-ecd29f10f224,9bead5bd-27cc-4bce-b348-dfdfe52bbcfa,,transfer,100000.00,-,2025-06-06,2025-06-06 15:09:00+00,ef0c2451-f7a3-483f-b498-009cff598508,1db96cc4-753b-4ea9-bdf5-9cf9c71fb00b
fe09202e-d55e-4cd9-be25-03168f796860,9bead5bd-27cc-4bce-b348-dfdfe52bbcfa,,transfer,63000.00,-,2025-05-20,2025-05-20 22:34:00+00,ef0c2451-f7a3-483f-b498-009cff598508,1db96cc4-753b-4ea9-bdf5-9cf9c71fb00b
fe17cd3e-5946-418c-bc00-f3941dab8a73,9bead5bd-27cc-4bce-b348-dfdfe52bbcfa,9e8d127f-fba2-437a-b77c-7f1f0074cf2a,expense,29735.00,-,2025-10-07,2025-10-07 13:02:00+00,d6c2f9dc-62aa-4d66-ae36-b8dd7f048e9c,
fe21b22e-4d3d-4f06-9697-43ba8f10d9fc,9bead5bd-27cc-4bce-b348-dfdfe52bbcfa,9e8d127f-fba2-437a-b77c-7f1f0074cf2a,expense,17000.00,-,2025-12-17,2025-12-17 18:51:00+00,ef0c2451-f7a3-483f-b498-009cff598508,
fe26d286-e63d-4a9f-afeb-42c6a7988b09,9bead5bd-27cc-4bce-b348-dfdfe52bbcfa,9e8d127f-fba2-437a-b77c-7f1f0074cf2a,expense,12000.00,,2026-05-14,2026-05-14 08:22:00+00,1b52f4eb-1774-4bbf-9d75-2f22061418c0,
fe3781ca-0c2e-4585-9131-c969f9a319fc,9bead5bd-27cc-4bce-b348-dfdfe52bbcfa,f37df41e-f249-4312-886a-c27968ccb934,expense,3700.00,,2026-08-26,2026-08-26 06:37:00+00,1b52f4eb-1774-4bbf-9d75-2f22061418c0,
fe3fead4-2d6d-4fc6-a61f-a6f12fc0a959,9bead5bd-27cc-4bce-b348-dfdfe52bbcfa,9e8d127f-fba2-437a-b77c-7f1f0074cf2a,expense,15000.00,-,2025-08-21,2025-08-21 18:04:00+00,1b52f4eb-1774-4bbf-9d75-2f22061418c0,
fe556f22-0557-4ac8-afcc-970961151fc7,9bead5bd-27cc-4bce-b348-dfdfe52bbcfa,,transfer,11000.00,,2026-06-26,2026-06-26 08:40:00+00,1b52f4eb-1774-4bbf-9d75-2f22061418c0,ef0c2451-f7a3-483f-b498-009cff598508
fe5872eb-d4d8-4f1f-b028-7dee5077d887,9bead5bd-27cc-4bce-b348-dfdfe52bbcfa,9e8d127f-fba2-437a-b77c-7f1f0074cf2a,expense,24000.00,,2026-05-21,2026-05-21 22:51:00+00,ef0c2451-f7a3-483f-b498-009cff598508,
fe90c5e4-c34c-447f-a36c-bcec61d08c7c,9bead5bd-27cc-4bce-b348-dfdfe52bbcfa,9e8d127f-fba2-437a-b77c-7f1f0074cf2a,expense,14000.00,-,2025-02-17,2025-02-17 11:21:00+00,1b52f4eb-1774-4bbf-9d75-2f22061418c0,
fe98ae65-0cd0-4654-83f5-503644bf9d17,9bead5bd-27cc-4bce-b348-dfdfe52bbcfa,e53b2a49-3ff8-4f1c-b16f-7e4eb7057130,expense,4000.00,,2026-06-10,2026-06-10 17:53:00+00,1b52f4eb-1774-4bbf-9d75-2f22061418c0,
febb1726-21fe-47a1-bc0c-2d7497b04941,9bead5bd-27cc-4bce-b348-dfdfe52bbcfa,c2fa641c-c10c-46ea-a69b-e2e8fab6d2ef,expense,17500.00,,2026-08-17,2026-08-17 19:52:00+00,d6c2f9dc-62aa-4d66-ae36-b8dd7f048e9c,
fec5f6ea-7995-41aa-b633-effdeef74c96,9bead5bd-27cc-4bce-b348-dfdfe52bbcfa,0413cdfe-d251-4bca-bd5f-5d520d7076f6,income,34496.00,Crypto,2025-03-06,2025-03-06 10:24:00+00,ef0c2451-f7a3-483f-b498-009cff598508,
fed749dd-3b6e-41a5-93b9-b4bdca7780ef,9bead5bd-27cc-4bce-b348-dfdfe52bbcfa,c363bb9a-e1c1-4485-a21b-d5cb69be8ac5,expense,50000.00,-,2025-04-05,2025-04-05 15:02:00+00,1b52f4eb-1774-4bbf-9d75-2f22061418c0,
feda86bf-a1ec-4774-9118-517aa1afec0c,9bead5bd-27cc-4bce-b348-dfdfe52bbcfa,3d15abb3-b62b-4772-b093-5880019049e3,expense,21000.00,-,2025-09-27,2025-09-27 19:44:00+00,1b52f4eb-1774-4bbf-9d75-2f22061418c0,
fee68349-bb78-475a-9c37-28bfb622fa3c,9bead5bd-27cc-4bce-b348-dfdfe52bbcfa,,transfer,300000.00,-,2025-04-11,2025-04-11 19:31:00+00,ef0c2451-f7a3-483f-b498-009cff598508,1b52f4eb-1774-4bbf-9d75-2f22061418c0
fefc8304-4fff-4f98-9dc9-e01bc3e96777,9bead5bd-27cc-4bce-b348-dfdfe52bbcfa,e53b2a49-3ff8-4f1c-b16f-7e4eb7057130,expense,6000.00,,2026-04-02,2026-04-02 17:16:00+00,1b52f4eb-1774-4bbf-9d75-2f22061418c0,
ff006f6e-13a2-4bd7-9193-27d1075d4117,9bead5bd-27cc-4bce-b348-dfdfe52bbcfa,9e8d127f-fba2-437a-b77c-7f1f0074cf2a,expense,14108.00,,2026-05-09,2026-05-09 12:42:00+00,d6c2f9dc-62aa-4d66-ae36-b8dd7f048e9c,
ff0dae24-20c2-4c52-8d29-024fb7810b5e,9bead5bd-27cc-4bce-b348-dfdfe52bbcfa,ef5c334f-9678-43a1-a24d-06ddf2ae4336,expense,12000.00,,2026-03-14,2026-03-14 15:09:00+00,ef0c2451-f7a3-483f-b498-009cff598508,
ff1d3f82-ec48-466f-a0f4-47e175192fe3,9bead5bd-27cc-4bce-b348-dfdfe52bbcfa,9e8d127f-fba2-437a-b77c-7f1f0074cf2a,expense,15608.00,,2026-04-21,2026-04-21 08:36:00+00,d6c2f9dc-62aa-4d66-ae36-b8dd7f048e9c,
ff53097b-fd28-4a04-b51f-2c97b4621c02,9bead5bd-27cc-4bce-b348-dfdfe52bbcfa,9e8d127f-fba2-437a-b77c-7f1f0074cf2a,expense,16300.00,-,2025-07-24,2025-07-24 12:17:00+00,d6c2f9dc-62aa-4d66-ae36-b8dd7f048e9c,
ff64c5af-8109-48fc-b66e-47d0df9f897f,9bead5bd-27cc-4bce-b348-dfdfe52bbcfa,3d15abb3-b62b-4772-b093-5880019049e3,expense,6000.00,-,2025-10-29,2025-10-29 13:11:00+00,1b52f4eb-1774-4bbf-9d75-2f22061418c0,
ff77255f-9ed2-4aac-a786-227582ae1152,9bead5bd-27cc-4bce-b348-dfdfe52bbcfa,9e8d127f-fba2-437a-b77c-7f1f0074cf2a,expense,15000.00,-,2025-02-18,2025-02-18 18:39:00+00,1b52f4eb-1774-4bbf-9d75-2f22061418c0,
ff91fbcf-758d-4cc1-a3b3-dd27a1ccfd35,9bead5bd-27cc-4bce-b348-dfdfe52bbcfa,e66badba-dce0-4403-80cf-760a4f913399,expense,1000.00,-,2025-08-03,2025-08-03 00:14:00+00,d6c2f9dc-62aa-4d66-ae36-b8dd7f048e9c,
ff96f050-75e5-466c-87a5-2b097b21036f,9bead5bd-27cc-4bce-b348-dfdfe52bbcfa,9e8d127f-fba2-437a-b77c-7f1f0074cf2a,expense,10000.00,-,2025-12-25,2025-12-25 20:09:00+00,1b52f4eb-1774-4bbf-9d75-2f22061418c0,
ffd7d97f-4e14-4520-bb60-3d598fc1f20a,9bead5bd-27cc-4bce-b348-dfdfe52bbcfa,04bbb778-c16c-48b3-86d6-e5bceea67e4d,expense,19800.00,,2026-05-04,2026-05-04 18:15:00+00,ef0c2451-f7a3-483f-b498-009cff598508,
ffe4ab22-f511-4c80-b7a0-4d2cbd1ddce5,9bead5bd-27cc-4bce-b348-dfdfe52bbcfa,9e8d127f-fba2-437a-b77c-7f1f0074cf2a,expense,13000.00,-,2025-08-23,2025-08-23 19:53:00+00,1b52f4eb-1774-4bbf-9d75-2f22061418c0,
fffe687f-d0dc-4769-9f93-c5ae1d35b5e9,9bead5bd-27cc-4bce-b348-dfdfe52bbcfa,c2fa641c-c10c-46ea-a69b-e2e8fab6d2ef,expense,15000.00,,2026-05-31,2026-05-31 22:19:00+00,ef0c2451-f7a3-483f-b498-009cff598508,